Detected differing memory amounts:
Memory reported by CGroup: 8796093018957.07 MB
Memory reported by /proc/meminfo: 13812.29 MB
Memory reported by Node: 13812.29 MB
You might have inadvertently set the --memory flag of `docker run` to a value that is higher than the global Docker memory limit.
Using the lower amount of memory for calculation.
Bundling 6%
Bundling 12%
Bundling 19%
Bundling 43%
Bundling 64%
Bundling 69%
Bundling 74%
Bundling 80%
Bundling 85%
Bundling 90%
Bundling 95%
Bundling 100%
Getting composition
Detected differing memory amounts:
Memory reported by CGroup: 8796093018358.66 MB
Memory reported by /proc/meminfo: 13168.70 MB
Memory reported by Node: 13168.70 MB
You might have inadvertently set the --memory flag of `docker run` to a value that is higher than the global Docker memory limit.
Using the lower amount of memory for calculation.
Composition          NyV2
Codec                h264
Output               ../out/ny/ny-video.mp4
Concurrency          4x
Detected differing memory amounts:
Memory reported by CGroup: 8796093018396.58 MB
Memory reported by /proc/meminfo: 13184.99 MB
Memory reported by Node: 13184.99 MB
You might have inadvertently set the --memory flag of `docker run` to a value that is higher than the global Docker memory limit.
Using the lower amount of memory for calculation.
Rendered 0/1591
Detected differing memory amounts:
Memory reported by CGroup: 8796093018359.29 MB
Memory reported by /proc/meminfo: 13184.82 MB
Memory reported by Node: 13184.82 MB
You might have inadvertently set the --memory flag of `docker run` to a value that is higher than the global Docker memory limit.
Using the lower amount of memory for calculation.
Detected differing memory amounts:
Memory reported by CGroup: 8796093018343.34 MB
Memory reported by /proc/meminfo: 13186.16 MB
Memory reported by Node: 13186.16 MB
You might have inadvertently set the --memory flag of `docker run` to a value that is higher than the global Docker memory limit.
Using the lower amount of memory for calculation.
Detected differing memory amounts:
Memory reported by CGroup: 8796093018336.76 MB
Memory reported by /proc/meminfo: 13186.88 MB
Memory reported by Node: 13186.88 MB
You might have inadvertently set the --memory flag of `docker run` to a value that is higher than the global Docker memory limit.
Using the lower amount of memory for calculation.
Detected differing memory amounts:
Memory reported by CGroup: 8796093018309.00 MB
Memory reported by /proc/meminfo: 13170.79 MB
Memory reported by Node: 13170.79 MB
You might have inadvertently set the --memory flag of `docker run` to a value that is higher than the global Docker memory limit.
Using the lower amount of memory for calculation.
Rendered 1/1591, time remaining: 9h 2m 20s
Rendered 2/1591, time remaining: 4h 31m 3s
Rendered 3/1591, time remaining: 3h 36s
Rendered 4/1591, time remaining: 2h 18m 58s
Rendered 5/1591, time remaining: 2h 31m 46s
Rendered 6/1591, time remaining: 2h 9m 9s
Rendered 7/1591, time remaining: 1h 50m 38s
Rendered 8/1591, time remaining: 1h 43m 59s
Rendered 9/1591, time remaining: 1h 48m 27s
Rendered 10/1591, time remaining: 1h 39m 1s
Rendered 11/1591, time remaining: 1h 34m 1s
Rendered 12/1591, time remaining: 1h 29m 43s
Rendered 13/1591, time remaining: 1h 29m 51s
Rendered 14/1591, time remaining: 1h 26m 31s
Rendered 14/1591, time remaining: 1h 26m 31s
Rendered 14/1591, time remaining: 1h 26m 31s
Rendered 14/1591, time remaining: 1h 26m 31s
Rendered 14/1591, time remaining: 1h 26m 31s
Rendered 15/1591, time remaining: 1h 24m 34s
Rendered 15/1591, time remaining: 1h 24m 34s
Rendered 15/1591, time remaining: 1h 24m 34s
Rendered 15/1591, time remaining: 1h 24m 34s
Rendered 16/1591, time remaining: 1h 21m 31s
Rendered 16/1591, time remaining: 1h 21m 31s
Rendered 16/1591, time remaining: 1h 21m 31s
Rendered 16/1591, time remaining: 1h 21m 31s
Rendered 16/1591, time remaining: 1h 21m 31s
Rendered 16/1591, time remaining: 1h 21m 31s
Rendered 16/1591, time remaining: 1h 21m 31s
Rendered 16/1591, time remaining: 1h 21m 31s
Rendered 16/1591, time remaining: 1h 21m 31s
Rendered 17/1591, time remaining: 1h 22m 46s
Rendered 17/1591, time remaining: 1h 22m 46s
Rendered 18/1591, time remaining: 1h 19m 12s
Rendered 18/1591, time remaining: 1h 19m 12s
Rendered 18/1591, time remaining: 1h 19m 12s
Rendered 18/1591, time remaining: 1h 19m 12s
Rendered 18/1591, time remaining: 1h 19m 12s
Rendered 18/1591, time remaining: 1h 19m 12s
Rendered 18/1591, time remaining: 1h 19m 12s
Rendered 18/1591, time remaining: 1h 19m 12s
Rendered 18/1591, time remaining: 1h 19m 12s
Rendered 18/1591, time remaining: 1h 19m 12s
Rendered 18/1591, time remaining: 1h 19m 12s
Rendered 18/1591, time remaining: 1h 19m 12s
Rendered 18/1591, time remaining: 1h 19m 12s
Rendered 18/1591, time remaining: 1h 19m 12s
Rendered 18/1591, time remaining: 1h 19m 12s
Rendered 18/1591, time remaining: 1h 19m 12s
Rendered 18/1591, time remaining: 1h 19m 12s
Rendered 18/1591, time remaining: 1h 19m 12s
Rendered 18/1591, time remaining: 1h 19m 12s
Rendered 18/1591, time remaining: 1h 19m 12s
Rendered 19/1591, time remaining: 1h 27m 46s
Rendered 20/1591, time remaining: 1h 23m 20s
Rendered 20/1591, time remaining: 1h 23m 20s
Rendered 20/1591, time remaining: 1h 23m 20s
Rendered 20/1591, time remaining: 1h 23m 20s
Rendered 20/1591, time remaining: 1h 23m 20s
Rendered 21/1591, time remaining: 1h 21m 53s
Rendered 22/1591, time remaining: 1h 18m 9s
Rendered 22/1591, time remaining: 1h 18m 9s
Rendered 22/1591, time remaining: 1h 18m 9s
Rendered 22/1591, time remaining: 1h 18m 9s
Rendered 22/1591, time remaining: 1h 18m 9s
Rendered 22/1591, time remaining: 1h 18m 9s
Rendered 22/1591, time remaining: 1h 18m 9s
Rendered 22/1591, time remaining: 1h 18m 9s
Rendered 22/1591, time remaining: 1h 18m 9s
Rendered 22/1591, time remaining: 1h 18m 9s
Rendered 22/1591, time remaining: 1h 18m 9s
Rendered 22/1591, time remaining: 1h 18m 9s
Rendered 22/1591, time remaining: 1h 18m 9s
Rendered 22/1591, time remaining: 1h 18m 9s
Rendered 22/1591, time remaining: 1h 18m 9s
Rendered 22/1591, time remaining: 1h 18m 9s
Rendered 23/1591, time remaining: 1h 23m 15s
Rendered 24/1591, time remaining: 1h 19m 44s
Rendered 24/1591, time remaining: 1h 19m 44s
Rendered 24/1591, time remaining: 1h 19m 44s
Rendered 24/1591, time remaining: 1h 19m 44s
Rendered 24/1591, time remaining: 1h 19m 44s
Rendered 24/1591, time remaining: 1h 19m 44s
Rendered 24/1591, time remaining: 1h 19m 44s
Rendered 24/1591, time remaining: 1h 19m 44s
Rendered 25/1591, time remaining: 1h 20m 15s
Rendered 26/1591, time remaining: 1h 17m 7s
Rendered 26/1591, time remaining: 1h 17m 7s
Rendered 26/1591, time remaining: 1h 17m 7s
Rendered 26/1591, time remaining: 1h 17m 7s
Rendered 26/1591, time remaining: 1h 17m 7s
Rendered 26/1591, time remaining: 1h 17m 7s
Rendered 26/1591, time remaining: 1h 17m 7s
Rendered 26/1591, time remaining: 1h 17m 7s
Rendered 26/1591, time remaining: 1h 17m 7s
Rendered 27/1591, time remaining: 1h 18m 17s
Rendered 27/1591, time remaining: 1h 18m 17s
Rendered 28/1591, time remaining: 1h 15m 55s
Rendered 28/1591, time remaining: 1h 15m 55s
Rendered 28/1591, time remaining: 1h 15m 55s
Rendered 28/1591, time remaining: 1h 15m 55s
Rendered 28/1591, time remaining: 1h 15m 55s
Rendered 28/1591, time remaining: 1h 15m 55s
Rendered 28/1591, time remaining: 1h 15m 55s
Rendered 28/1591, time remaining: 1h 15m 55s
Rendered 28/1591, time remaining: 1h 15m 55s
Rendered 28/1591, time remaining: 1h 15m 55s
Rendered 28/1591, time remaining: 1h 15m 55s
Rendered 29/1591, time remaining: 1h 17m 38s
Rendered 30/1591, time remaining: 1h 15m 0s
Rendered 30/1591, time remaining: 1h 15m 0s
Rendered 30/1591, time remaining: 1h 15m 0s
Rendered 30/1591, time remaining: 1h 15m 0s
Rendered 30/1591, time remaining: 1h 15m 0s
Rendered 30/1591, time remaining: 1h 15m 0s
Rendered 30/1591, time remaining: 1h 15m 0s
Rendered 30/1591, time remaining: 1h 15m 0s
Rendered 30/1591, time remaining: 1h 15m 0s
Rendered 30/1591, time remaining: 1h 15m 0s
Rendered 31/1591, time remaining: 1h 16m 23s
Rendered 32/1591, time remaining: 1h 13m 58s
Rendered 32/1591, time remaining: 1h 13m 58s
Rendered 32/1591, time remaining: 1h 13m 58s
Rendered 32/1591, time remaining: 1h 13m 58s
Rendered 32/1591, time remaining: 1h 13m 58s
Rendered 32/1591, time remaining: 1h 13m 58s
Rendered 32/1591, time remaining: 1h 13m 58s
Rendered 32/1591, time remaining: 1h 13m 58s
Rendered 32/1591, time remaining: 1h 13m 58s
Rendered 32/1591, time remaining: 1h 13m 58s
Rendered 32/1591, time remaining: 1h 13m 58s
Rendered 32/1591, time remaining: 1h 13m 58s
Rendered 32/1591, time remaining: 1h 13m 58s
Rendered 32/1591, time remaining: 1h 13m 58s
Rendered 32/1591, time remaining: 1h 13m 58s
Rendered 32/1591, time remaining: 1h 13m 58s
Rendered 32/1591, time remaining: 1h 13m 58s
Rendered 33/1591, time remaining: 1h 17m 55s
Rendered 34/1591, time remaining: 1h 15m 34s
Rendered 34/1591, time remaining: 1h 15m 34s
Rendered 35/1591, time remaining: 1h 13m 50s
Rendered 35/1591, time remaining: 1h 13m 50s
Rendered 35/1591, time remaining: 1h 13m 50s
Rendered 35/1591, time remaining: 1h 13m 50s
Rendered 35/1591, time remaining: 1h 13m 50s
Rendered 35/1591, time remaining: 1h 13m 50s
Rendered 35/1591, time remaining: 1h 13m 50s
Rendered 36/1591, time remaining: 1h 13m 46s
Rendered 36/1591, time remaining: 1h 13m 46s
Rendered 36/1591, time remaining: 1h 13m 46s
Rendered 36/1591, time remaining: 1h 13m 46s
Rendered 36/1591, time remaining: 1h 13m 46s
Rendered 36/1591, time remaining: 1h 13m 46s
Rendered 36/1591, time remaining: 1h 13m 46s
Rendered 36/1591, time remaining: 1h 13m 46s
Rendered 36/1591, time remaining: 1h 13m 46s
Rendered 36/1591, time remaining: 1h 13m 46s
Rendered 36/1591, time remaining: 1h 13m 46s
Rendered 37/1591, time remaining: 1h 15m 17s
Rendered 37/1591, time remaining: 1h 15m 17s
Rendered 37/1591, time remaining: 1h 15m 17s
Rendered 37/1591, time remaining: 1h 15m 17s
Rendered 37/1591, time remaining: 1h 15m 17s
Rendered 37/1591, time remaining: 1h 15m 17s
Rendered 38/1591, time remaining: 1h 14m 48s
Rendered 39/1591, time remaining: 1h 12m 51s
Rendered 39/1591, time remaining: 1h 12m 51s
Rendered 39/1591, time remaining: 1h 12m 51s
Rendered 40/1591, time remaining: 1h 11m 41s
Rendered 40/1591, time remaining: 1h 11m 41s
Rendered 40/1591, time remaining: 1h 11m 41s
Rendered 40/1591, time remaining: 1h 11m 41s
Rendered 40/1591, time remaining: 1h 11m 41s
Rendered 40/1591, time remaining: 1h 11m 41s
Rendered 40/1591, time remaining: 1h 11m 41s
Rendered 40/1591, time remaining: 1h 11m 41s
Rendered 40/1591, time remaining: 1h 11m 41s
Rendered 40/1591, time remaining: 1h 11m 41s
Rendered 40/1591, time remaining: 1h 11m 41s
Rendered 40/1591, time remaining: 1h 11m 41s
Rendered 41/1591, time remaining: 1h 13m 17s
Rendered 41/1591, time remaining: 1h 13m 17s
Rendered 41/1591, time remaining: 1h 13m 17s
Rendered 41/1591, time remaining: 1h 13m 17s
Rendered 41/1591, time remaining: 1h 13m 17s
Rendered 42/1591, time remaining: 1h 12m 54s
Rendered 42/1591, time remaining: 1h 12m 54s
Rendered 43/1591, time remaining: 1h 11m 29s
Rendered 43/1591, time remaining: 1h 11m 29s
Rendered 43/1591, time remaining: 1h 11m 29s
Rendered 43/1591, time remaining: 1h 11m 29s
Rendered 44/1591, time remaining: 1h 10m 39s
Rendered 44/1591, time remaining: 1h 10m 39s
Rendered 44/1591, time remaining: 1h 10m 39s
Rendered 44/1591, time remaining: 1h 10m 39s
Rendered 44/1591, time remaining: 1h 10m 39s
Rendered 44/1591, time remaining: 1h 10m 39s
Rendered 44/1591, time remaining: 1h 10m 39s
Rendered 44/1591, time remaining: 1h 10m 39s
Rendered 45/1591, time remaining: 1h 10m 59s
Rendered 45/1591, time remaining: 1h 10m 59s
Rendered 45/1591, time remaining: 1h 10m 59s
Rendered 45/1591, time remaining: 1h 10m 59s
Rendered 45/1591, time remaining: 1h 10m 59s
Rendered 45/1591, time remaining: 1h 10m 59s
Rendered 45/1591, time remaining: 1h 10m 59s
Rendered 45/1591, time remaining: 1h 10m 59s
Rendered 45/1591, time remaining: 1h 10m 59s
Rendered 45/1591, time remaining: 1h 10m 59s
Rendered 45/1591, time remaining: 1h 10m 59s
Rendered 45/1591, time remaining: 1h 10m 59s
Rendered 45/1591, time remaining: 1h 10m 59s
Rendered 45/1591, time remaining: 1h 10m 59s
Rendered 45/1591, time remaining: 1h 10m 59s
Rendered 45/1591, time remaining: 1h 10m 59s
Rendered 45/1591, time remaining: 1h 10m 59s
Rendered 45/1591, time remaining: 1h 10m 59s
Rendered 46/1591, time remaining: 1h 14m 18s
Rendered 47/1591, time remaining: 1h 12m 40s
Rendered 48/1591, time remaining: 1h 11m 7s
Rendered 48/1591, time remaining: 1h 11m 7s
Rendered 48/1591, time remaining: 1h 11m 7s
Rendered 49/1591, time remaining: 1h 10m 3s
Rendered 49/1591, time remaining: 1h 10m 3s
Rendered 49/1591, time remaining: 1h 10m 3s
Rendered 49/1591, time remaining: 1h 10m 3s
Rendered 49/1591, time remaining: 1h 10m 3s
Rendered 49/1591, time remaining: 1h 10m 3s
Rendered 49/1591, time remaining: 1h 10m 3s
Rendered 49/1591, time remaining: 1h 10m 3s
Rendered 49/1591, time remaining: 1h 10m 3s
Rendered 49/1591, time remaining: 1h 10m 3s
Rendered 49/1591, time remaining: 1h 10m 3s
Rendered 49/1591, time remaining: 1h 10m 3s
Rendered 49/1591, time remaining: 1h 10m 3s
Rendered 49/1591, time remaining: 1h 10m 3s
Rendered 49/1591, time remaining: 1h 10m 3s
Rendered 49/1591, time remaining: 1h 10m 3s
Rendered 49/1591, time remaining: 1h 10m 3s
Rendered 49/1591, time remaining: 1h 10m 3s
Rendered 49/1591, time remaining: 1h 10m 3s
Rendered 49/1591, time remaining: 1h 10m 3s
Rendered 49/1591, time remaining: 1h 10m 3s
Rendered 49/1591, time remaining: 1h 10m 3s
Rendered 49/1591, time remaining: 1h 10m 3s
Rendered 50/1591, time remaining: 1h 14m 15s
Rendered 51/1591, time remaining: 1h 12m 46s
Rendered 52/1591, time remaining: 1h 11m 20s
Rendered 53/1591, time remaining: 1h 9m 56s
Rendered 53/1591, time remaining: 1h 9m 56s
Rendered 53/1591, time remaining: 1h 9m 56s
Rendered 53/1591, time remaining: 1h 9m 56s
Rendered 53/1591, time remaining: 1h 9m 56s
Rendered 53/1591, time remaining: 1h 9m 56s
Rendered 53/1591, time remaining: 1h 9m 56s
Rendered 53/1591, time remaining: 1h 9m 56s
Rendered 53/1591, time remaining: 1h 9m 56s
Rendered 53/1591, time remaining: 1h 9m 56s
Rendered 53/1591, time remaining: 1h 9m 56s
Rendered 53/1591, time remaining: 1h 9m 56s
Rendered 53/1591, time remaining: 1h 9m 56s
Rendered 53/1591, time remaining: 1h 9m 56s
Rendered 54/1591, time remaining: 1h 11m 44s
Rendered 54/1591, time remaining: 1h 11m 44s
Rendered 54/1591, time remaining: 1h 11m 44s
Rendered 55/1591, time remaining: 1h 10m 55s
Rendered 55/1591, time remaining: 1h 10m 55s
Rendered 55/1591, time remaining: 1h 10m 55s
Rendered 55/1591, time remaining: 1h 10m 55s
Rendered 55/1591, time remaining: 1h 10m 55s
Rendered 55/1591, time remaining: 1h 10m 55s
Rendered 56/1591, time remaining: 1h 10m 42s
Rendered 56/1591, time remaining: 1h 10m 42s
Rendered 56/1591, time remaining: 1h 10m 42s
Rendered 56/1591, time remaining: 1h 10m 42s
Rendered 57/1591, time remaining: 1h 9m 56s
Rendered 57/1591, time remaining: 1h 9m 56s
Rendered 57/1591, time remaining: 1h 9m 56s
Rendered 57/1591, time remaining: 1h 9m 56s
Rendered 57/1591, time remaining: 1h 9m 56s
Rendered 57/1591, time remaining: 1h 9m 56s
Rendered 57/1591, time remaining: 1h 9m 56s
Rendered 57/1591, time remaining: 1h 9m 56s
Rendered 57/1591, time remaining: 1h 9m 56s
Rendered 58/1591, time remaining: 1h 10m 29s
Rendered 58/1591, time remaining: 1h 10m 29s
Rendered 59/1591, time remaining: 1h 9m 30s
Rendered 59/1591, time remaining: 1h 9m 30s
Rendered 59/1591, time remaining: 1h 9m 30s
Rendered 59/1591, time remaining: 1h 9m 30s
Rendered 59/1591, time remaining: 1h 9m 30s
Rendered 59/1591, time remaining: 1h 9m 30s
Rendered 59/1591, time remaining: 1h 9m 30s
Rendered 59/1591, time remaining: 1h 9m 30s
Rendered 59/1591, time remaining: 1h 9m 30s
Rendered 60/1591, time remaining: 1h 9m 59s
Rendered 60/1591, time remaining: 1h 9m 59s
Rendered 61/1591, time remaining: 1h 9m 4s
Rendered 61/1591, time remaining: 1h 9m 4s
Rendered 61/1591, time remaining: 1h 9m 4s
Rendered 61/1591, time remaining: 1h 9m 4s
Rendered 61/1591, time remaining: 1h 9m 4s
Rendered 61/1591, time remaining: 1h 9m 4s
Rendered 61/1591, time remaining: 1h 9m 4s
Rendered 61/1591, time remaining: 1h 9m 4s
Rendered 61/1591, time remaining: 1h 9m 4s
Rendered 62/1591, time remaining: 1h 9m 31s
Rendered 62/1591, time remaining: 1h 9m 31s
Rendered 63/1591, time remaining: 1h 8m 37s
Rendered 63/1591, time remaining: 1h 8m 37s
Rendered 63/1591, time remaining: 1h 8m 37s
Rendered 63/1591, time remaining: 1h 8m 37s
Rendered 63/1591, time remaining: 1h 8m 37s
Rendered 63/1591, time remaining: 1h 8m 37s
Rendered 63/1591, time remaining: 1h 8m 37s
Rendered 63/1591, time remaining: 1h 8m 37s
Rendered 63/1591, time remaining: 1h 8m 37s
Rendered 64/1591, time remaining: 1h 8m 58s
Rendered 64/1591, time remaining: 1h 8m 58s
Rendered 65/1591, time remaining: 1h 8m 5s
Rendered 65/1591, time remaining: 1h 8m 5s
Rendered 65/1591, time remaining: 1h 8m 5s
Rendered 65/1591, time remaining: 1h 8m 5s
Rendered 65/1591, time remaining: 1h 8m 5s
Rendered 65/1591, time remaining: 1h 8m 5s
Rendered 65/1591, time remaining: 1h 8m 5s
Rendered 65/1591, time remaining: 1h 8m 5s
Rendered 65/1591, time remaining: 1h 8m 5s
Rendered 66/1591, time remaining: 1h 8m 34s
Rendered 66/1591, time remaining: 1h 8m 34s
Rendered 67/1591, time remaining: 1h 7m 49s
Rendered 67/1591, time remaining: 1h 7m 49s
Rendered 67/1591, time remaining: 1h 7m 49s
Rendered 67/1591, time remaining: 1h 7m 49s
Rendered 67/1591, time remaining: 1h 7m 49s
Rendered 67/1591, time remaining: 1h 7m 49s
Rendered 67/1591, time remaining: 1h 7m 49s
Rendered 67/1591, time remaining: 1h 7m 49s
Rendered 67/1591, time remaining: 1h 7m 49s
Rendered 68/1591, time remaining: 1h 8m 9s
Rendered 68/1591, time remaining: 1h 8m 9s
Rendered 69/1591, time remaining: 1h 7m 19s
Rendered 69/1591, time remaining: 1h 7m 19s
Rendered 69/1591, time remaining: 1h 7m 19s
Rendered 69/1591, time remaining: 1h 7m 19s
Rendered 69/1591, time remaining: 1h 7m 19s
Rendered 69/1591, time remaining: 1h 7m 19s
Rendered 69/1591, time remaining: 1h 7m 19s
Rendered 69/1591, time remaining: 1h 7m 19s
Rendered 70/1591, time remaining: 1h 7m 40s
Rendered 70/1591, time remaining: 1h 7m 40s
Rendered 71/1591, time remaining: 1h 6m 52s
Rendered 71/1591, time remaining: 1h 6m 52s
Rendered 71/1591, time remaining: 1h 6m 52s
Rendered 71/1591, time remaining: 1h 6m 52s
Rendered 71/1591, time remaining: 1h 6m 52s
Rendered 71/1591, time remaining: 1h 6m 52s
Rendered 71/1591, time remaining: 1h 6m 52s
Rendered 71/1591, time remaining: 1h 6m 52s
Rendered 71/1591, time remaining: 1h 6m 52s
Rendered 71/1591, time remaining: 1h 6m 52s
Rendered 71/1591, time remaining: 1h 6m 52s
Rendered 71/1591, time remaining: 1h 6m 52s
Rendered 71/1591, time remaining: 1h 6m 52s
Rendered 71/1591, time remaining: 1h 6m 52s
Rendered 71/1591, time remaining: 1h 6m 52s
Rendered 72/1591, time remaining: 1h 8m 17s
Rendered 73/1591, time remaining: 1h 7m 19s
Rendered 73/1591, time remaining: 1h 7m 19s
Rendered 74/1591, time remaining: 1h 6m 35s
Rendered 74/1591, time remaining: 1h 6m 35s
Rendered 74/1591, time remaining: 1h 6m 35s
Rendered 75/1591, time remaining: 1h 5m 56s
Rendered 75/1591, time remaining: 1h 5m 56s
Rendered 75/1591, time remaining: 1h 5m 56s
Rendered 75/1591, time remaining: 1h 5m 56s
Rendered 75/1591, time remaining: 1h 5m 56s
Rendered 75/1591, time remaining: 1h 5m 56s
Rendered 75/1591, time remaining: 1h 5m 56s
Rendered 75/1591, time remaining: 1h 5m 56s
Rendered 75/1591, time remaining: 1h 5m 56s
Rendered 75/1591, time remaining: 1h 5m 56s
Rendered 75/1591, time remaining: 1h 5m 56s
Rendered 75/1591, time remaining: 1h 5m 56s
Rendered 75/1591, time remaining: 1h 5m 56s
Rendered 76/1591, time remaining: 1h 6m 57s
Rendered 76/1591, time remaining: 1h 6m 57s
Rendered 76/1591, time remaining: 1h 6m 57s
Rendered 76/1591, time remaining: 1h 6m 57s
Rendered 77/1591, time remaining: 1h 6m 40s
Rendered 77/1591, time remaining: 1h 6m 40s
Rendered 77/1591, time remaining: 1h 6m 40s
Rendered 77/1591, time remaining: 1h 6m 40s
Rendered 77/1591, time remaining: 1h 6m 40s
Rendered 77/1591, time remaining: 1h 6m 40s
Rendered 77/1591, time remaining: 1h 6m 40s
Rendered 78/1591, time remaining: 1h 6m 40s
Rendered 79/1591, time remaining: 1h 5m 47s
Rendered 79/1591, time remaining: 1h 5m 47s
Rendered 79/1591, time remaining: 1h 5m 47s
Rendered 79/1591, time remaining: 1h 5m 47s
Rendered 79/1591, time remaining: 1h 5m 47s
Rendered 79/1591, time remaining: 1h 5m 47s
Rendered 79/1591, time remaining: 1h 5m 47s
Rendered 79/1591, time remaining: 1h 5m 47s
Rendered 79/1591, time remaining: 1h 5m 47s
Rendered 80/1591, time remaining: 1h 6m 7s
Rendered 80/1591, time remaining: 1h 6m 7s
Rendered 80/1591, time remaining: 1h 6m 7s
Rendered 80/1591, time remaining: 1h 6m 7s
Rendered 80/1591, time remaining: 1h 6m 7s
Rendered 80/1591, time remaining: 1h 6m 7s
Rendered 80/1591, time remaining: 1h 6m 7s
Rendered 81/1591, time remaining: 1h 6m 13s
Rendered 81/1591, time remaining: 1h 6m 13s
Rendered 81/1591, time remaining: 1h 6m 13s
Rendered 81/1591, time remaining: 1h 6m 13s
Rendered 82/1591, time remaining: 1h 5m 55s
Rendered 83/1591, time remaining: 1h 5m 5s
Rendered 83/1591, time remaining: 1h 5m 5s
Rendered 83/1591, time remaining: 1h 5m 5s
Rendered 83/1591, time remaining: 1h 5m 5s
Rendered 83/1591, time remaining: 1h 5m 5s
Rendered 83/1591, time remaining: 1h 5m 5s
Rendered 83/1591, time remaining: 1h 5m 5s
Rendered 83/1591, time remaining: 1h 5m 5s
Rendered 84/1591, time remaining: 1h 5m 15s
Rendered 84/1591, time remaining: 1h 5m 15s
Rendered 84/1591, time remaining: 1h 5m 15s
Rendered 84/1591, time remaining: 1h 5m 15s
Rendered 84/1591, time remaining: 1h 5m 15s
Rendered 84/1591, time remaining: 1h 5m 15s
Rendered 84/1591, time remaining: 1h 5m 15s
Rendered 84/1591, time remaining: 1h 5m 15s
Rendered 84/1591, time remaining: 1h 5m 15s
Rendered 84/1591, time remaining: 1h 5m 15s
Rendered 84/1591, time remaining: 1h 5m 15s
Rendered 84/1591, time remaining: 1h 5m 15s
Rendered 84/1591, time remaining: 1h 5m 15s
Rendered 84/1591, time remaining: 1h 5m 15s
Rendered 85/1591, time remaining: 1h 6m 26s
Rendered 86/1591, time remaining: 1h 5m 37s
Rendered 87/1591, time remaining: 1h 4m 49s
Rendered 87/1591, time remaining: 1h 4m 49s
Rendered 87/1591, time remaining: 1h 4m 49s
Rendered 87/1591, time remaining: 1h 4m 49s
Rendered 88/1591, time remaining: 1h 4m 25s
Rendered 88/1591, time remaining: 1h 4m 25s
Rendered 88/1591, time remaining: 1h 4m 25s
Rendered 88/1591, time remaining: 1h 4m 25s
Rendered 88/1591, time remaining: 1h 4m 25s
Rendered 88/1591, time remaining: 1h 4m 25s
Rendered 88/1591, time remaining: 1h 4m 25s
Rendered 88/1591, time remaining: 1h 4m 25s
Rendered 88/1591, time remaining: 1h 4m 25s
Rendered 88/1591, time remaining: 1h 4m 25s
Rendered 88/1591, time remaining: 1h 4m 25s
Rendered 88/1591, time remaining: 1h 4m 25s
Rendered 88/1591, time remaining: 1h 4m 25s
Rendered 88/1591, time remaining: 1h 4m 25s
Rendered 88/1591, time remaining: 1h 4m 25s
Rendered 88/1591, time remaining: 1h 4m 25s
Rendered 88/1591, time remaining: 1h 4m 25s
Rendered 88/1591, time remaining: 1h 4m 25s
Rendered 89/1591, time remaining: 1h 5m 59s
Rendered 90/1591, time remaining: 1h 5m 13s
Rendered 91/1591, time remaining: 1h 4m 27s
Rendered 91/1591, time remaining: 1h 4m 27s
Rendered 92/1591, time remaining: 1h 3m 55s
Rendered 92/1591, time remaining: 1h 3m 55s
Rendered 92/1591, time remaining: 1h 3m 55s
Rendered 92/1591, time remaining: 1h 3m 55s
Rendered 92/1591, time remaining: 1h 3m 55s
Rendered 92/1591, time remaining: 1h 3m 55s
Rendered 92/1591, time remaining: 1h 3m 55s
Rendered 92/1591, time remaining: 1h 3m 55s
Rendered 92/1591, time remaining: 1h 3m 55s
Rendered 92/1591, time remaining: 1h 3m 55s
Rendered 92/1591, time remaining: 1h 3m 55s
Rendered 92/1591, time remaining: 1h 3m 55s
Rendered 92/1591, time remaining: 1h 3m 55s
Rendered 93/1591, time remaining: 1h 4m 48s
Rendered 93/1591, time remaining: 1h 4m 48s
Rendered 93/1591, time remaining: 1h 4m 48s
Rendered 93/1591, time remaining: 1h 4m 48s
Rendered 93/1591, time remaining: 1h 4m 48s
Rendered 94/1591, time remaining: 1h 4m 38s
Rendered 95/1591, time remaining: 1h 3m 54s
Rendered 95/1591, time remaining: 1h 3m 54s
Rendered 95/1591, time remaining: 1h 3m 54s
Rendered 96/1591, time remaining: 1h 3m 27s
Rendered 96/1591, time remaining: 1h 3m 27s
Rendered 96/1591, time remaining: 1h 3m 27s
Rendered 96/1591, time remaining: 1h 3m 27s
Rendered 96/1591, time remaining: 1h 3m 27s
Rendered 96/1591, time remaining: 1h 3m 27s
Rendered 96/1591, time remaining: 1h 3m 27s
Rendered 96/1591, time remaining: 1h 3m 27s
Rendered 96/1591, time remaining: 1h 3m 27s
Rendered 97/1591, time remaining: 1h 3m 42s
Rendered 97/1591, time remaining: 1h 3m 42s
Rendered 97/1591, time remaining: 1h 3m 42s
Rendered 97/1591, time remaining: 1h 3m 42s
Rendered 97/1591, time remaining: 1h 3m 42s
Rendered 97/1591, time remaining: 1h 3m 42s
Rendered 97/1591, time remaining: 1h 3m 42s
Rendered 97/1591, time remaining: 1h 3m 42s
Rendered 97/1591, time remaining: 1h 3m 42s
Rendered 97/1591, time remaining: 1h 3m 42s
Rendered 97/1591, time remaining: 1h 3m 42s
Rendered 98/1591, time remaining: 1h 4m 19s
Rendered 99/1591, time remaining: 1h 3m 38s
Rendered 99/1591, time remaining: 1h 3m 38s
Rendered 100/1591, time remaining: 1h 3m 3s
Rendered 100/1591, time remaining: 1h 3m 3s
Rendered 100/1591, time remaining: 1h 3m 3s
Rendered 100/1591, time remaining: 1h 3m 3s
Rendered 100/1591, time remaining: 1h 3m 3s
Rendered 100/1591, time remaining: 1h 3m 3s
Rendered 100/1591, time remaining: 1h 3m 3s
Rendered 100/1591, time remaining: 1h 3m 3s
Rendered 101/1591, time remaining: 1h 3m 13s
Rendered 101/1591, time remaining: 1h 3m 13s
Rendered 101/1591, time remaining: 1h 3m 13s
Rendered 101/1591, time remaining: 1h 3m 13s
Rendered 101/1591, time remaining: 1h 3m 13s
Rendered 101/1591, time remaining: 1h 3m 13s
Rendered 101/1591, time remaining: 1h 3m 13s
Rendered 101/1591, time remaining: 1h 3m 13s
Rendered 102/1591, time remaining: 1h 3m 32s
Rendered 102/1591, time remaining: 1h 3m 32s
Rendered 102/1591, time remaining: 1h 3m 32s
Rendered 102/1591, time remaining: 1h 3m 32s
Rendered 103/1591, time remaining: 1h 3m 14s
Rendered 103/1591, time remaining: 1h 3m 14s
Rendered 104/1591, time remaining: 1h 2m 42s
Rendered 104/1591, time remaining: 1h 2m 42s
Rendered 104/1591, time remaining: 1h 2m 42s
Rendered 104/1591, time remaining: 1h 2m 42s
Rendered 104/1591, time remaining: 1h 2m 42s
Rendered 104/1591, time remaining: 1h 2m 42s
Rendered 104/1591, time remaining: 1h 2m 42s
Rendered 104/1591, time remaining: 1h 2m 42s
Rendered 105/1591, time remaining: 1h 2m 49s
Rendered 105/1591, time remaining: 1h 2m 49s
Rendered 105/1591, time remaining: 1h 2m 49s
Rendered 105/1591, time remaining: 1h 2m 49s
Rendered 105/1591, time remaining: 1h 2m 49s
Rendered 105/1591, time remaining: 1h 2m 49s
Rendered 105/1591, time remaining: 1h 2m 49s
Rendered 105/1591, time remaining: 1h 2m 49s
Rendered 105/1591, time remaining: 1h 2m 49s
Rendered 105/1591, time remaining: 1h 2m 49s
Rendered 105/1591, time remaining: 1h 2m 49s
Rendered 105/1591, time remaining: 1h 2m 49s
Rendered 105/1591, time remaining: 1h 2m 49s
Rendered 106/1591, time remaining: 1h 3m 34s
Rendered 106/1591, time remaining: 1h 3m 34s
Rendered 106/1591, time remaining: 1h 3m 34s
Rendered 107/1591, time remaining: 1h 3m 9s
Rendered 108/1591, time remaining: 1h 2m 36s
Rendered 108/1591, time remaining: 1h 2m 36s
Rendered 108/1591, time remaining: 1h 2m 36s
Rendered 108/1591, time remaining: 1h 2m 36s
Rendered 108/1591, time remaining: 1h 2m 36s
Rendered 108/1591, time remaining: 1h 2m 36s
Rendered 108/1591, time remaining: 1h 2m 36s
Rendered 108/1591, time remaining: 1h 2m 36s
Rendered 108/1591, time remaining: 1h 2m 36s
Rendered 108/1591, time remaining: 1h 2m 36s
Rendered 108/1591, time remaining: 1h 2m 36s
Rendered 108/1591, time remaining: 1h 2m 36s
Rendered 108/1591, time remaining: 1h 2m 36s
Rendered 108/1591, time remaining: 1h 2m 36s
Rendered 108/1591, time remaining: 1h 2m 36s
Rendered 109/1591, time remaining: 1h 3m 32s
Rendered 109/1591, time remaining: 1h 3m 32s
Rendered 109/1591, time remaining: 1h 3m 32s
Rendered 109/1591, time remaining: 1h 3m 32s
Rendered 110/1591, time remaining: 1h 3m 16s
Rendered 110/1591, time remaining: 1h 3m 16s
Rendered 110/1591, time remaining: 1h 3m 16s
Rendered 110/1591, time remaining: 1h 3m 16s
Rendered 110/1591, time remaining: 1h 3m 16s
Rendered 110/1591, time remaining: 1h 3m 16s
Rendered 110/1591, time remaining: 1h 3m 16s
Rendered 110/1591, time remaining: 1h 3m 16s
Rendered 110/1591, time remaining: 1h 3m 16s
Rendered 111/1591, time remaining: 1h 3m 30s
Rendered 111/1591, time remaining: 1h 3m 30s
Rendered 111/1591, time remaining: 1h 3m 30s
Rendered 112/1591, time remaining: 1h 3m 9s
Rendered 112/1591, time remaining: 1h 3m 9s
Rendered 112/1591, time remaining: 1h 3m 9s
Rendered 112/1591, time remaining: 1h 3m 9s
Rendered 112/1591, time remaining: 1h 3m 9s
Rendered 112/1591, time remaining: 1h 3m 9s
Rendered 112/1591, time remaining: 1h 3m 9s
Rendered 113/1591, time remaining: 1h 3m 14s
Rendered 113/1591, time remaining: 1h 3m 14s
Rendered 113/1591, time remaining: 1h 3m 14s
Rendered 113/1591, time remaining: 1h 3m 14s
Rendered 114/1591, time remaining: 1h 2m 53s
Rendered 114/1591, time remaining: 1h 2m 53s
Rendered 114/1591, time remaining: 1h 2m 53s
Rendered 114/1591, time remaining: 1h 2m 53s
Rendered 114/1591, time remaining: 1h 2m 53s
Rendered 114/1591, time remaining: 1h 2m 53s
Rendered 114/1591, time remaining: 1h 2m 53s
Rendered 115/1591, time remaining: 1h 2m 56s
Rendered 115/1591, time remaining: 1h 2m 56s
Rendered 115/1591, time remaining: 1h 2m 56s
Rendered 116/1591, time remaining: 1h 2m 36s
Rendered 116/1591, time remaining: 1h 2m 36s
Rendered 116/1591, time remaining: 1h 2m 36s
Rendered 116/1591, time remaining: 1h 2m 36s
Rendered 116/1591, time remaining: 1h 2m 36s
Rendered 116/1591, time remaining: 1h 2m 36s
Rendered 116/1591, time remaining: 1h 2m 36s
Rendered 116/1591, time remaining: 1h 2m 36s
Rendered 117/1591, time remaining: 1h 2m 45s
Rendered 117/1591, time remaining: 1h 2m 45s
Rendered 117/1591, time remaining: 1h 2m 45s
Rendered 118/1591, time remaining: 1h 2m 25s
Rendered 118/1591, time remaining: 1h 2m 25s
Rendered 118/1591, time remaining: 1h 2m 25s
Rendered 118/1591, time remaining: 1h 2m 25s
Rendered 118/1591, time remaining: 1h 2m 25s
Rendered 118/1591, time remaining: 1h 2m 25s
Rendered 118/1591, time remaining: 1h 2m 25s
Rendered 118/1591, time remaining: 1h 2m 25s
Rendered 119/1591, time remaining: 1h 2m 34s
Rendered 119/1591, time remaining: 1h 2m 34s
Rendered 119/1591, time remaining: 1h 2m 34s
Rendered 119/1591, time remaining: 1h 2m 34s
Rendered 120/1591, time remaining: 1h 2m 16s
Rendered 120/1591, time remaining: 1h 2m 16s
Rendered 120/1591, time remaining: 1h 2m 16s
Rendered 120/1591, time remaining: 1h 2m 16s
Rendered 120/1591, time remaining: 1h 2m 16s
Rendered 120/1591, time remaining: 1h 2m 16s
Rendered 120/1591, time remaining: 1h 2m 16s
Rendered 120/1591, time remaining: 1h 2m 16s
Rendered 121/1591, time remaining: 1h 2m 26s
Rendered 121/1591, time remaining: 1h 2m 26s
Rendered 121/1591, time remaining: 1h 2m 26s
Rendered 122/1591, time remaining: 1h 2m 5s
Rendered 122/1591, time remaining: 1h 2m 5s
Rendered 122/1591, time remaining: 1h 2m 5s
Rendered 122/1591, time remaining: 1h 2m 5s
Rendered 122/1591, time remaining: 1h 2m 5s
Rendered 122/1591, time remaining: 1h 2m 5s
Rendered 122/1591, time remaining: 1h 2m 5s
Rendered 122/1591, time remaining: 1h 2m 5s
Rendered 123/1591, time remaining: 1h 2m 15s
Rendered 123/1591, time remaining: 1h 2m 15s
Rendered 123/1591, time remaining: 1h 2m 15s
Rendered 124/1591, time remaining: 1h 1m 55s
Rendered 124/1591, time remaining: 1h 1m 55s
Rendered 124/1591, time remaining: 1h 1m 55s
Rendered 124/1591, time remaining: 1h 1m 55s
Rendered 124/1591, time remaining: 1h 1m 55s
Rendered 124/1591, time remaining: 1h 1m 55s
Rendered 124/1591, time remaining: 1h 1m 55s
Rendered 125/1591, time remaining: 1h 1m 58s
Rendered 125/1591, time remaining: 1h 1m 58s
Rendered 125/1591, time remaining: 1h 1m 58s
Rendered 125/1591, time remaining: 1h 1m 58s
Rendered 125/1591, time remaining: 1h 1m 58s
Rendered 125/1591, time remaining: 1h 1m 58s
Rendered 125/1591, time remaining: 1h 1m 58s
Rendered 125/1591, time remaining: 1h 1m 58s
Rendered 125/1591, time remaining: 1h 1m 58s
Rendered 125/1591, time remaining: 1h 1m 58s
Rendered 125/1591, time remaining: 1h 1m 58s
Rendered 126/1591, time remaining: 1h 2m 22s
Rendered 127/1591, time remaining: 1h 1m 54s
Rendered 127/1591, time remaining: 1h 1m 54s
Rendered 127/1591, time remaining: 1h 1m 54s
Rendered 127/1591, time remaining: 1h 1m 54s
Rendered 127/1591, time remaining: 1h 1m 54s
Rendered 127/1591, time remaining: 1h 1m 54s
Rendered 127/1591, time remaining: 1h 1m 54s
Rendered 127/1591, time remaining: 1h 1m 54s
Rendered 128/1591, time remaining: 1h 2m 3s
Rendered 128/1591, time remaining: 1h 2m 3s
Rendered 128/1591, time remaining: 1h 2m 3s
Rendered 128/1591, time remaining: 1h 2m 3s
Rendered 129/1591, time remaining: 1h 1m 46s
Rendered 129/1591, time remaining: 1h 1m 46s
Rendered 129/1591, time remaining: 1h 1m 46s
Rendered 129/1591, time remaining: 1h 1m 46s
Rendered 129/1591, time remaining: 1h 1m 46s
Rendered 129/1591, time remaining: 1h 1m 46s
Rendered 129/1591, time remaining: 1h 1m 46s
Rendered 130/1591, time remaining: 1h 1m 47s
Rendered 130/1591, time remaining: 1h 1m 47s
Rendered 130/1591, time remaining: 1h 1m 47s
Rendered 130/1591, time remaining: 1h 1m 47s
Rendered 130/1591, time remaining: 1h 1m 47s
Rendered 130/1591, time remaining: 1h 1m 47s
Rendered 130/1591, time remaining: 1h 1m 47s
Rendered 130/1591, time remaining: 1h 1m 47s
Rendered 131/1591, time remaining: 1h 2m 0s
Rendered 131/1591, time remaining: 1h 2m 0s
Rendered 131/1591, time remaining: 1h 2m 0s
Rendered 131/1591, time remaining: 1h 2m 0s
Rendered 131/1591, time remaining: 1h 2m 0s
Rendered 131/1591, time remaining: 1h 2m 0s
Rendered 131/1591, time remaining: 1h 2m 0s
Rendered 131/1591, time remaining: 1h 2m 0s
Rendered 131/1591, time remaining: 1h 2m 0s
Rendered 131/1591, time remaining: 1h 2m 0s
Rendered 132/1591, time remaining: 1h 2m 17s
Rendered 133/1591, time remaining: 1h 1m 47s
Rendered 133/1591, time remaining: 1h 1m 47s
Rendered 133/1591, time remaining: 1h 1m 47s
Rendered 134/1591, time remaining: 1h 1m 24s
Rendered 134/1591, time remaining: 1h 1m 24s
Rendered 134/1591, time remaining: 1h 1m 24s
Rendered 134/1591, time remaining: 1h 1m 24s
Rendered 134/1591, time remaining: 1h 1m 24s
Rendered 134/1591, time remaining: 1h 1m 24s
Rendered 135/1591, time remaining: 1h 1m 26s
Rendered 135/1591, time remaining: 1h 1m 26s
Rendered 135/1591, time remaining: 1h 1m 26s
Rendered 135/1591, time remaining: 1h 1m 26s
Rendered 135/1591, time remaining: 1h 1m 26s
Rendered 135/1591, time remaining: 1h 1m 26s
Rendered 135/1591, time remaining: 1h 1m 26s
Rendered 135/1591, time remaining: 1h 1m 26s
Rendered 135/1591, time remaining: 1h 1m 26s
Rendered 135/1591, time remaining: 1h 1m 26s
Rendered 135/1591, time remaining: 1h 1m 26s
Rendered 136/1591, time remaining: 1h 1m 49s
Rendered 136/1591, time remaining: 1h 1m 49s
Rendered 136/1591, time remaining: 1h 1m 49s
Rendered 136/1591, time remaining: 1h 1m 49s
Rendered 136/1591, time remaining: 1h 1m 49s
Rendered 136/1591, time remaining: 1h 1m 49s
Rendered 136/1591, time remaining: 1h 1m 49s
Rendered 136/1591, time remaining: 1h 1m 49s
Rendered 136/1591, time remaining: 1h 1m 49s
Rendered 137/1591, time remaining: 1h 1m 59s
Rendered 138/1591, time remaining: 1h 1m 30s
Rendered 138/1591, time remaining: 1h 1m 30s
Rendered 138/1591, time remaining: 1h 1m 30s
Rendered 139/1591, time remaining: 1h 1m 15s
Rendered 139/1591, time remaining: 1h 1m 15s
Rendered 139/1591, time remaining: 1h 1m 15s
Rendered 139/1591, time remaining: 1h 1m 15s
Rendered 139/1591, time remaining: 1h 1m 15s
Rendered 139/1591, time remaining: 1h 1m 15s
Rendered 139/1591, time remaining: 1h 1m 15s
Rendered 139/1591, time remaining: 1h 1m 15s
Rendered 140/1591, time remaining: 1h 1m 19s
Rendered 140/1591, time remaining: 1h 1m 19s
Rendered 140/1591, time remaining: 1h 1m 19s
Rendered 140/1591, time remaining: 1h 1m 19s
Rendered 140/1591, time remaining: 1h 1m 19s
Rendered 140/1591, time remaining: 1h 1m 19s
Rendered 140/1591, time remaining: 1h 1m 19s
Rendered 140/1591, time remaining: 1h 1m 19s
Rendered 140/1591, time remaining: 1h 1m 19s
Rendered 140/1591, time remaining: 1h 1m 19s
Rendered 140/1591, time remaining: 1h 1m 19s
Rendered 140/1591, time remaining: 1h 1m 19s
Rendered 140/1591, time remaining: 1h 1m 19s
Rendered 140/1591, time remaining: 1h 1m 19s
Rendered 140/1591, time remaining: 1h 1m 19s
Rendered 140/1591, time remaining: 1h 1m 19s
Rendered 141/1591, time remaining: 1h 2m 10s
Rendered 142/1591, time remaining: 1h 1m 41s
Rendered 142/1591, time remaining: 1h 1m 41s
Rendered 142/1591, time remaining: 1h 1m 41s
Rendered 143/1591, time remaining: 1h 1m 22s
Rendered 143/1591, time remaining: 1h 1m 22s
Rendered 144/1591, time remaining: 1h 1m 1s
Rendered 144/1591, time remaining: 1h 1m 1s
Rendered 144/1591, time remaining: 1h 1m 1s
Rendered 144/1591, time remaining: 1h 1m 1s
Rendered 144/1591, time remaining: 1h 1m 1s
Rendered 144/1591, time remaining: 1h 1m 1s
Rendered 144/1591, time remaining: 1h 1m 1s
Rendered 144/1591, time remaining: 1h 1m 1s
Rendered 144/1591, time remaining: 1h 1m 1s
Rendered 144/1591, time remaining: 1h 1m 1s
Rendered 144/1591, time remaining: 1h 1m 1s
Rendered 144/1591, time remaining: 1h 1m 1s
Rendered 144/1591, time remaining: 1h 1m 1s
Rendered 144/1591, time remaining: 1h 1m 1s
Rendered 144/1591, time remaining: 1h 1m 1s
Rendered 145/1591, time remaining: 1h 1m 39s
Rendered 145/1591, time remaining: 1h 1m 39s
Rendered 145/1591, time remaining: 1h 1m 39s
Rendered 145/1591, time remaining: 1h 1m 39s
Rendered 146/1591, time remaining: 1h 1m 29s
Rendered 146/1591, time remaining: 1h 1m 29s
Rendered 146/1591, time remaining: 1h 1m 29s
Rendered 146/1591, time remaining: 1h 1m 29s
Rendered 146/1591, time remaining: 1h 1m 29s
Rendered 146/1591, time remaining: 1h 1m 29s
Rendered 146/1591, time remaining: 1h 1m 29s
Rendered 147/1591, time remaining: 1h 1m 28s
Rendered 148/1591, time remaining: 1h 1m 1s
Rendered 148/1591, time remaining: 1h 1m 1s
Rendered 148/1591, time remaining: 1h 1m 1s
Rendered 148/1591, time remaining: 1h 1m 1s
Rendered 148/1591, time remaining: 1h 1m 1s
Rendered 148/1591, time remaining: 1h 1m 1s
Rendered 148/1591, time remaining: 1h 1m 1s
Rendered 148/1591, time remaining: 1h 1m 1s
Rendered 148/1591, time remaining: 1h 1m 1s
Rendered 148/1591, time remaining: 1h 1m 1s
Rendered 148/1591, time remaining: 1h 1m 1s
Rendered 149/1591, time remaining: 1h 1m 23s
Rendered 150/1591, time remaining: 1h 56s
Rendered 150/1591, time remaining: 1h 56s
Rendered 150/1591, time remaining: 1h 56s
Rendered 150/1591, time remaining: 1h 56s
Rendered 150/1591, time remaining: 1h 56s
Rendered 150/1591, time remaining: 1h 56s
Rendered 150/1591, time remaining: 1h 56s
Rendered 150/1591, time remaining: 1h 56s
Rendered 150/1591, time remaining: 1h 56s
Rendered 151/1591, time remaining: 58m 18s
Rendered 152/1591, time remaining: 58m 16s
Rendered 152/1591, time remaining: 58m 16s
Rendered 152/1591, time remaining: 58m 16s
Rendered 152/1591, time remaining: 58m 16s
Rendered 152/1591, time remaining: 58m 16s
Rendered 152/1591, time remaining: 58m 16s
Rendered 152/1591, time remaining: 58m 16s
Rendered 152/1591, time remaining: 58m 16s
Rendered 152/1591, time remaining: 58m 16s
Rendered 152/1591, time remaining: 58m 16s
Rendered 152/1591, time remaining: 58m 16s
Rendered 152/1591, time remaining: 58m 16s
Rendered 153/1591, time remaining: 59m 3s
Rendered 154/1591, time remaining: 58m 56s
Rendered 154/1591, time remaining: 58m 56s
Rendered 154/1591, time remaining: 58m 56s
Rendered 154/1591, time remaining: 58m 56s
Rendered 154/1591, time remaining: 58m 56s
Rendered 154/1591, time remaining: 58m 56s
Rendered 154/1591, time remaining: 58m 56s
Rendered 154/1591, time remaining: 58m 56s
Rendered 155/1591, time remaining: 58m 17s
Rendered 156/1591, time remaining: 58m 8s
Rendered 156/1591, time remaining: 58m 8s
Rendered 156/1591, time remaining: 58m 8s
Rendered 156/1591, time remaining: 58m 8s
Rendered 156/1591, time remaining: 58m 8s
Rendered 156/1591, time remaining: 58m 8s
Rendered 157/1591, time remaining: 58m 26s
Rendered 157/1591, time remaining: 58m 26s
Rendered 157/1591, time remaining: 58m 26s
Rendered 157/1591, time remaining: 58m 26s
Rendered 157/1591, time remaining: 58m 26s
Rendered 157/1591, time remaining: 58m 26s
Rendered 157/1591, time remaining: 58m 26s
Rendered 157/1591, time remaining: 58m 26s
Rendered 157/1591, time remaining: 58m 26s
Rendered 158/1591, time remaining: 58m 42s
Rendered 158/1591, time remaining: 58m 42s
Rendered 158/1591, time remaining: 58m 42s
Rendered 158/1591, time remaining: 58m 42s
Rendered 158/1591, time remaining: 58m 42s
Rendered 158/1591, time remaining: 58m 42s
Rendered 159/1591, time remaining: 58m 14s
Rendered 159/1591, time remaining: 58m 14s
Rendered 159/1591, time remaining: 58m 14s
Rendered 159/1591, time remaining: 58m 14s
Rendered 160/1591, time remaining: 58m 16s
Rendered 160/1591, time remaining: 58m 16s
Rendered 160/1591, time remaining: 58m 16s
Rendered 160/1591, time remaining: 58m 16s
Rendered 160/1591, time remaining: 58m 16s
Rendered 160/1591, time remaining: 58m 16s
Rendered 160/1591, time remaining: 58m 16s
Rendered 160/1591, time remaining: 58m 16s
Rendered 160/1591, time remaining: 58m 16s
Rendered 161/1591, time remaining: 58m 38s
Rendered 161/1591, time remaining: 58m 38s
Rendered 161/1591, time remaining: 58m 38s
Rendered 161/1591, time remaining: 58m 38s
Rendered 162/1591, time remaining: 58m 32s
Rendered 162/1591, time remaining: 58m 32s
Rendered 162/1591, time remaining: 58m 32s
Rendered 162/1591, time remaining: 58m 32s
Rendered 162/1591, time remaining: 58m 32s
Rendered 162/1591, time remaining: 58m 32s
Rendered 162/1591, time remaining: 58m 32s
Rendered 162/1591, time remaining: 58m 32s
Rendered 162/1591, time remaining: 58m 32s
Rendered 162/1591, time remaining: 58m 32s
Rendered 163/1591, time remaining: 58m 42s
Rendered 164/1591, time remaining: 58m 24s
Rendered 164/1591, time remaining: 58m 24s
Rendered 164/1591, time remaining: 58m 24s
Rendered 164/1591, time remaining: 58m 24s
Rendered 164/1591, time remaining: 58m 24s
Rendered 164/1591, time remaining: 58m 24s
Rendered 164/1591, time remaining: 58m 24s
Rendered 165/1591, time remaining: 58m 29s
Rendered 165/1591, time remaining: 58m 29s
Rendered 165/1591, time remaining: 58m 29s
Rendered 165/1591, time remaining: 58m 29s
Rendered 165/1591, time remaining: 58m 29s
Rendered 165/1591, time remaining: 58m 29s
Rendered 166/1591, time remaining: 58m 36s
Rendered 166/1591, time remaining: 58m 36s
Rendered 166/1591, time remaining: 58m 36s
Rendered 166/1591, time remaining: 58m 36s
Rendered 166/1591, time remaining: 58m 36s
Rendered 166/1591, time remaining: 58m 36s
Rendered 166/1591, time remaining: 58m 36s
Rendered 166/1591, time remaining: 58m 36s
Rendered 167/1591, time remaining: 58m 32s
Rendered 167/1591, time remaining: 58m 32s
Rendered 167/1591, time remaining: 58m 32s
Rendered 167/1591, time remaining: 58m 32s
Rendered 167/1591, time remaining: 58m 32s
Rendered 167/1591, time remaining: 58m 32s
Rendered 167/1591, time remaining: 58m 32s
Rendered 168/1591, time remaining: 58m 48s
Rendered 168/1591, time remaining: 58m 48s
Rendered 168/1591, time remaining: 58m 48s
Rendered 168/1591, time remaining: 58m 48s
Rendered 168/1591, time remaining: 58m 48s
Rendered 169/1591, time remaining: 57m 35s
Rendered 169/1591, time remaining: 57m 35s
Rendered 169/1591, time remaining: 57m 35s
Rendered 169/1591, time remaining: 57m 35s
Rendered 169/1591, time remaining: 57m 35s
Rendered 169/1591, time remaining: 57m 35s
Rendered 169/1591, time remaining: 57m 35s
Rendered 169/1591, time remaining: 57m 35s
Rendered 170/1591, time remaining: 58m 8s
Rendered 170/1591, time remaining: 58m 8s
Rendered 170/1591, time remaining: 58m 8s
Rendered 170/1591, time remaining: 58m 8s
Rendered 170/1591, time remaining: 58m 8s
Rendered 170/1591, time remaining: 58m 8s
Rendered 171/1591, time remaining: 58m 9s
Rendered 171/1591, time remaining: 58m 9s
Rendered 171/1591, time remaining: 58m 9s
Rendered 171/1591, time remaining: 58m 9s
Rendered 171/1591, time remaining: 58m 9s
Rendered 171/1591, time remaining: 58m 9s
Rendered 171/1591, time remaining: 58m 9s
Rendered 171/1591, time remaining: 58m 9s
Rendered 171/1591, time remaining: 58m 9s
Rendered 172/1591, time remaining: 58m 44s
Rendered 172/1591, time remaining: 58m 44s
Rendered 172/1591, time remaining: 58m 44s
Rendered 172/1591, time remaining: 58m 44s
Rendered 172/1591, time remaining: 58m 44s
Rendered 173/1591, time remaining: 57m 49s
Rendered 173/1591, time remaining: 57m 49s
Rendered 173/1591, time remaining: 57m 49s
Rendered 173/1591, time remaining: 57m 49s
Rendered 173/1591, time remaining: 57m 49s
Rendered 173/1591, time remaining: 57m 49s
Rendered 173/1591, time remaining: 57m 49s
Rendered 173/1591, time remaining: 57m 49s
Rendered 173/1591, time remaining: 57m 49s
Rendered 173/1591, time remaining: 57m 49s
Rendered 173/1591, time remaining: 57m 49s
Rendered 173/1591, time remaining: 57m 49s
Rendered 173/1591, time remaining: 57m 49s
Rendered 173/1591, time remaining: 57m 49s
Rendered 174/1591, time remaining: 58m 49s
Rendered 175/1591, time remaining: 58m 14s
Rendered 175/1591, time remaining: 58m 14s
Rendered 175/1591, time remaining: 58m 14s
Rendered 175/1591, time remaining: 58m 14s
Rendered 175/1591, time remaining: 58m 14s
Rendered 175/1591, time remaining: 58m 14s
Rendered 176/1591, time remaining: 58m 34s
Rendered 176/1591, time remaining: 58m 34s
Rendered 176/1591, time remaining: 58m 34s
Rendered 176/1591, time remaining: 58m 34s
Rendered 177/1591, time remaining: 58m 5s
Rendered 177/1591, time remaining: 58m 5s
Rendered 177/1591, time remaining: 58m 5s
Rendered 177/1591, time remaining: 58m 5s
Rendered 177/1591, time remaining: 58m 5s
Rendered 177/1591, time remaining: 58m 5s
Rendered 177/1591, time remaining: 58m 5s
Rendered 177/1591, time remaining: 58m 5s
Rendered 177/1591, time remaining: 58m 5s
Rendered 177/1591, time remaining: 58m 5s
Rendered 177/1591, time remaining: 58m 5s
Rendered 178/1591, time remaining: 58m 45s
Rendered 178/1591, time remaining: 58m 45s
Rendered 178/1591, time remaining: 58m 45s
Rendered 178/1591, time remaining: 58m 45s
Rendered 178/1591, time remaining: 58m 45s
Rendered 178/1591, time remaining: 58m 45s
Rendered 178/1591, time remaining: 58m 45s
Rendered 178/1591, time remaining: 58m 45s
Rendered 178/1591, time remaining: 58m 45s
Rendered 179/1591, time remaining: 58m 35s
Rendered 180/1591, time remaining: 58m 32s
Rendered 180/1591, time remaining: 58m 32s
Rendered 180/1591, time remaining: 58m 32s
Rendered 180/1591, time remaining: 58m 32s
Rendered 180/1591, time remaining: 58m 32s
Rendered 180/1591, time remaining: 58m 32s
Rendered 181/1591, time remaining: 58m 12s
Rendered 181/1591, time remaining: 58m 12s
Rendered 181/1591, time remaining: 58m 12s
Rendered 181/1591, time remaining: 58m 12s
Rendered 181/1591, time remaining: 58m 12s
Rendered 181/1591, time remaining: 58m 12s
Rendered 181/1591, time remaining: 58m 12s
Rendered 181/1591, time remaining: 58m 12s
Rendered 181/1591, time remaining: 58m 12s
Rendered 181/1591, time remaining: 58m 12s
Rendered 181/1591, time remaining: 58m 12s
Rendered 181/1591, time remaining: 58m 12s
Rendered 182/1591, time remaining: 59m 0s
Rendered 182/1591, time remaining: 59m 0s
Rendered 182/1591, time remaining: 59m 0s
Rendered 182/1591, time remaining: 59m 0s
Rendered 182/1591, time remaining: 59m 0s
Rendered 182/1591, time remaining: 59m 0s
Rendered 182/1591, time remaining: 59m 0s
Rendered 182/1591, time remaining: 59m 0s
Rendered 182/1591, time remaining: 59m 0s
Rendered 182/1591, time remaining: 59m 0s
Rendered 182/1591, time remaining: 59m 0s
Rendered 182/1591, time remaining: 59m 0s
Rendered 183/1591, time remaining: 58m 34s
Rendered 184/1591, time remaining: 58m 32s
Rendered 185/1591, time remaining: 58m 23s
Rendered 185/1591, time remaining: 58m 23s
Rendered 185/1591, time remaining: 58m 23s
Rendered 185/1591, time remaining: 58m 23s
Rendered 185/1591, time remaining: 58m 23s
Rendered 186/1591, time remaining: 58m 13s
Rendered 186/1591, time remaining: 58m 13s
Rendered 186/1591, time remaining: 58m 13s
Rendered 186/1591, time remaining: 58m 13s
Rendered 186/1591, time remaining: 58m 13s
Rendered 186/1591, time remaining: 58m 13s
Rendered 186/1591, time remaining: 58m 13s
Rendered 186/1591, time remaining: 58m 13s
Rendered 186/1591, time remaining: 58m 13s
Rendered 186/1591, time remaining: 58m 13s
Rendered 186/1591, time remaining: 58m 13s
Rendered 186/1591, time remaining: 58m 13s
Rendered 186/1591, time remaining: 58m 13s
Rendered 186/1591, time remaining: 58m 13s
Rendered 186/1591, time remaining: 58m 13s
Rendered 186/1591, time remaining: 58m 13s
Rendered 186/1591, time remaining: 58m 13s
Rendered 186/1591, time remaining: 58m 13s
Rendered 186/1591, time remaining: 58m 13s
Rendered 186/1591, time remaining: 58m 13s
Rendered 186/1591, time remaining: 58m 13s
Rendered 187/1591, time remaining: 58m 55s
Rendered 188/1591, time remaining: 58m 32s
Rendered 189/1591, time remaining: 58m 29s
Rendered 189/1591, time remaining: 58m 29s
Rendered 189/1591, time remaining: 58m 29s
Rendered 189/1591, time remaining: 58m 29s
Rendered 190/1591, time remaining: 58m 33s
Rendered 190/1591, time remaining: 58m 33s
Rendered 190/1591, time remaining: 58m 33s
Rendered 190/1591, time remaining: 58m 33s
Rendered 190/1591, time remaining: 58m 33s
Rendered 190/1591, time remaining: 58m 33s
Rendered 190/1591, time remaining: 58m 33s
Rendered 190/1591, time remaining: 58m 33s
Rendered 190/1591, time remaining: 58m 33s
Rendered 190/1591, time remaining: 58m 33s
Rendered 190/1591, time remaining: 58m 33s
Rendered 190/1591, time remaining: 58m 33s
Rendered 190/1591, time remaining: 58m 33s
Rendered 190/1591, time remaining: 58m 33s
Rendered 190/1591, time remaining: 58m 33s
Rendered 190/1591, time remaining: 58m 33s
Rendered 190/1591, time remaining: 58m 33s
Rendered 191/1591, time remaining: 58m 54s
Rendered 191/1591, time remaining: 58m 54s
Rendered 191/1591, time remaining: 58m 54s
Rendered 192/1591, time remaining: 58m 37s
Rendered 192/1591, time remaining: 58m 37s
Rendered 193/1591, time remaining: 58m 37s
Rendered 193/1591, time remaining: 58m 37s
Rendered 194/1591, time remaining: 58m 26s
Rendered 194/1591, time remaining: 58m 26s
Rendered 194/1591, time remaining: 58m 26s
Rendered 194/1591, time remaining: 58m 26s
Rendered 194/1591, time remaining: 58m 26s
Rendered 194/1591, time remaining: 58m 26s
Rendered 194/1591, time remaining: 58m 26s
Rendered 194/1591, time remaining: 58m 26s
Rendered 194/1591, time remaining: 58m 26s
Rendered 194/1591, time remaining: 58m 26s
Rendered 194/1591, time remaining: 58m 26s
Rendered 194/1591, time remaining: 58m 26s
Rendered 194/1591, time remaining: 58m 26s
Rendered 194/1591, time remaining: 58m 26s
Rendered 195/1591, time remaining: 58m 52s
Rendered 195/1591, time remaining: 58m 52s
Rendered 195/1591, time remaining: 58m 52s
Rendered 195/1591, time remaining: 58m 52s
Rendered 195/1591, time remaining: 58m 52s
Rendered 195/1591, time remaining: 58m 52s
Rendered 196/1591, time remaining: 57m 50s
Rendered 196/1591, time remaining: 57m 50s
Rendered 197/1591, time remaining: 57m 54s
Rendered 197/1591, time remaining: 57m 54s
Rendered 197/1591, time remaining: 57m 54s
Rendered 197/1591, time remaining: 57m 54s
Rendered 198/1591, time remaining: 58m 6s
Rendered 198/1591, time remaining: 58m 6s
Rendered 198/1591, time remaining: 58m 6s
Rendered 198/1591, time remaining: 58m 6s
Rendered 198/1591, time remaining: 58m 6s
Rendered 198/1591, time remaining: 58m 6s
Rendered 198/1591, time remaining: 58m 6s
Rendered 198/1591, time remaining: 58m 6s
Rendered 198/1591, time remaining: 58m 6s
Rendered 198/1591, time remaining: 58m 6s
Rendered 198/1591, time remaining: 58m 6s
Rendered 199/1591, time remaining: 58m 42s
Rendered 199/1591, time remaining: 58m 42s
Rendered 199/1591, time remaining: 58m 42s
Rendered 199/1591, time remaining: 58m 42s
Rendered 199/1591, time remaining: 58m 42s
Rendered 200/1591, time remaining: 57m 16s
Rendered 200/1591, time remaining: 57m 16s
Rendered 200/1591, time remaining: 57m 16s
Rendered 200/1591, time remaining: 57m 16s
Rendered 200/1591, time remaining: 57m 16s
Rendered 200/1591, time remaining: 57m 16s
Rendered 201/1591, time remaining: 57m 35s
Rendered 201/1591, time remaining: 57m 35s
Rendered 201/1591, time remaining: 57m 35s
Rendered 201/1591, time remaining: 57m 35s
Rendered 202/1591, time remaining: 57m 48s
Rendered 202/1591, time remaining: 57m 48s
Rendered 202/1591, time remaining: 57m 48s
Rendered 202/1591, time remaining: 57m 48s
Rendered 202/1591, time remaining: 57m 48s
Rendered 202/1591, time remaining: 57m 48s
Rendered 202/1591, time remaining: 57m 48s
Rendered 202/1591, time remaining: 57m 48s
Rendered 202/1591, time remaining: 57m 48s
Rendered 202/1591, time remaining: 57m 48s
Rendered 202/1591, time remaining: 57m 48s
Rendered 203/1591, time remaining: 58m 31s
Rendered 203/1591, time remaining: 58m 31s
Rendered 204/1591, time remaining: 57m 33s
Rendered 204/1591, time remaining: 57m 33s
Rendered 204/1591, time remaining: 57m 33s
Rendered 204/1591, time remaining: 57m 33s
Rendered 204/1591, time remaining: 57m 33s
Rendered 204/1591, time remaining: 57m 33s
Rendered 204/1591, time remaining: 57m 33s
Rendered 204/1591, time remaining: 57m 33s
Rendered 204/1591, time remaining: 57m 33s
Rendered 204/1591, time remaining: 57m 33s
Rendered 205/1591, time remaining: 58m 0s
Rendered 205/1591, time remaining: 58m 0s
Rendered 205/1591, time remaining: 58m 0s
Rendered 206/1591, time remaining: 57m 43s
Rendered 206/1591, time remaining: 57m 43s
Rendered 206/1591, time remaining: 57m 43s
Rendered 206/1591, time remaining: 57m 43s
Rendered 206/1591, time remaining: 57m 43s
Rendered 206/1591, time remaining: 57m 43s
Rendered 206/1591, time remaining: 57m 43s
Rendered 206/1591, time remaining: 57m 43s
Rendered 206/1591, time remaining: 57m 43s
Rendered 207/1591, time remaining: 58m 8s
Rendered 207/1591, time remaining: 58m 8s
Rendered 208/1591, time remaining: 57m 33s
Rendered 208/1591, time remaining: 57m 33s
Rendered 208/1591, time remaining: 57m 33s
Rendered 208/1591, time remaining: 57m 33s
Rendered 208/1591, time remaining: 57m 33s
Rendered 208/1591, time remaining: 57m 33s
Rendered 208/1591, time remaining: 57m 33s
Rendered 208/1591, time remaining: 57m 33s
Rendered 208/1591, time remaining: 57m 33s
Rendered 208/1591, time remaining: 57m 33s
Rendered 208/1591, time remaining: 57m 33s
Rendered 208/1591, time remaining: 57m 33s
Rendered 209/1591, time remaining: 58m 15s
Rendered 209/1591, time remaining: 58m 15s
Rendered 209/1591, time remaining: 58m 15s
Rendered 210/1591, time remaining: 57m 44s
Rendered 210/1591, time remaining: 57m 44s
Rendered 210/1591, time remaining: 57m 44s
Rendered 210/1591, time remaining: 57m 44s
Rendered 210/1591, time remaining: 57m 44s
Rendered 210/1591, time remaining: 57m 44s
Rendered 210/1591, time remaining: 57m 44s
Rendered 210/1591, time remaining: 57m 44s
Rendered 210/1591, time remaining: 57m 44s
Rendered 210/1591, time remaining: 57m 44s
Rendered 210/1591, time remaining: 57m 44s
Rendered 211/1591, time remaining: 58m 22s
Rendered 212/1591, time remaining: 57m 43s
Rendered 212/1591, time remaining: 57m 43s
Rendered 212/1591, time remaining: 57m 43s
Rendered 212/1591, time remaining: 57m 43s
Rendered 212/1591, time remaining: 57m 43s
Rendered 212/1591, time remaining: 57m 43s
Rendered 212/1591, time remaining: 57m 43s
Rendered 212/1591, time remaining: 57m 43s
Rendered 212/1591, time remaining: 57m 43s
Rendered 212/1591, time remaining: 57m 43s
Rendered 212/1591, time remaining: 57m 43s
Rendered 212/1591, time remaining: 57m 43s
Rendered 212/1591, time remaining: 57m 43s
Rendered 212/1591, time remaining: 57m 43s
Rendered 212/1591, time remaining: 57m 43s
Rendered 212/1591, time remaining: 57m 43s
Rendered 212/1591, time remaining: 57m 43s
Rendered 212/1591, time remaining: 57m 43s
Rendered 213/1591, time remaining: 58m 57s
Rendered 213/1591, time remaining: 58m 57s
Rendered 213/1591, time remaining: 58m 57s
Rendered 214/1591, time remaining: 58m 29s
Rendered 214/1591, time remaining: 58m 29s
Rendered 214/1591, time remaining: 58m 29s
Rendered 214/1591, time remaining: 58m 29s
Rendered 215/1591, time remaining: 58m 32s
Rendered 216/1591, time remaining: 57m 53s
Rendered 216/1591, time remaining: 57m 53s
Rendered 216/1591, time remaining: 57m 53s
Rendered 216/1591, time remaining: 57m 53s
Rendered 216/1591, time remaining: 57m 53s
Rendered 216/1591, time remaining: 57m 53s
Rendered 216/1591, time remaining: 57m 53s
Rendered 216/1591, time remaining: 57m 53s
Rendered 216/1591, time remaining: 57m 53s
Rendered 216/1591, time remaining: 57m 53s
Rendered 216/1591, time remaining: 57m 53s
Rendered 216/1591, time remaining: 57m 53s
Rendered 216/1591, time remaining: 57m 53s
Rendered 216/1591, time remaining: 57m 53s
Rendered 216/1591, time remaining: 57m 53s
Rendered 216/1591, time remaining: 57m 53s
Rendered 216/1591, time remaining: 57m 53s
Rendered 216/1591, time remaining: 57m 53s
Rendered 216/1591, time remaining: 57m 53s
Rendered 216/1591, time remaining: 57m 53s
Rendered 216/1591, time remaining: 57m 53s
Rendered 217/1591, time remaining: 59m 17s
Rendered 218/1591, time remaining: 58m 41s
Rendered 218/1591, time remaining: 58m 41s
Rendered 219/1591, time remaining: 58m 38s
Rendered 219/1591, time remaining: 58m 38s
Rendered 219/1591, time remaining: 58m 38s
Rendered 219/1591, time remaining: 58m 38s
Rendered 219/1591, time remaining: 58m 38s
Rendered 219/1591, time remaining: 58m 38s
Rendered 219/1591, time remaining: 58m 38s
Rendered 219/1591, time remaining: 58m 38s
Rendered 220/1591, time remaining: 58m 31s
Rendered 220/1591, time remaining: 58m 31s
Rendered 220/1591, time remaining: 58m 31s
Rendered 220/1591, time remaining: 58m 31s
Rendered 220/1591, time remaining: 58m 31s
Rendered 220/1591, time remaining: 58m 31s
Rendered 220/1591, time remaining: 58m 31s
Rendered 220/1591, time remaining: 58m 31s
Rendered 220/1591, time remaining: 58m 31s
Rendered 220/1591, time remaining: 58m 31s
Rendered 220/1591, time remaining: 58m 31s
Rendered 220/1591, time remaining: 58m 31s
Rendered 221/1591, time remaining: 59m 15s
Rendered 222/1591, time remaining: 58m 10s
Rendered 222/1591, time remaining: 58m 10s
Rendered 222/1591, time remaining: 58m 10s
Rendered 222/1591, time remaining: 58m 10s
Rendered 222/1591, time remaining: 58m 10s
Rendered 222/1591, time remaining: 58m 10s
Rendered 223/1591, time remaining: 58m 32s
Rendered 223/1591, time remaining: 58m 32s
Rendered 223/1591, time remaining: 58m 32s
Rendered 223/1591, time remaining: 58m 32s
Rendered 223/1591, time remaining: 58m 32s
Rendered 223/1591, time remaining: 58m 32s
Rendered 224/1591, time remaining: 58m 43s
Rendered 224/1591, time remaining: 58m 43s
Rendered 224/1591, time remaining: 58m 43s
Rendered 224/1591, time remaining: 58m 43s
Rendered 224/1591, time remaining: 58m 43s
Rendered 224/1591, time remaining: 58m 43s
Rendered 224/1591, time remaining: 58m 43s
Rendered 224/1591, time remaining: 58m 43s
Rendered 224/1591, time remaining: 58m 43s
Rendered 224/1591, time remaining: 58m 43s
Rendered 224/1591, time remaining: 58m 43s
Rendered 224/1591, time remaining: 58m 43s
Rendered 224/1591, time remaining: 58m 43s
Rendered 225/1591, time remaining: 59m 27s
Rendered 226/1591, time remaining: 58m 31s
Rendered 226/1591, time remaining: 58m 31s
Rendered 226/1591, time remaining: 58m 31s
Rendered 226/1591, time remaining: 58m 31s
Rendered 226/1591, time remaining: 58m 31s
Rendered 226/1591, time remaining: 58m 31s
Rendered 226/1591, time remaining: 58m 31s
Rendered 226/1591, time remaining: 58m 31s
Rendered 226/1591, time remaining: 58m 31s
Rendered 226/1591, time remaining: 58m 31s
Rendered 227/1591, time remaining: 58m 53s
Rendered 228/1591, time remaining: 58m 26s
Rendered 228/1591, time remaining: 58m 26s
Rendered 228/1591, time remaining: 58m 26s
Rendered 228/1591, time remaining: 58m 26s
Rendered 228/1591, time remaining: 58m 26s
Rendered 228/1591, time remaining: 58m 26s
Rendered 228/1591, time remaining: 58m 26s
Rendered 228/1591, time remaining: 58m 26s
Rendered 228/1591, time remaining: 58m 26s
Rendered 228/1591, time remaining: 58m 26s
Rendered 229/1591, time remaining: 59m 3s
Rendered 229/1591, time remaining: 59m 3s
Rendered 230/1591, time remaining: 58m 32s
Rendered 230/1591, time remaining: 58m 32s
Rendered 230/1591, time remaining: 58m 32s
Rendered 230/1591, time remaining: 58m 32s
Rendered 230/1591, time remaining: 58m 32s
Rendered 230/1591, time remaining: 58m 32s
Rendered 230/1591, time remaining: 58m 32s
Rendered 230/1591, time remaining: 58m 32s
Rendered 230/1591, time remaining: 58m 32s
Rendered 230/1591, time remaining: 58m 32s
Rendered 230/1591, time remaining: 58m 32s
Rendered 231/1591, time remaining: 58m 47s
Rendered 232/1591, time remaining: 58m 28s
Rendered 232/1591, time remaining: 58m 28s
Rendered 232/1591, time remaining: 58m 28s
Rendered 232/1591, time remaining: 58m 28s
Rendered 232/1591, time remaining: 58m 28s
Rendered 232/1591, time remaining: 58m 28s
Rendered 232/1591, time remaining: 58m 28s
Rendered 232/1591, time remaining: 58m 28s
Rendered 232/1591, time remaining: 58m 28s
Rendered 232/1591, time remaining: 58m 28s
Rendered 233/1591, time remaining: 59m 4s
Rendered 233/1591, time remaining: 59m 4s
Rendered 234/1591, time remaining: 58m 37s
Rendered 234/1591, time remaining: 58m 37s
Rendered 234/1591, time remaining: 58m 37s
Rendered 234/1591, time remaining: 58m 37s
Rendered 234/1591, time remaining: 58m 37s
Rendered 234/1591, time remaining: 58m 37s
Rendered 234/1591, time remaining: 58m 37s
Rendered 234/1591, time remaining: 58m 37s
Rendered 234/1591, time remaining: 58m 37s
Rendered 234/1591, time remaining: 58m 37s
Rendered 234/1591, time remaining: 58m 37s
Rendered 235/1591, time remaining: 58m 20s
Rendered 235/1591, time remaining: 58m 20s
Rendered 235/1591, time remaining: 58m 20s
Rendered 236/1591, time remaining: 58m 25s
Rendered 236/1591, time remaining: 58m 25s
Rendered 236/1591, time remaining: 58m 25s
Rendered 236/1591, time remaining: 58m 25s
Rendered 236/1591, time remaining: 58m 25s
Rendered 236/1591, time remaining: 58m 25s
Rendered 236/1591, time remaining: 58m 25s
Rendered 236/1591, time remaining: 58m 25s
Rendered 236/1591, time remaining: 58m 25s
Rendered 236/1591, time remaining: 58m 25s
Rendered 237/1591, time remaining: 59m 6s
Rendered 237/1591, time remaining: 59m 6s
Rendered 237/1591, time remaining: 59m 6s
Rendered 238/1591, time remaining: 59m 0s
Rendered 238/1591, time remaining: 59m 0s
Rendered 238/1591, time remaining: 59m 0s
Rendered 238/1591, time remaining: 59m 0s
Rendered 238/1591, time remaining: 59m 0s
Rendered 238/1591, time remaining: 59m 0s
Rendered 238/1591, time remaining: 59m 0s
Rendered 238/1591, time remaining: 59m 0s
Rendered 238/1591, time remaining: 59m 0s
Rendered 239/1591, time remaining: 58m 17s
Rendered 239/1591, time remaining: 58m 17s
Rendered 239/1591, time remaining: 58m 17s
Rendered 239/1591, time remaining: 58m 17s
Rendered 239/1591, time remaining: 58m 17s
Rendered 239/1591, time remaining: 58m 17s
Rendered 239/1591, time remaining: 58m 17s
Rendered 239/1591, time remaining: 58m 17s
Rendered 240/1591, time remaining: 58m 46s
Rendered 240/1591, time remaining: 58m 46s
Rendered 240/1591, time remaining: 58m 46s
Rendered 240/1591, time remaining: 58m 46s
Rendered 240/1591, time remaining: 58m 46s
Rendered 240/1591, time remaining: 58m 46s
Rendered 240/1591, time remaining: 58m 46s
Rendered 240/1591, time remaining: 58m 46s
Rendered 240/1591, time remaining: 58m 46s
Rendered 240/1591, time remaining: 58m 46s
Rendered 240/1591, time remaining: 58m 46s
Rendered 241/1591, time remaining: 59m 28s
Rendered 242/1591, time remaining: 59m 18s
Rendered 242/1591, time remaining: 59m 18s
Rendered 243/1591, time remaining: 58m 29s
Rendered 243/1591, time remaining: 58m 29s
Rendered 243/1591, time remaining: 58m 29s
Rendered 243/1591, time remaining: 58m 29s
Rendered 243/1591, time remaining: 58m 29s
Rendered 243/1591, time remaining: 58m 29s
Rendered 243/1591, time remaining: 58m 29s
Rendered 243/1591, time remaining: 58m 29s
Rendered 243/1591, time remaining: 58m 29s
Rendered 243/1591, time remaining: 58m 29s
Rendered 244/1591, time remaining: 58m 46s
Rendered 244/1591, time remaining: 58m 46s
Rendered 244/1591, time remaining: 58m 46s
Rendered 244/1591, time remaining: 58m 46s
Rendered 244/1591, time remaining: 58m 46s
Rendered 244/1591, time remaining: 58m 46s
Rendered 244/1591, time remaining: 58m 46s
Rendered 244/1591, time remaining: 58m 46s
Rendered 244/1591, time remaining: 58m 46s
Rendered 244/1591, time remaining: 58m 46s
Rendered 244/1591, time remaining: 58m 46s
Rendered 245/1591, time remaining: 59m 28s
Rendered 245/1591, time remaining: 59m 28s
Rendered 246/1591, time remaining: 59m 24s
Rendered 246/1591, time remaining: 59m 24s
Rendered 246/1591, time remaining: 59m 24s
Rendered 247/1591, time remaining: 58m 54s
Rendered 247/1591, time remaining: 58m 54s
Rendered 247/1591, time remaining: 58m 54s
Rendered 247/1591, time remaining: 58m 54s
Rendered 247/1591, time remaining: 58m 54s
Rendered 247/1591, time remaining: 58m 54s
Rendered 247/1591, time remaining: 58m 54s
Rendered 247/1591, time remaining: 58m 54s
Rendered 247/1591, time remaining: 58m 54s
Rendered 247/1591, time remaining: 58m 54s
Rendered 247/1591, time remaining: 58m 54s
Rendered 248/1591, time remaining: 58m 50s
Rendered 248/1591, time remaining: 58m 50s
Rendered 248/1591, time remaining: 58m 50s
Rendered 248/1591, time remaining: 58m 50s
Rendered 248/1591, time remaining: 58m 50s
Rendered 248/1591, time remaining: 58m 50s
Rendered 249/1591, time remaining: 59m 13s
Rendered 249/1591, time remaining: 59m 13s
Rendered 249/1591, time remaining: 59m 13s
Rendered 249/1591, time remaining: 59m 13s
Rendered 249/1591, time remaining: 59m 13s
Rendered 249/1591, time remaining: 59m 13s
Rendered 249/1591, time remaining: 59m 13s
Rendered 249/1591, time remaining: 59m 13s
Rendered 249/1591, time remaining: 59m 13s
Rendered 249/1591, time remaining: 59m 13s
Rendered 249/1591, time remaining: 59m 13s
Rendered 250/1591, time remaining: 59m 50s
Rendered 251/1591, time remaining: 59m 17s
Rendered 251/1591, time remaining: 59m 17s
Rendered 251/1591, time remaining: 59m 17s
Rendered 252/1591, time remaining: 58m 48s
Rendered 252/1591, time remaining: 58m 48s
Rendered 252/1591, time remaining: 58m 48s
Rendered 252/1591, time remaining: 58m 48s
Rendered 252/1591, time remaining: 58m 48s
Rendered 252/1591, time remaining: 58m 48s
Rendered 252/1591, time remaining: 58m 48s
Rendered 252/1591, time remaining: 58m 48s
Rendered 252/1591, time remaining: 58m 48s
Rendered 253/1591, time remaining: 59m 7s
Rendered 253/1591, time remaining: 59m 7s
Rendered 253/1591, time remaining: 59m 7s
Rendered 253/1591, time remaining: 59m 7s
Rendered 253/1591, time remaining: 59m 7s
Rendered 253/1591, time remaining: 59m 7s
Rendered 253/1591, time remaining: 59m 7s
Rendered 253/1591, time remaining: 59m 7s
Rendered 253/1591, time remaining: 59m 7s
Rendered 253/1591, time remaining: 59m 7s
Rendered 253/1591, time remaining: 59m 7s
Rendered 254/1591, time remaining: 59m 46s
Rendered 254/1591, time remaining: 59m 46s
Rendered 254/1591, time remaining: 59m 46s
Rendered 254/1591, time remaining: 59m 46s
Rendered 255/1591, time remaining: 59m 28s
Rendered 256/1591, time remaining: 58m 33s
Rendered 256/1591, time remaining: 58m 33s
Rendered 256/1591, time remaining: 58m 33s
Rendered 256/1591, time remaining: 58m 33s
Rendered 256/1591, time remaining: 58m 33s
Rendered 256/1591, time remaining: 58m 33s
Rendered 256/1591, time remaining: 58m 33s
Rendered 256/1591, time remaining: 58m 33s
Rendered 256/1591, time remaining: 58m 33s
Rendered 256/1591, time remaining: 58m 33s
Rendered 257/1591, time remaining: 59m 2s
Rendered 257/1591, time remaining: 59m 2s
Rendered 257/1591, time remaining: 59m 2s
Rendered 257/1591, time remaining: 59m 2s
Rendered 257/1591, time remaining: 59m 2s
Rendered 257/1591, time remaining: 59m 2s
Rendered 257/1591, time remaining: 59m 2s
Rendered 257/1591, time remaining: 59m 2s
Rendered 257/1591, time remaining: 59m 2s
Rendered 257/1591, time remaining: 59m 2s
Rendered 257/1591, time remaining: 59m 2s
Rendered 258/1591, time remaining: 59m 41s
Rendered 258/1591, time remaining: 59m 41s
Rendered 258/1591, time remaining: 59m 41s
Rendered 258/1591, time remaining: 59m 41s
Rendered 258/1591, time remaining: 59m 41s
Rendered 258/1591, time remaining: 59m 41s
Rendered 258/1591, time remaining: 59m 41s
Rendered 258/1591, time remaining: 59m 41s
Rendered 259/1591, time remaining: 59m 5s
Rendered 260/1591, time remaining: 58m 49s
Rendered 261/1591, time remaining: 58m 13s
Rendered 261/1591, time remaining: 58m 13s
Rendered 261/1591, time remaining: 58m 13s
Rendered 261/1591, time remaining: 58m 13s
Rendered 261/1591, time remaining: 58m 13s
Rendered 261/1591, time remaining: 58m 13s
Rendered 261/1591, time remaining: 58m 13s
Rendered 261/1591, time remaining: 58m 13s
Rendered 261/1591, time remaining: 58m 13s
Rendered 261/1591, time remaining: 58m 13s
Rendered 261/1591, time remaining: 58m 13s
Rendered 261/1591, time remaining: 58m 13s
Rendered 261/1591, time remaining: 58m 13s
Rendered 261/1591, time remaining: 58m 13s
Rendered 261/1591, time remaining: 58m 13s
Rendered 262/1591, time remaining: 59m 4s
Rendered 262/1591, time remaining: 59m 4s
Rendered 262/1591, time remaining: 59m 4s
Rendered 263/1591, time remaining: 58m 42s
Rendered 263/1591, time remaining: 58m 42s
Rendered 263/1591, time remaining: 58m 42s
Rendered 264/1591, time remaining: 58m 37s
Rendered 264/1591, time remaining: 58m 37s
Rendered 264/1591, time remaining: 58m 37s
Rendered 264/1591, time remaining: 58m 37s
Rendered 264/1591, time remaining: 58m 37s
Rendered 264/1591, time remaining: 58m 37s
Rendered 264/1591, time remaining: 58m 37s
Rendered 264/1591, time remaining: 58m 37s
Rendered 265/1591, time remaining: 58m 40s
Rendered 265/1591, time remaining: 58m 40s
Rendered 265/1591, time remaining: 58m 40s
Rendered 265/1591, time remaining: 58m 40s
Rendered 265/1591, time remaining: 58m 40s
Rendered 265/1591, time remaining: 58m 40s
Rendered 265/1591, time remaining: 58m 40s
Rendered 265/1591, time remaining: 58m 40s
Rendered 265/1591, time remaining: 58m 40s
Rendered 265/1591, time remaining: 58m 40s
Rendered 265/1591, time remaining: 58m 40s
Rendered 265/1591, time remaining: 58m 40s
Rendered 266/1591, time remaining: 59m 14s
Rendered 266/1591, time remaining: 59m 14s
Rendered 266/1591, time remaining: 59m 14s
Rendered 267/1591, time remaining: 58m 49s
Rendered 268/1591, time remaining: 58m 35s
Rendered 268/1591, time remaining: 58m 35s
Rendered 268/1591, time remaining: 58m 35s
Rendered 268/1591, time remaining: 58m 35s
Rendered 268/1591, time remaining: 58m 35s
Rendered 268/1591, time remaining: 58m 35s
Rendered 268/1591, time remaining: 58m 35s
Rendered 268/1591, time remaining: 58m 35s
Rendered 269/1591, time remaining: 58m 37s
Rendered 269/1591, time remaining: 58m 37s
Rendered 269/1591, time remaining: 58m 37s
Rendered 269/1591, time remaining: 58m 37s
Rendered 269/1591, time remaining: 58m 37s
Rendered 269/1591, time remaining: 58m 37s
Rendered 269/1591, time remaining: 58m 37s
Rendered 269/1591, time remaining: 58m 37s
Rendered 269/1591, time remaining: 58m 37s
Rendered 269/1591, time remaining: 58m 37s
Rendered 269/1591, time remaining: 58m 37s
Rendered 269/1591, time remaining: 58m 37s
Rendered 269/1591, time remaining: 58m 37s
Rendered 269/1591, time remaining: 58m 37s
Rendered 269/1591, time remaining: 58m 37s
Rendered 269/1591, time remaining: 58m 37s
Rendered 269/1591, time remaining: 58m 37s
Rendered 270/1591, time remaining: 59m 34s
Rendered 270/1591, time remaining: 59m 34s
Rendered 270/1591, time remaining: 59m 34s
Rendered 271/1591, time remaining: 59m 8s
Rendered 272/1591, time remaining: 58m 56s
Rendered 272/1591, time remaining: 58m 56s
Rendered 272/1591, time remaining: 58m 56s
Rendered 273/1591, time remaining: 58m 30s
Rendered 273/1591, time remaining: 58m 30s
Rendered 273/1591, time remaining: 58m 30s
Rendered 273/1591, time remaining: 58m 30s
Rendered 273/1591, time remaining: 58m 30s
Rendered 273/1591, time remaining: 58m 30s
Rendered 273/1591, time remaining: 58m 30s
Rendered 273/1591, time remaining: 58m 30s
Rendered 273/1591, time remaining: 58m 30s
Rendered 273/1591, time remaining: 58m 30s
Rendered 273/1591, time remaining: 58m 30s
Rendered 273/1591, time remaining: 58m 30s
Rendered 273/1591, time remaining: 58m 30s
Rendered 274/1591, time remaining: 59m 12s
Rendered 274/1591, time remaining: 59m 12s
Rendered 274/1591, time remaining: 59m 12s
Rendered 274/1591, time remaining: 59m 12s
Rendered 274/1591, time remaining: 59m 12s
Rendered 274/1591, time remaining: 59m 12s
Rendered 274/1591, time remaining: 59m 12s
Rendered 274/1591, time remaining: 59m 12s
Rendered 274/1591, time remaining: 59m 12s
Rendered 274/1591, time remaining: 59m 12s
Rendered 274/1591, time remaining: 59m 12s
Rendered 275/1591, time remaining: 59m 26s
Rendered 276/1591, time remaining: 58m 41s
Rendered 277/1591, time remaining: 58m 35s
Rendered 277/1591, time remaining: 58m 35s
Rendered 277/1591, time remaining: 58m 35s
Rendered 277/1591, time remaining: 58m 35s
Rendered 277/1591, time remaining: 58m 35s
Rendered 277/1591, time remaining: 58m 35s
Rendered 277/1591, time remaining: 58m 35s
Rendered 277/1591, time remaining: 58m 35s
Rendered 277/1591, time remaining: 58m 35s
Rendered 278/1591, time remaining: 58m 36s
Rendered 278/1591, time remaining: 58m 36s
Rendered 278/1591, time remaining: 58m 36s
Rendered 278/1591, time remaining: 58m 36s
Rendered 278/1591, time remaining: 58m 36s
Rendered 278/1591, time remaining: 58m 36s
Rendered 278/1591, time remaining: 58m 36s
Rendered 278/1591, time remaining: 58m 36s
Rendered 278/1591, time remaining: 58m 36s
Rendered 278/1591, time remaining: 58m 36s
Rendered 279/1591, time remaining: 59m 2s
Rendered 279/1591, time remaining: 59m 2s
Rendered 279/1591, time remaining: 59m 2s
Rendered 279/1591, time remaining: 59m 2s
Rendered 280/1591, time remaining: 58m 46s
Rendered 281/1591, time remaining: 58m 9s
Rendered 281/1591, time remaining: 58m 9s
Rendered 281/1591, time remaining: 58m 9s
Rendered 281/1591, time remaining: 58m 9s
Rendered 281/1591, time remaining: 58m 9s
Rendered 281/1591, time remaining: 58m 9s
Rendered 281/1591, time remaining: 58m 9s
Rendered 281/1591, time remaining: 58m 9s
Rendered 282/1591, time remaining: 58m 0s
Rendered 282/1591, time remaining: 58m 0s
Rendered 282/1591, time remaining: 58m 0s
Rendered 282/1591, time remaining: 58m 0s
Rendered 282/1591, time remaining: 58m 0s
Rendered 282/1591, time remaining: 58m 0s
Rendered 282/1591, time remaining: 58m 0s
Rendered 282/1591, time remaining: 58m 0s
Rendered 282/1591, time remaining: 58m 0s
Rendered 282/1591, time remaining: 58m 0s
Rendered 282/1591, time remaining: 58m 0s
Rendered 282/1591, time remaining: 58m 0s
Rendered 283/1591, time remaining: 58m 44s
Rendered 283/1591, time remaining: 58m 44s
Rendered 284/1591, time remaining: 58m 42s
Rendered 285/1591, time remaining: 58m 14s
Rendered 285/1591, time remaining: 58m 14s
Rendered 285/1591, time remaining: 58m 14s
Rendered 285/1591, time remaining: 58m 14s
Rendered 285/1591, time remaining: 58m 14s
Rendered 285/1591, time remaining: 58m 14s
Rendered 285/1591, time remaining: 58m 14s
Rendered 285/1591, time remaining: 58m 14s
Rendered 286/1591, time remaining: 57m 59s
Rendered 286/1591, time remaining: 57m 59s
Rendered 286/1591, time remaining: 57m 59s
Rendered 286/1591, time remaining: 57m 59s
Rendered 286/1591, time remaining: 57m 59s
Rendered 286/1591, time remaining: 57m 59s
Rendered 286/1591, time remaining: 57m 59s
Rendered 286/1591, time remaining: 57m 59s
Rendered 286/1591, time remaining: 57m 59s
Rendered 286/1591, time remaining: 57m 59s
Rendered 287/1591, time remaining: 58m 2s
Rendered 287/1591, time remaining: 58m 2s
Rendered 288/1591, time remaining: 58m 4s
Rendered 288/1591, time remaining: 58m 4s
Rendered 289/1591, time remaining: 57m 55s
Rendered 289/1591, time remaining: 57m 55s
Rendered 289/1591, time remaining: 57m 55s
Rendered 289/1591, time remaining: 57m 55s
Rendered 289/1591, time remaining: 57m 55s
Rendered 289/1591, time remaining: 57m 55s
Rendered 289/1591, time remaining: 57m 55s
Rendered 289/1591, time remaining: 57m 55s
Rendered 289/1591, time remaining: 57m 55s
Rendered 290/1591, time remaining: 57m 57s
Rendered 290/1591, time remaining: 57m 57s
Rendered 290/1591, time remaining: 57m 57s
Rendered 290/1591, time remaining: 57m 57s
Rendered 290/1591, time remaining: 57m 57s
Rendered 290/1591, time remaining: 57m 57s
Rendered 290/1591, time remaining: 57m 57s
Rendered 290/1591, time remaining: 57m 57s
Rendered 290/1591, time remaining: 57m 57s
Rendered 291/1591, time remaining: 57m 22s
Rendered 291/1591, time remaining: 57m 22s
Rendered 292/1591, time remaining: 57m 25s
Rendered 292/1591, time remaining: 57m 25s
Rendered 292/1591, time remaining: 57m 25s
Rendered 292/1591, time remaining: 57m 25s
Rendered 292/1591, time remaining: 57m 25s
Rendered 292/1591, time remaining: 57m 25s
Rendered 292/1591, time remaining: 57m 25s
Rendered 292/1591, time remaining: 57m 25s
Rendered 293/1591, time remaining: 57m 43s
Rendered 293/1591, time remaining: 57m 43s
Rendered 293/1591, time remaining: 57m 43s
Rendered 294/1591, time remaining: 57m 45s
Rendered 294/1591, time remaining: 57m 45s
Rendered 294/1591, time remaining: 57m 45s
Rendered 294/1591, time remaining: 57m 45s
Rendered 294/1591, time remaining: 57m 45s
Rendered 294/1591, time remaining: 57m 45s
Rendered 294/1591, time remaining: 57m 45s
Rendered 294/1591, time remaining: 57m 45s
Rendered 294/1591, time remaining: 57m 45s
Rendered 294/1591, time remaining: 57m 45s
Rendered 294/1591, time remaining: 57m 45s
Rendered 294/1591, time remaining: 57m 45s
Rendered 295/1591, time remaining: 57m 31s
Rendered 296/1591, time remaining: 57m 13s
Rendered 296/1591, time remaining: 57m 13s
Rendered 296/1591, time remaining: 57m 13s
Rendered 296/1591, time remaining: 57m 13s
Rendered 296/1591, time remaining: 57m 13s
Rendered 296/1591, time remaining: 57m 13s
Rendered 296/1591, time remaining: 57m 13s
Rendered 296/1591, time remaining: 57m 13s
Rendered 296/1591, time remaining: 57m 13s
Rendered 296/1591, time remaining: 57m 13s
Rendered 297/1591, time remaining: 57m 25s
Rendered 298/1591, time remaining: 57m 23s
Rendered 298/1591, time remaining: 57m 23s
Rendered 298/1591, time remaining: 57m 23s
Rendered 298/1591, time remaining: 57m 23s
Rendered 298/1591, time remaining: 57m 23s
Rendered 298/1591, time remaining: 57m 23s
Rendered 298/1591, time remaining: 57m 23s
Rendered 298/1591, time remaining: 57m 23s
Rendered 298/1591, time remaining: 57m 23s
Rendered 298/1591, time remaining: 57m 23s
Rendered 299/1591, time remaining: 57m 15s
Rendered 299/1591, time remaining: 57m 15s
Rendered 300/1591, time remaining: 57m 18s
Rendered 300/1591, time remaining: 57m 18s
Rendered 300/1591, time remaining: 57m 18s
Rendered 300/1591, time remaining: 57m 18s
Rendered 300/1591, time remaining: 57m 18s
Rendered 300/1591, time remaining: 57m 18s
Rendered 300/1591, time remaining: 57m 18s
Rendered 300/1591, time remaining: 57m 18s
Rendered 300/1591, time remaining: 57m 18s
Rendered 300/1591, time remaining: 57m 18s
Rendered 300/1591, time remaining: 57m 18s
Rendered 300/1591, time remaining: 57m 18s
Rendered 300/1591, time remaining: 57m 18s
Rendered 300/1591, time remaining: 57m 18s
Rendered 301/1591, time remaining: 57m 35s
Rendered 302/1591, time remaining: 57m 32s
Rendered 302/1591, time remaining: 57m 32s
Rendered 303/1591, time remaining: 56m 48s
Rendered 303/1591, time remaining: 56m 48s
Rendered 303/1591, time remaining: 56m 48s
Rendered 303/1591, time remaining: 56m 48s
Rendered 303/1591, time remaining: 56m 48s
Rendered 303/1591, time remaining: 56m 48s
Rendered 304/1591, time remaining: 57m 10s
Rendered 304/1591, time remaining: 57m 10s
Rendered 304/1591, time remaining: 57m 10s
Rendered 304/1591, time remaining: 57m 10s
Rendered 304/1591, time remaining: 57m 10s
Rendered 304/1591, time remaining: 57m 10s
Rendered 304/1591, time remaining: 57m 10s
Rendered 304/1591, time remaining: 57m 10s
Rendered 304/1591, time remaining: 57m 10s
Rendered 304/1591, time remaining: 57m 10s
Rendered 304/1591, time remaining: 57m 10s
Rendered 304/1591, time remaining: 57m 10s
Rendered 305/1591, time remaining: 57m 19s
Rendered 305/1591, time remaining: 57m 19s
Rendered 305/1591, time remaining: 57m 19s
Rendered 305/1591, time remaining: 57m 19s
Rendered 306/1591, time remaining: 57m 28s
Rendered 307/1591, time remaining: 57m 7s
Rendered 307/1591, time remaining: 57m 7s
Rendered 307/1591, time remaining: 57m 7s
Rendered 307/1591, time remaining: 57m 7s
Rendered 307/1591, time remaining: 57m 7s
Rendered 307/1591, time remaining: 57m 7s
Rendered 307/1591, time remaining: 57m 7s
Rendered 307/1591, time remaining: 57m 7s
Rendered 307/1591, time remaining: 57m 7s
Rendered 308/1591, time remaining: 57m 3s
Rendered 308/1591, time remaining: 57m 3s
Rendered 308/1591, time remaining: 57m 3s
Rendered 308/1591, time remaining: 57m 3s
Rendered 308/1591, time remaining: 57m 3s
Rendered 309/1591, time remaining: 56m 55s
Rendered 309/1591, time remaining: 56m 55s
Rendered 309/1591, time remaining: 56m 55s
Rendered 309/1591, time remaining: 56m 55s
Rendered 309/1591, time remaining: 56m 55s
Rendered 309/1591, time remaining: 56m 55s
Rendered 309/1591, time remaining: 56m 55s
Rendered 309/1591, time remaining: 56m 55s
Rendered 309/1591, time remaining: 56m 55s
Rendered 309/1591, time remaining: 56m 55s
Rendered 309/1591, time remaining: 56m 55s
Rendered 309/1591, time remaining: 56m 55s
Rendered 309/1591, time remaining: 56m 55s
Rendered 310/1591, time remaining: 57m 33s
Rendered 311/1591, time remaining: 56m 54s
Rendered 311/1591, time remaining: 56m 54s
Rendered 311/1591, time remaining: 56m 54s
Rendered 311/1591, time remaining: 56m 54s
Rendered 311/1591, time remaining: 56m 54s
Rendered 312/1591, time remaining: 56m 58s
Rendered 312/1591, time remaining: 56m 58s
Rendered 312/1591, time remaining: 56m 58s
Rendered 312/1591, time remaining: 56m 58s
Rendered 312/1591, time remaining: 56m 58s
Rendered 313/1591, time remaining: 56m 32s
Rendered 313/1591, time remaining: 56m 32s
Rendered 313/1591, time remaining: 56m 32s
Rendered 313/1591, time remaining: 56m 32s
Rendered 313/1591, time remaining: 56m 32s
Rendered 313/1591, time remaining: 56m 32s
Rendered 313/1591, time remaining: 56m 32s
Rendered 313/1591, time remaining: 56m 32s
Rendered 313/1591, time remaining: 56m 32s
Rendered 313/1591, time remaining: 56m 32s
Rendered 313/1591, time remaining: 56m 32s
Rendered 313/1591, time remaining: 56m 32s
Rendered 313/1591, time remaining: 56m 32s
Rendered 314/1591, time remaining: 57m 21s
Rendered 315/1591, time remaining: 56m 53s
Rendered 315/1591, time remaining: 56m 53s
Rendered 315/1591, time remaining: 56m 53s
Rendered 315/1591, time remaining: 56m 53s
Rendered 315/1591, time remaining: 56m 53s
Rendered 316/1591, time remaining: 56m 45s
Rendered 316/1591, time remaining: 56m 45s
Rendered 316/1591, time remaining: 56m 45s
Rendered 316/1591, time remaining: 56m 45s
Rendered 316/1591, time remaining: 56m 45s
Rendered 317/1591, time remaining: 56m 28s
Rendered 317/1591, time remaining: 56m 28s
Rendered 317/1591, time remaining: 56m 28s
Rendered 317/1591, time remaining: 56m 28s
Rendered 317/1591, time remaining: 56m 28s
Rendered 317/1591, time remaining: 56m 28s
Rendered 317/1591, time remaining: 56m 28s
Rendered 317/1591, time remaining: 56m 28s
Rendered 317/1591, time remaining: 56m 28s
Rendered 317/1591, time remaining: 56m 28s
Rendered 317/1591, time remaining: 56m 28s
Rendered 317/1591, time remaining: 56m 28s
Rendered 317/1591, time remaining: 56m 28s
Rendered 317/1591, time remaining: 56m 28s
Rendered 317/1591, time remaining: 56m 28s
Rendered 317/1591, time remaining: 56m 28s
Rendered 317/1591, time remaining: 56m 28s
Rendered 318/1591, time remaining: 57m 12s
Rendered 319/1591, time remaining: 56m 54s
Rendered 320/1591, time remaining: 56m 20s
Rendered 320/1591, time remaining: 56m 20s
Rendered 320/1591, time remaining: 56m 20s
Rendered 321/1591, time remaining: 56m 3s
Rendered 321/1591, time remaining: 56m 3s
Rendered 321/1591, time remaining: 56m 3s
Rendered 321/1591, time remaining: 56m 3s
Rendered 321/1591, time remaining: 56m 3s
Rendered 321/1591, time remaining: 56m 3s
Rendered 321/1591, time remaining: 56m 3s
Rendered 321/1591, time remaining: 56m 3s
Rendered 321/1591, time remaining: 56m 3s
Rendered 321/1591, time remaining: 56m 3s
Rendered 321/1591, time remaining: 56m 3s
Rendered 321/1591, time remaining: 56m 3s
Rendered 321/1591, time remaining: 56m 3s
Rendered 321/1591, time remaining: 56m 3s
Rendered 321/1591, time remaining: 56m 3s
Rendered 321/1591, time remaining: 56m 3s
Rendered 321/1591, time remaining: 56m 3s
Rendered 321/1591, time remaining: 56m 3s
Rendered 321/1591, time remaining: 56m 3s
Rendered 321/1591, time remaining: 56m 3s
Rendered 321/1591, time remaining: 56m 3s
Rendered 321/1591, time remaining: 56m 3s
Rendered 321/1591, time remaining: 56m 3s
Rendered 321/1591, time remaining: 56m 3s
Rendered 321/1591, time remaining: 56m 3s
Rendered 321/1591, time remaining: 56m 3s
Rendered 321/1591, time remaining: 56m 3s
Rendered 322/1591, time remaining: 57m 20s
Rendered 323/1591, time remaining: 57m 0s
Rendered 324/1591, time remaining: 56m 2s
Rendered 324/1591, time remaining: 56m 2s
Rendered 324/1591, time remaining: 56m 2s
Rendered 324/1591, time remaining: 56m 2s
Rendered 324/1591, time remaining: 56m 2s
Rendered 324/1591, time remaining: 56m 2s
Rendered 324/1591, time remaining: 56m 2s
Rendered 324/1591, time remaining: 56m 2s
Rendered 324/1591, time remaining: 56m 2s
Rendered 324/1591, time remaining: 56m 2s
Rendered 324/1591, time remaining: 56m 2s
Rendered 324/1591, time remaining: 56m 2s
Rendered 324/1591, time remaining: 56m 2s
Rendered 324/1591, time remaining: 56m 2s
Rendered 324/1591, time remaining: 56m 2s
Rendered 324/1591, time remaining: 56m 2s
Rendered 324/1591, time remaining: 56m 2s
Rendered 324/1591, time remaining: 56m 2s
Rendered 324/1591, time remaining: 56m 2s
Rendered 324/1591, time remaining: 56m 2s
Rendered 324/1591, time remaining: 56m 2s
Rendered 324/1591, time remaining: 56m 2s
Rendered 324/1591, time remaining: 56m 2s
Rendered 324/1591, time remaining: 56m 2s
Rendered 324/1591, time remaining: 56m 2s
Rendered 325/1591, time remaining: 57m 35s
Rendered 325/1591, time remaining: 57m 35s
Rendered 325/1591, time remaining: 57m 35s
Rendered 325/1591, time remaining: 57m 35s
Rendered 325/1591, time remaining: 57m 35s
Rendered 325/1591, time remaining: 57m 35s
Rendered 325/1591, time remaining: 57m 35s
Rendered 325/1591, time remaining: 57m 35s
Rendered 325/1591, time remaining: 57m 35s
Rendered 325/1591, time remaining: 57m 35s
Rendered 325/1591, time remaining: 57m 35s
Rendered 325/1591, time remaining: 57m 35s
Rendered 325/1591, time remaining: 57m 35s
Rendered 325/1591, time remaining: 57m 35s
Rendered 325/1591, time remaining: 57m 35s
Rendered 325/1591, time remaining: 57m 35s
Rendered 325/1591, time remaining: 57m 35s
Rendered 325/1591, time remaining: 57m 35s
Rendered 325/1591, time remaining: 57m 35s
Rendered 325/1591, time remaining: 57m 35s
Rendered 325/1591, time remaining: 57m 35s
Rendered 325/1591, time remaining: 57m 35s
Rendered 325/1591, time remaining: 57m 35s
Rendered 325/1591, time remaining: 57m 35s
Rendered 325/1591, time remaining: 57m 35s
Rendered 325/1591, time remaining: 57m 35s
Rendered 325/1591, time remaining: 57m 35s
Rendered 325/1591, time remaining: 57m 35s
Rendered 325/1591, time remaining: 57m 35s
Rendered 325/1591, time remaining: 57m 35s
Rendered 325/1591, time remaining: 57m 35s
Rendered 325/1591, time remaining: 57m 35s
Rendered 325/1591, time remaining: 57m 35s
Rendered 325/1591, time remaining: 57m 35s
Rendered 325/1591, time remaining: 57m 35s
Rendered 325/1591, time remaining: 57m 35s
Rendered 325/1591, time remaining: 57m 35s
Rendered 325/1591, time remaining: 57m 35s
Rendered 325/1591, time remaining: 57m 35s
Rendered 325/1591, time remaining: 57m 35s
Rendered 325/1591, time remaining: 57m 35s
Rendered 325/1591, time remaining: 57m 35s
Rendered 325/1591, time remaining: 57m 35s
Rendered 325/1591, time remaining: 57m 35s
Rendered 325/1591, time remaining: 57m 35s
Rendered 325/1591, time remaining: 57m 35s
Rendered 325/1591, time remaining: 57m 35s
Rendered 325/1591, time remaining: 57m 35s
Rendered 325/1591, time remaining: 57m 35s
Rendered 325/1591, time remaining: 57m 35s
Rendered 325/1591, time remaining: 57m 35s
Rendered 325/1591, time remaining: 57m 35s
Rendered 325/1591, time remaining: 57m 35s
Rendered 325/1591, time remaining: 57m 35s
Rendered 325/1591, time remaining: 57m 35s
Rendered 325/1591, time remaining: 57m 35s
Rendered 325/1591, time remaining: 57m 35s
Rendered 325/1591, time remaining: 57m 35s
Rendered 325/1591, time remaining: 57m 35s
Rendered 325/1591, time remaining: 57m 35s
Rendered 325/1591, time remaining: 57m 35s
Rendered 325/1591, time remaining: 57m 35s
Rendered 325/1591, time remaining: 57m 35s
Rendered 325/1591, time remaining: 57m 35s
Rendered 325/1591, time remaining: 57m 35s
Rendered 325/1591, time remaining: 57m 35s
Rendered 325/1591, time remaining: 57m 35s
Rendered 325/1591, time remaining: 57m 35s
Rendered 325/1591, time remaining: 57m 35s
Rendered 325/1591, time remaining: 57m 35s
Rendered 325/1591, time remaining: 57m 35s
Rendered 325/1591, time remaining: 57m 35s
Rendered 325/1591, time remaining: 57m 35s
Rendered 325/1591, time remaining: 57m 35s
Rendered 325/1591, time remaining: 57m 35s
Rendered 325/1591, time remaining: 57m 35s
Rendered 325/1591, time remaining: 57m 35s
Rendered 325/1591, time remaining: 57m 35s
Rendered 325/1591, time remaining: 57m 35s
Rendered 325/1591, time remaining: 57m 35s
Rendered 325/1591, time remaining: 57m 35s
Rendered 325/1591, time remaining: 57m 35s
Rendered 325/1591, time remaining: 57m 35s
Rendered 325/1591, time remaining: 57m 35s
Rendered 325/1591, time remaining: 57m 35s
Rendered 325/1591, time remaining: 57m 35s
Rendered 325/1591, time remaining: 57m 35s
Rendered 325/1591, time remaining: 57m 35s
Rendered 325/1591, time remaining: 57m 35s
Rendered 325/1591, time remaining: 57m 35s
Rendered 325/1591, time remaining: 57m 35s
Rendered 325/1591, time remaining: 57m 35s
Rendered 325/1591, time remaining: 57m 35s
Rendered 325/1591, time remaining: 57m 35s
Rendered 325/1591, time remaining: 57m 35s
Rendered 325/1591, time remaining: 57m 35s
Rendered 325/1591, time remaining: 57m 35s
Rendered 325/1591, time remaining: 57m 35s
Rendered 325/1591, time remaining: 57m 35s
Rendered 325/1591, time remaining: 57m 35s
Rendered 325/1591, time remaining: 57m 35s
Rendered 325/1591, time remaining: 57m 35s
Rendered 325/1591, time remaining: 57m 35s
Rendered 325/1591, time remaining: 57m 35s
Rendered 325/1591, time remaining: 57m 35s
Rendered 325/1591, time remaining: 57m 35s
Rendered 325/1591, time remaining: 57m 35s
Rendered 325/1591, time remaining: 57m 35s
Rendered 325/1591, time remaining: 57m 35s
Rendered 325/1591, time remaining: 57m 35s
Rendered 325/1591, time remaining: 57m 35s
Rendered 325/1591, time remaining: 57m 35s
Rendered 325/1591, time remaining: 57m 35s
Rendered 325/1591, time remaining: 57m 35s
Rendered 325/1591, time remaining: 57m 35s
Rendered 325/1591, time remaining: 57m 35s
Rendered 325/1591, time remaining: 57m 35s
Rendered 325/1591, time remaining: 57m 35s
Rendered 325/1591, time remaining: 57m 35s
Rendered 325/1591, time remaining: 57m 35s
Rendered 325/1591, time remaining: 57m 35s
Rendered 325/1591, time remaining: 57m 35s
Rendered 326/1591, time remaining: 1h 5m 46s
Rendered 327/1591, time remaining: 1h 5m 30s
Rendered 328/1591, time remaining: 1h 4m 45s
Rendered 329/1591, time remaining: 1h 4m 8s
Rendered 329/1591, time remaining: 1h 4m 8s
Rendered 329/1591, time remaining: 1h 4m 8s
Rendered 329/1591, time remaining: 1h 4m 8s
Rendered 329/1591, time remaining: 1h 4m 8s
Rendered 329/1591, time remaining: 1h 4m 8s
Rendered 329/1591, time remaining: 1h 4m 8s
Rendered 329/1591, time remaining: 1h 4m 8s
Rendered 329/1591, time remaining: 1h 4m 8s
Rendered 329/1591, time remaining: 1h 4m 8s
Rendered 329/1591, time remaining: 1h 4m 8s
Rendered 329/1591, time remaining: 1h 4m 8s
Rendered 329/1591, time remaining: 1h 4m 8s
Rendered 329/1591, time remaining: 1h 4m 8s
Rendered 329/1591, time remaining: 1h 4m 8s
Rendered 329/1591, time remaining: 1h 4m 8s
Rendered 329/1591, time remaining: 1h 4m 8s
Rendered 329/1591, time remaining: 1h 4m 8s
Rendered 329/1591, time remaining: 1h 4m 8s
Rendered 329/1591, time remaining: 1h 4m 8s
Rendered 329/1591, time remaining: 1h 4m 8s
Rendered 329/1591, time remaining: 1h 4m 8s
Rendered 329/1591, time remaining: 1h 4m 8s
Rendered 329/1591, time remaining: 1h 4m 8s
Rendered 329/1591, time remaining: 1h 4m 8s
Rendered 329/1591, time remaining: 1h 4m 8s
Rendered 329/1591, time remaining: 1h 4m 8s
Rendered 329/1591, time remaining: 1h 4m 8s
Rendered 329/1591, time remaining: 1h 4m 8s
Rendered 329/1591, time remaining: 1h 4m 8s
Rendered 329/1591, time remaining: 1h 4m 8s
Rendered 329/1591, time remaining: 1h 4m 8s
Rendered 329/1591, time remaining: 1h 4m 8s
Rendered 329/1591, time remaining: 1h 4m 8s
Rendered 329/1591, time remaining: 1h 4m 8s
Rendered 329/1591, time remaining: 1h 4m 8s
Rendered 329/1591, time remaining: 1h 4m 8s
Rendered 329/1591, time remaining: 1h 4m 8s
Rendered 329/1591, time remaining: 1h 4m 8s
Rendered 329/1591, time remaining: 1h 4m 8s
Rendered 329/1591, time remaining: 1h 4m 8s
Rendered 329/1591, time remaining: 1h 4m 8s
Rendered 329/1591, time remaining: 1h 4m 8s
Rendered 329/1591, time remaining: 1h 4m 8s
Rendered 329/1591, time remaining: 1h 4m 8s
Rendered 329/1591, time remaining: 1h 4m 8s
Rendered 329/1591, time remaining: 1h 4m 8s
Rendered 329/1591, time remaining: 1h 4m 8s
Rendered 329/1591, time remaining: 1h 4m 8s
Rendered 329/1591, time remaining: 1h 4m 8s
Rendered 329/1591, time remaining: 1h 4m 8s
Rendered 329/1591, time remaining: 1h 4m 8s
Rendered 329/1591, time remaining: 1h 4m 8s
Rendered 329/1591, time remaining: 1h 4m 8s
Rendered 329/1591, time remaining: 1h 4m 8s
Rendered 329/1591, time remaining: 1h 4m 8s
Rendered 329/1591, time remaining: 1h 4m 8s
Rendered 329/1591, time remaining: 1h 4m 8s
Rendered 329/1591, time remaining: 1h 4m 8s
Rendered 329/1591, time remaining: 1h 4m 8s
Rendered 329/1591, time remaining: 1h 4m 8s
Rendered 329/1591, time remaining: 1h 4m 8s
Rendered 329/1591, time remaining: 1h 4m 8s
Rendered 329/1591, time remaining: 1h 4m 8s
Rendered 329/1591, time remaining: 1h 4m 8s
Rendered 329/1591, time remaining: 1h 4m 8s
Rendered 329/1591, time remaining: 1h 4m 8s
Rendered 329/1591, time remaining: 1h 4m 8s
Rendered 329/1591, time remaining: 1h 4m 8s
Rendered 329/1591, time remaining: 1h 4m 8s
Rendered 329/1591, time remaining: 1h 4m 8s
Rendered 329/1591, time remaining: 1h 4m 8s
Rendered 329/1591, time remaining: 1h 4m 8s
Rendered 329/1591, time remaining: 1h 4m 8s
Rendered 329/1591, time remaining: 1h 4m 8s
Rendered 329/1591, time remaining: 1h 4m 8s
Rendered 329/1591, time remaining: 1h 4m 8s
Rendered 329/1591, time remaining: 1h 4m 8s
Rendered 329/1591, time remaining: 1h 4m 8s
Rendered 329/1591, time remaining: 1h 4m 8s
Rendered 329/1591, time remaining: 1h 4m 8s
Rendered 329/1591, time remaining: 1h 4m 8s
Rendered 329/1591, time remaining: 1h 4m 8s
Rendered 329/1591, time remaining: 1h 4m 8s
Rendered 329/1591, time remaining: 1h 4m 8s
Rendered 329/1591, time remaining: 1h 4m 8s
Rendered 329/1591, time remaining: 1h 4m 8s
Rendered 329/1591, time remaining: 1h 4m 8s
Rendered 329/1591, time remaining: 1h 4m 8s
Rendered 330/1591, time remaining: 1h 10m 18s
Rendered 331/1591, time remaining: 1h 9m 52s
Rendered 331/1591, time remaining: 1h 9m 52s
Rendered 331/1591, time remaining: 1h 9m 52s
Rendered 331/1591, time remaining: 1h 9m 52s
Rendered 331/1591, time remaining: 1h 9m 52s
Rendered 331/1591, time remaining: 1h 9m 52s
Rendered 331/1591, time remaining: 1h 9m 52s
Rendered 331/1591, time remaining: 1h 9m 52s
Rendered 331/1591, time remaining: 1h 9m 52s
Rendered 331/1591, time remaining: 1h 9m 52s
Rendered 331/1591, time remaining: 1h 9m 52s
Rendered 332/1591, time remaining: 1h 9m 46s
Rendered 333/1591, time remaining: 1h 8m 57s
Rendered 333/1591, time remaining: 1h 8m 57s
Rendered 333/1591, time remaining: 1h 8m 57s
Rendered 333/1591, time remaining: 1h 8m 57s
Rendered 333/1591, time remaining: 1h 8m 57s
Rendered 333/1591, time remaining: 1h 8m 57s
Rendered 333/1591, time remaining: 1h 8m 57s
Rendered 333/1591, time remaining: 1h 8m 57s
Rendered 333/1591, time remaining: 1h 8m 57s
Rendered 333/1591, time remaining: 1h 8m 57s
Rendered 333/1591, time remaining: 1h 8m 57s
Rendered 333/1591, time remaining: 1h 8m 57s
Rendered 333/1591, time remaining: 1h 8m 57s
Rendered 333/1591, time remaining: 1h 8m 57s
Rendered 333/1591, time remaining: 1h 8m 57s
Rendered 333/1591, time remaining: 1h 8m 57s
Rendered 333/1591, time remaining: 1h 8m 57s
Rendered 333/1591, time remaining: 1h 8m 57s
Rendered 333/1591, time remaining: 1h 8m 57s
Rendered 333/1591, time remaining: 1h 8m 57s
Rendered 333/1591, time remaining: 1h 8m 57s
Rendered 333/1591, time remaining: 1h 8m 57s
Rendered 333/1591, time remaining: 1h 8m 57s
Rendered 333/1591, time remaining: 1h 8m 57s
Rendered 333/1591, time remaining: 1h 8m 57s
Rendered 333/1591, time remaining: 1h 8m 57s
Rendered 333/1591, time remaining: 1h 8m 57s
Rendered 333/1591, time remaining: 1h 8m 57s
Rendered 333/1591, time remaining: 1h 8m 57s
Rendered 333/1591, time remaining: 1h 8m 57s
Rendered 333/1591, time remaining: 1h 8m 57s
Rendered 333/1591, time remaining: 1h 8m 57s
Rendered 333/1591, time remaining: 1h 8m 57s
Rendered 333/1591, time remaining: 1h 8m 57s
Rendered 333/1591, time remaining: 1h 8m 57s
Rendered 333/1591, time remaining: 1h 8m 57s
Rendered 333/1591, time remaining: 1h 8m 57s
Rendered 333/1591, time remaining: 1h 8m 57s
Rendered 333/1591, time remaining: 1h 8m 57s
Rendered 333/1591, time remaining: 1h 8m 57s
Rendered 333/1591, time remaining: 1h 8m 57s
Rendered 333/1591, time remaining: 1h 8m 57s
Rendered 333/1591, time remaining: 1h 8m 57s
Rendered 333/1591, time remaining: 1h 8m 57s
Rendered 333/1591, time remaining: 1h 8m 57s
Rendered 333/1591, time remaining: 1h 8m 57s
Rendered 333/1591, time remaining: 1h 8m 57s
Rendered 333/1591, time remaining: 1h 8m 57s
Rendered 333/1591, time remaining: 1h 8m 57s
Rendered 333/1591, time remaining: 1h 8m 57s
Rendered 333/1591, time remaining: 1h 8m 57s
Rendered 333/1591, time remaining: 1h 8m 57s
Rendered 333/1591, time remaining: 1h 8m 57s
Rendered 333/1591, time remaining: 1h 8m 57s
Rendered 333/1591, time remaining: 1h 8m 57s
Rendered 333/1591, time remaining: 1h 8m 57s
Rendered 333/1591, time remaining: 1h 8m 57s
Rendered 333/1591, time remaining: 1h 8m 57s
Rendered 333/1591, time remaining: 1h 8m 57s
Rendered 333/1591, time remaining: 1h 8m 57s
Rendered 333/1591, time remaining: 1h 8m 57s
Rendered 333/1591, time remaining: 1h 8m 57s
Rendered 333/1591, time remaining: 1h 8m 57s
Rendered 333/1591, time remaining: 1h 8m 57s
Rendered 333/1591, time remaining: 1h 8m 57s
Rendered 333/1591, time remaining: 1h 8m 57s
Rendered 333/1591, time remaining: 1h 8m 57s
Rendered 333/1591, time remaining: 1h 8m 57s
Rendered 333/1591, time remaining: 1h 8m 57s
Rendered 333/1591, time remaining: 1h 8m 57s
Rendered 333/1591, time remaining: 1h 8m 57s
Rendered 333/1591, time remaining: 1h 8m 57s
Rendered 333/1591, time remaining: 1h 8m 57s
Rendered 333/1591, time remaining: 1h 8m 57s
Rendered 333/1591, time remaining: 1h 8m 57s
Rendered 333/1591, time remaining: 1h 8m 57s
Rendered 333/1591, time remaining: 1h 8m 57s
Rendered 333/1591, time remaining: 1h 8m 57s
Rendered 333/1591, time remaining: 1h 8m 57s
Rendered 333/1591, time remaining: 1h 8m 57s
Rendered 333/1591, time remaining: 1h 8m 57s
Rendered 333/1591, time remaining: 1h 8m 57s
Rendered 334/1591, time remaining: 1h 14m 30s
Rendered 334/1591, time remaining: 1h 14m 30s
Rendered 334/1591, time remaining: 1h 14m 30s
Rendered 334/1591, time remaining: 1h 14m 30s
Rendered 334/1591, time remaining: 1h 14m 30s
Rendered 334/1591, time remaining: 1h 14m 30s
Rendered 334/1591, time remaining: 1h 14m 30s
Rendered 334/1591, time remaining: 1h 14m 30s
Rendered 334/1591, time remaining: 1h 14m 30s
Rendered 334/1591, time remaining: 1h 14m 30s
Rendered 334/1591, time remaining: 1h 14m 30s
Rendered 334/1591, time remaining: 1h 14m 30s
Rendered 334/1591, time remaining: 1h 14m 30s
Rendered 335/1591, time remaining: 1h 15m 20s
Rendered 336/1591, time remaining: 1h 15m 0s
Rendered 336/1591, time remaining: 1h 15m 0s
Rendered 337/1591, time remaining: 1h 13m 34s
Rendered 337/1591, time remaining: 1h 13m 34s
Rendered 337/1591, time remaining: 1h 13m 34s
Rendered 337/1591, time remaining: 1h 13m 34s
Rendered 337/1591, time remaining: 1h 13m 34s
Rendered 337/1591, time remaining: 1h 13m 34s
Rendered 337/1591, time remaining: 1h 13m 34s
Rendered 337/1591, time remaining: 1h 13m 34s
Rendered 337/1591, time remaining: 1h 13m 34s
Rendered 337/1591, time remaining: 1h 13m 34s
Rendered 337/1591, time remaining: 1h 13m 34s
Rendered 337/1591, time remaining: 1h 13m 34s
Rendered 337/1591, time remaining: 1h 13m 34s
Rendered 337/1591, time remaining: 1h 13m 34s
Rendered 337/1591, time remaining: 1h 13m 34s
Rendered 337/1591, time remaining: 1h 13m 34s
Rendered 337/1591, time remaining: 1h 13m 34s
Rendered 337/1591, time remaining: 1h 13m 34s
Rendered 337/1591, time remaining: 1h 13m 34s
Rendered 337/1591, time remaining: 1h 13m 34s
Rendered 337/1591, time remaining: 1h 13m 34s
Rendered 337/1591, time remaining: 1h 13m 34s
Rendered 337/1591, time remaining: 1h 13m 34s
Rendered 337/1591, time remaining: 1h 13m 34s
Rendered 337/1591, time remaining: 1h 13m 34s
Rendered 337/1591, time remaining: 1h 13m 34s
Rendered 337/1591, time remaining: 1h 13m 34s
Rendered 337/1591, time remaining: 1h 13m 34s
Rendered 337/1591, time remaining: 1h 13m 34s
Rendered 337/1591, time remaining: 1h 13m 34s
Rendered 337/1591, time remaining: 1h 13m 34s
Rendered 337/1591, time remaining: 1h 13m 34s
Rendered 337/1591, time remaining: 1h 13m 34s
Rendered 337/1591, time remaining: 1h 13m 34s
Rendered 337/1591, time remaining: 1h 13m 34s
Rendered 337/1591, time remaining: 1h 13m 34s
Rendered 337/1591, time remaining: 1h 13m 34s
Rendered 337/1591, time remaining: 1h 13m 34s
Rendered 337/1591, time remaining: 1h 13m 34s
Rendered 337/1591, time remaining: 1h 13m 34s
Rendered 337/1591, time remaining: 1h 13m 34s
Rendered 337/1591, time remaining: 1h 13m 34s
Rendered 337/1591, time remaining: 1h 13m 34s
Rendered 337/1591, time remaining: 1h 13m 34s
Rendered 337/1591, time remaining: 1h 13m 34s
Rendered 337/1591, time remaining: 1h 13m 34s
Rendered 337/1591, time remaining: 1h 13m 34s
Rendered 337/1591, time remaining: 1h 13m 34s
Rendered 337/1591, time remaining: 1h 13m 34s
Rendered 337/1591, time remaining: 1h 13m 34s
Rendered 337/1591, time remaining: 1h 13m 34s
Rendered 337/1591, time remaining: 1h 13m 34s
Rendered 337/1591, time remaining: 1h 13m 34s
Rendered 337/1591, time remaining: 1h 13m 34s
Rendered 337/1591, time remaining: 1h 13m 34s
Rendered 337/1591, time remaining: 1h 13m 34s
Rendered 337/1591, time remaining: 1h 13m 34s
Rendered 337/1591, time remaining: 1h 13m 34s
Rendered 337/1591, time remaining: 1h 13m 34s
Rendered 337/1591, time remaining: 1h 13m 34s
Rendered 337/1591, time remaining: 1h 13m 34s
Rendered 337/1591, time remaining: 1h 13m 34s
Rendered 337/1591, time remaining: 1h 13m 34s
Rendered 337/1591, time remaining: 1h 13m 34s
Rendered 337/1591, time remaining: 1h 13m 34s
Rendered 337/1591, time remaining: 1h 13m 34s
Rendered 337/1591, time remaining: 1h 13m 34s
Rendered 337/1591, time remaining: 1h 13m 34s
Rendered 337/1591, time remaining: 1h 13m 34s
Rendered 338/1591, time remaining: 1h 18m 15s
Rendered 338/1591, time remaining: 1h 18m 15s
Rendered 338/1591, time remaining: 1h 18m 15s
Rendered 338/1591, time remaining: 1h 18m 15s
Rendered 338/1591, time remaining: 1h 18m 15s
Rendered 338/1591, time remaining: 1h 18m 15s
Rendered 338/1591, time remaining: 1h 18m 15s
Rendered 339/1591, time remaining: 1h 18m 39s
Rendered 339/1591, time remaining: 1h 18m 39s
Rendered 339/1591, time remaining: 1h 18m 39s
Rendered 339/1591, time remaining: 1h 18m 39s
Rendered 339/1591, time remaining: 1h 18m 39s
Rendered 339/1591, time remaining: 1h 18m 39s
Rendered 339/1591, time remaining: 1h 18m 39s
Rendered 339/1591, time remaining: 1h 18m 39s
Rendered 339/1591, time remaining: 1h 18m 39s
Rendered 339/1591, time remaining: 1h 18m 39s
Rendered 339/1591, time remaining: 1h 18m 39s
Rendered 339/1591, time remaining: 1h 18m 39s
Rendered 339/1591, time remaining: 1h 18m 39s
Rendered 339/1591, time remaining: 1h 18m 39s
Rendered 339/1591, time remaining: 1h 18m 39s
Rendered 339/1591, time remaining: 1h 18m 39s
Rendered 339/1591, time remaining: 1h 18m 39s
Rendered 339/1591, time remaining: 1h 18m 39s
Rendered 339/1591, time remaining: 1h 18m 39s
Rendered 339/1591, time remaining: 1h 18m 39s
Rendered 340/1591, time remaining: 1h 19m 39s
Rendered 341/1591, time remaining: 1h 18m 29s
Rendered 341/1591, time remaining: 1h 18m 29s
Rendered 341/1591, time remaining: 1h 18m 29s
Rendered 341/1591, time remaining: 1h 18m 29s
Rendered 341/1591, time remaining: 1h 18m 29s
Rendered 341/1591, time remaining: 1h 18m 29s
Rendered 341/1591, time remaining: 1h 18m 29s
Rendered 341/1591, time remaining: 1h 18m 29s
Rendered 341/1591, time remaining: 1h 18m 29s
Rendered 341/1591, time remaining: 1h 18m 29s
Rendered 341/1591, time remaining: 1h 18m 29s
Rendered 341/1591, time remaining: 1h 18m 29s
Rendered 341/1591, time remaining: 1h 18m 29s
Rendered 341/1591, time remaining: 1h 18m 29s
Rendered 341/1591, time remaining: 1h 18m 29s
Rendered 341/1591, time remaining: 1h 18m 29s
Rendered 341/1591, time remaining: 1h 18m 29s
Rendered 341/1591, time remaining: 1h 18m 29s
Rendered 341/1591, time remaining: 1h 18m 29s
Rendered 341/1591, time remaining: 1h 18m 29s
Rendered 341/1591, time remaining: 1h 18m 29s
Rendered 341/1591, time remaining: 1h 18m 29s
Rendered 341/1591, time remaining: 1h 18m 29s
Rendered 341/1591, time remaining: 1h 18m 29s
Rendered 341/1591, time remaining: 1h 18m 29s
Rendered 341/1591, time remaining: 1h 18m 29s
Rendered 341/1591, time remaining: 1h 18m 29s
Rendered 341/1591, time remaining: 1h 18m 29s
Rendered 341/1591, time remaining: 1h 18m 29s
Rendered 341/1591, time remaining: 1h 18m 29s
Rendered 341/1591, time remaining: 1h 18m 29s
Rendered 341/1591, time remaining: 1h 18m 29s
Rendered 341/1591, time remaining: 1h 18m 29s
Rendered 341/1591, time remaining: 1h 18m 29s
Rendered 341/1591, time remaining: 1h 18m 29s
Rendered 341/1591, time remaining: 1h 18m 29s
Rendered 341/1591, time remaining: 1h 18m 29s
Rendered 341/1591, time remaining: 1h 18m 29s
Rendered 341/1591, time remaining: 1h 18m 29s
Rendered 341/1591, time remaining: 1h 18m 29s
Rendered 341/1591, time remaining: 1h 18m 29s
Rendered 341/1591, time remaining: 1h 18m 29s
Rendered 341/1591, time remaining: 1h 18m 29s
Rendered 341/1591, time remaining: 1h 18m 29s
Rendered 341/1591, time remaining: 1h 18m 29s
Rendered 341/1591, time remaining: 1h 18m 29s
Rendered 341/1591, time remaining: 1h 18m 29s
Rendered 341/1591, time remaining: 1h 18m 29s
Rendered 342/1591, time remaining: 1h 21m 33s
Rendered 343/1591, time remaining: 1h 21m 23s
Rendered 343/1591, time remaining: 1h 21m 23s
Rendered 343/1591, time remaining: 1h 21m 23s
Rendered 343/1591, time remaining: 1h 21m 23s
Rendered 343/1591, time remaining: 1h 21m 23s
Rendered 344/1591, time remaining: 1h 21m 31s
Rendered 344/1591, time remaining: 1h 21m 31s
Rendered 344/1591, time remaining: 1h 21m 31s
Rendered 344/1591, time remaining: 1h 21m 31s
Rendered 344/1591, time remaining: 1h 21m 31s
Rendered 345/1591, time remaining: 1h 20m 53s
Rendered 345/1591, time remaining: 1h 20m 53s
Rendered 345/1591, time remaining: 1h 20m 53s
Rendered 345/1591, time remaining: 1h 20m 53s
Rendered 345/1591, time remaining: 1h 20m 53s
Rendered 345/1591, time remaining: 1h 20m 53s
Rendered 345/1591, time remaining: 1h 20m 53s
Rendered 345/1591, time remaining: 1h 20m 53s
Rendered 345/1591, time remaining: 1h 20m 53s
Rendered 345/1591, time remaining: 1h 20m 53s
Rendered 345/1591, time remaining: 1h 20m 53s
Rendered 345/1591, time remaining: 1h 20m 53s
Rendered 346/1591, time remaining: 1h 21m 14s
Rendered 347/1591, time remaining: 1h 21m 4s
Rendered 347/1591, time remaining: 1h 21m 4s
Rendered 347/1591, time remaining: 1h 21m 4s
Rendered 347/1591, time remaining: 1h 21m 4s
Rendered 347/1591, time remaining: 1h 21m 4s
Rendered 347/1591, time remaining: 1h 21m 4s
Rendered 347/1591, time remaining: 1h 21m 4s
Rendered 347/1591, time remaining: 1h 21m 4s
Rendered 347/1591, time remaining: 1h 21m 4s
Rendered 348/1591, time remaining: 1h 21m 23s
Rendered 348/1591, time remaining: 1h 21m 23s
Rendered 348/1591, time remaining: 1h 21m 23s
Rendered 349/1591, time remaining: 1h 20m 44s
Rendered 349/1591, time remaining: 1h 20m 44s
Rendered 349/1591, time remaining: 1h 20m 44s
Rendered 349/1591, time remaining: 1h 20m 44s
Rendered 349/1591, time remaining: 1h 20m 44s
Rendered 349/1591, time remaining: 1h 20m 44s
Rendered 349/1591, time remaining: 1h 20m 44s
Rendered 349/1591, time remaining: 1h 20m 44s
Rendered 349/1591, time remaining: 1h 20m 44s
Rendered 349/1591, time remaining: 1h 20m 44s
Rendered 349/1591, time remaining: 1h 20m 44s
Rendered 349/1591, time remaining: 1h 20m 44s
Rendered 349/1591, time remaining: 1h 20m 44s
Rendered 349/1591, time remaining: 1h 20m 44s
Rendered 349/1591, time remaining: 1h 20m 44s
Rendered 350/1591, time remaining: 1h 21m 24s
Rendered 351/1591, time remaining: 1h 21m 0s
Rendered 351/1591, time remaining: 1h 21m 0s
Rendered 351/1591, time remaining: 1h 21m 0s
Rendered 352/1591, time remaining: 1h 20m 49s
Rendered 352/1591, time remaining: 1h 20m 49s
Rendered 352/1591, time remaining: 1h 20m 49s
Rendered 352/1591, time remaining: 1h 20m 49s
Rendered 352/1591, time remaining: 1h 20m 49s
Rendered 352/1591, time remaining: 1h 20m 49s
Rendered 352/1591, time remaining: 1h 20m 49s
Rendered 352/1591, time remaining: 1h 20m 49s
Rendered 352/1591, time remaining: 1h 20m 49s
Rendered 352/1591, time remaining: 1h 20m 49s
Rendered 353/1591, time remaining: 1h 20m 39s
Rendered 353/1591, time remaining: 1h 20m 39s
Rendered 353/1591, time remaining: 1h 20m 39s
Rendered 353/1591, time remaining: 1h 20m 39s
Rendered 353/1591, time remaining: 1h 20m 39s
Rendered 353/1591, time remaining: 1h 20m 39s
Rendered 353/1591, time remaining: 1h 20m 39s
Rendered 353/1591, time remaining: 1h 20m 39s
Rendered 353/1591, time remaining: 1h 20m 39s
Rendered 353/1591, time remaining: 1h 20m 39s
Rendered 353/1591, time remaining: 1h 20m 39s
Rendered 353/1591, time remaining: 1h 20m 39s
Rendered 354/1591, time remaining: 1h 21m 18s
Rendered 355/1591, time remaining: 1h 20m 38s
Rendered 355/1591, time remaining: 1h 20m 38s
Rendered 355/1591, time remaining: 1h 20m 38s
Rendered 355/1591, time remaining: 1h 20m 38s
Rendered 356/1591, time remaining: 1h 20m 39s
Rendered 356/1591, time remaining: 1h 20m 39s
Rendered 356/1591, time remaining: 1h 20m 39s
Rendered 356/1591, time remaining: 1h 20m 39s
Rendered 356/1591, time remaining: 1h 20m 39s
Rendered 356/1591, time remaining: 1h 20m 39s
Rendered 356/1591, time remaining: 1h 20m 39s
Rendered 357/1591, time remaining: 1h 20m 25s
Rendered 357/1591, time remaining: 1h 20m 25s
Rendered 357/1591, time remaining: 1h 20m 25s
Rendered 357/1591, time remaining: 1h 20m 25s
Rendered 357/1591, time remaining: 1h 20m 25s
Rendered 357/1591, time remaining: 1h 20m 25s
Rendered 357/1591, time remaining: 1h 20m 25s
Rendered 357/1591, time remaining: 1h 20m 25s
Rendered 357/1591, time remaining: 1h 20m 25s
Rendered 357/1591, time remaining: 1h 20m 25s
Rendered 357/1591, time remaining: 1h 20m 25s
Rendered 358/1591, time remaining: 1h 21m 0s
Rendered 358/1591, time remaining: 1h 21m 0s
Rendered 358/1591, time remaining: 1h 21m 0s
Rendered 359/1591, time remaining: 1h 20m 17s
Rendered 359/1591, time remaining: 1h 20m 17s
Rendered 360/1591, time remaining: 1h 20m 11s
Rendered 360/1591, time remaining: 1h 20m 11s
Rendered 360/1591, time remaining: 1h 20m 11s
Rendered 360/1591, time remaining: 1h 20m 11s
Rendered 360/1591, time remaining: 1h 20m 11s
Rendered 360/1591, time remaining: 1h 20m 11s
Rendered 360/1591, time remaining: 1h 20m 11s
Rendered 360/1591, time remaining: 1h 20m 11s
Rendered 360/1591, time remaining: 1h 20m 11s
Rendered 361/1591, time remaining: 1h 19m 58s
Rendered 361/1591, time remaining: 1h 19m 58s
Rendered 361/1591, time remaining: 1h 19m 58s
Rendered 361/1591, time remaining: 1h 19m 58s
Rendered 361/1591, time remaining: 1h 19m 58s
Rendered 361/1591, time remaining: 1h 19m 58s
Rendered 361/1591, time remaining: 1h 19m 58s
Rendered 361/1591, time remaining: 1h 19m 58s
Rendered 361/1591, time remaining: 1h 19m 58s
Rendered 361/1591, time remaining: 1h 19m 58s
Rendered 362/1591, time remaining: 1h 20m 34s
Rendered 362/1591, time remaining: 1h 20m 34s
Rendered 362/1591, time remaining: 1h 20m 34s
Rendered 363/1591, time remaining: 1h 19m 23s
Rendered 363/1591, time remaining: 1h 19m 23s
Rendered 364/1591, time remaining: 1h 19m 17s
Rendered 364/1591, time remaining: 1h 19m 17s
Rendered 364/1591, time remaining: 1h 19m 17s
Rendered 364/1591, time remaining: 1h 19m 17s
Rendered 364/1591, time remaining: 1h 19m 17s
Rendered 364/1591, time remaining: 1h 19m 17s
Rendered 364/1591, time remaining: 1h 19m 17s
Rendered 364/1591, time remaining: 1h 19m 17s
Rendered 364/1591, time remaining: 1h 19m 17s
Rendered 365/1591, time remaining: 1h 19m 37s
Rendered 365/1591, time remaining: 1h 19m 37s
Rendered 365/1591, time remaining: 1h 19m 37s
Rendered 365/1591, time remaining: 1h 19m 37s
Rendered 365/1591, time remaining: 1h 19m 37s
Rendered 365/1591, time remaining: 1h 19m 37s
Rendered 365/1591, time remaining: 1h 19m 37s
Rendered 365/1591, time remaining: 1h 19m 37s
Rendered 365/1591, time remaining: 1h 19m 37s
Rendered 365/1591, time remaining: 1h 19m 37s
Rendered 365/1591, time remaining: 1h 19m 37s
Rendered 366/1591, time remaining: 1h 20m 13s
Rendered 366/1591, time remaining: 1h 20m 13s
Rendered 366/1591, time remaining: 1h 20m 13s
Rendered 367/1591, time remaining: 1h 18m 51s
Rendered 367/1591, time remaining: 1h 18m 51s
Rendered 368/1591, time remaining: 1h 18m 53s
Rendered 368/1591, time remaining: 1h 18m 53s
Rendered 368/1591, time remaining: 1h 18m 53s
Rendered 368/1591, time remaining: 1h 18m 53s
Rendered 368/1591, time remaining: 1h 18m 53s
Rendered 368/1591, time remaining: 1h 18m 53s
Rendered 368/1591, time remaining: 1h 18m 53s
Rendered 368/1591, time remaining: 1h 18m 53s
Rendered 368/1591, time remaining: 1h 18m 53s
Rendered 368/1591, time remaining: 1h 18m 53s
Rendered 369/1591, time remaining: 1h 19m 21s
Rendered 369/1591, time remaining: 1h 19m 21s
Rendered 369/1591, time remaining: 1h 19m 21s
Rendered 369/1591, time remaining: 1h 19m 21s
Rendered 369/1591, time remaining: 1h 19m 21s
Rendered 369/1591, time remaining: 1h 19m 21s
Rendered 369/1591, time remaining: 1h 19m 21s
Rendered 369/1591, time remaining: 1h 19m 21s
Rendered 369/1591, time remaining: 1h 19m 21s
Rendered 369/1591, time remaining: 1h 19m 21s
Rendered 369/1591, time remaining: 1h 19m 21s
Rendered 369/1591, time remaining: 1h 19m 21s
Rendered 370/1591, time remaining: 1h 19m 34s
Rendered 371/1591, time remaining: 1h 18m 48s
Rendered 371/1591, time remaining: 1h 18m 48s
Rendered 371/1591, time remaining: 1h 18m 48s
Rendered 371/1591, time remaining: 1h 18m 48s
Rendered 371/1591, time remaining: 1h 18m 48s
Rendered 371/1591, time remaining: 1h 18m 48s
Rendered 371/1591, time remaining: 1h 18m 48s
Rendered 371/1591, time remaining: 1h 18m 48s
Rendered 371/1591, time remaining: 1h 18m 48s
Rendered 371/1591, time remaining: 1h 18m 48s
Rendered 371/1591, time remaining: 1h 18m 48s
Rendered 372/1591, time remaining: 1h 19m 21s
Rendered 372/1591, time remaining: 1h 19m 21s
Rendered 373/1591, time remaining: 1h 19m 0s
Rendered 373/1591, time remaining: 1h 19m 0s
Rendered 373/1591, time remaining: 1h 19m 0s
Rendered 373/1591, time remaining: 1h 19m 0s
Rendered 373/1591, time remaining: 1h 19m 0s
Rendered 373/1591, time remaining: 1h 19m 0s
Rendered 373/1591, time remaining: 1h 19m 0s
Rendered 373/1591, time remaining: 1h 19m 0s
Rendered 373/1591, time remaining: 1h 19m 0s
Rendered 374/1591, time remaining: 1h 19m 14s
Rendered 374/1591, time remaining: 1h 19m 14s
Rendered 374/1591, time remaining: 1h 19m 14s
Rendered 375/1591, time remaining: 1h 18m 29s
Rendered 375/1591, time remaining: 1h 18m 29s
Rendered 375/1591, time remaining: 1h 18m 29s
Rendered 375/1591, time remaining: 1h 18m 29s
Rendered 375/1591, time remaining: 1h 18m 29s
Rendered 375/1591, time remaining: 1h 18m 29s
Rendered 375/1591, time remaining: 1h 18m 29s
Rendered 375/1591, time remaining: 1h 18m 29s
Rendered 375/1591, time remaining: 1h 18m 29s
Rendered 375/1591, time remaining: 1h 18m 29s
Rendered 376/1591, time remaining: 1h 19m 0s
Rendered 376/1591, time remaining: 1h 19m 0s
Rendered 377/1591, time remaining: 1h 18m 25s
Rendered 377/1591, time remaining: 1h 18m 25s
Rendered 377/1591, time remaining: 1h 18m 25s
Rendered 377/1591, time remaining: 1h 18m 25s
Rendered 377/1591, time remaining: 1h 18m 25s
Rendered 377/1591, time remaining: 1h 18m 25s
Rendered 377/1591, time remaining: 1h 18m 25s
Rendered 377/1591, time remaining: 1h 18m 25s
Rendered 377/1591, time remaining: 1h 18m 25s
Rendered 377/1591, time remaining: 1h 18m 25s
Rendered 378/1591, time remaining: 1h 18m 56s
Rendered 378/1591, time remaining: 1h 18m 56s
Rendered 379/1591, time remaining: 1h 18m 21s
Rendered 379/1591, time remaining: 1h 18m 21s
Rendered 379/1591, time remaining: 1h 18m 21s
Rendered 379/1591, time remaining: 1h 18m 21s
Rendered 379/1591, time remaining: 1h 18m 21s
Rendered 379/1591, time remaining: 1h 18m 21s
Rendered 379/1591, time remaining: 1h 18m 21s
Rendered 379/1591, time remaining: 1h 18m 21s
Rendered 379/1591, time remaining: 1h 18m 21s
Rendered 380/1591, time remaining: 1h 18m 45s
Rendered 380/1591, time remaining: 1h 18m 45s
Rendered 380/1591, time remaining: 1h 18m 45s
Rendered 381/1591, time remaining: 1h 18m 6s
Rendered 381/1591, time remaining: 1h 18m 6s
Rendered 381/1591, time remaining: 1h 18m 6s
Rendered 381/1591, time remaining: 1h 18m 6s
Rendered 381/1591, time remaining: 1h 18m 6s
Rendered 381/1591, time remaining: 1h 18m 6s
Rendered 381/1591, time remaining: 1h 18m 6s
Rendered 381/1591, time remaining: 1h 18m 6s
Rendered 381/1591, time remaining: 1h 18m 6s
Rendered 382/1591, time remaining: 1h 18m 37s
Rendered 382/1591, time remaining: 1h 18m 37s
Rendered 382/1591, time remaining: 1h 18m 37s
Rendered 383/1591, time remaining: 1h 18m 6s
Rendered 383/1591, time remaining: 1h 18m 6s
Rendered 383/1591, time remaining: 1h 18m 6s
Rendered 383/1591, time remaining: 1h 18m 6s
Rendered 383/1591, time remaining: 1h 18m 6s
Rendered 383/1591, time remaining: 1h 18m 6s
Rendered 383/1591, time remaining: 1h 18m 6s
Rendered 383/1591, time remaining: 1h 18m 6s
Rendered 383/1591, time remaining: 1h 18m 6s
Rendered 383/1591, time remaining: 1h 18m 6s
Rendered 383/1591, time remaining: 1h 18m 6s
Rendered 384/1591, time remaining: 1h 18m 38s
Rendered 385/1591, time remaining: 1h 17m 54s
Rendered 385/1591, time remaining: 1h 17m 54s
Rendered 385/1591, time remaining: 1h 17m 54s
Rendered 385/1591, time remaining: 1h 17m 54s
Rendered 385/1591, time remaining: 1h 17m 54s
Rendered 385/1591, time remaining: 1h 17m 54s
Rendered 385/1591, time remaining: 1h 17m 54s
Rendered 385/1591, time remaining: 1h 17m 54s
Rendered 385/1591, time remaining: 1h 17m 54s
Rendered 385/1591, time remaining: 1h 17m 54s
Rendered 386/1591, time remaining: 1h 18m 20s
Rendered 386/1591, time remaining: 1h 18m 20s
Rendered 386/1591, time remaining: 1h 18m 20s
Rendered 387/1591, time remaining: 1h 17m 43s
Rendered 387/1591, time remaining: 1h 17m 43s
Rendered 387/1591, time remaining: 1h 17m 43s
Rendered 387/1591, time remaining: 1h 17m 43s
Rendered 387/1591, time remaining: 1h 17m 43s
Rendered 387/1591, time remaining: 1h 17m 43s
Rendered 387/1591, time remaining: 1h 17m 43s
Rendered 387/1591, time remaining: 1h 17m 43s
Rendered 388/1591, time remaining: 1h 18m 1s
Rendered 388/1591, time remaining: 1h 18m 1s
Rendered 388/1591, time remaining: 1h 18m 1s
Rendered 388/1591, time remaining: 1h 18m 1s
Rendered 388/1591, time remaining: 1h 18m 1s
Rendered 388/1591, time remaining: 1h 18m 1s
Rendered 388/1591, time remaining: 1h 18m 1s
Rendered 388/1591, time remaining: 1h 18m 1s
Rendered 389/1591, time remaining: 1h 17m 52s
Rendered 389/1591, time remaining: 1h 17m 52s
Rendered 389/1591, time remaining: 1h 17m 52s
Rendered 389/1591, time remaining: 1h 17m 52s
Rendered 389/1591, time remaining: 1h 17m 52s
Rendered 389/1591, time remaining: 1h 17m 52s
Rendered 389/1591, time remaining: 1h 17m 52s
Rendered 390/1591, time remaining: 1h 17m 47s
Rendered 390/1591, time remaining: 1h 17m 47s
Rendered 390/1591, time remaining: 1h 17m 47s
Rendered 390/1591, time remaining: 1h 17m 47s
Rendered 391/1591, time remaining: 1h 17m 13s
Rendered 391/1591, time remaining: 1h 17m 13s
Rendered 391/1591, time remaining: 1h 17m 13s
Rendered 391/1591, time remaining: 1h 17m 13s
Rendered 391/1591, time remaining: 1h 17m 13s
Rendered 391/1591, time remaining: 1h 17m 13s
Rendered 391/1591, time remaining: 1h 17m 13s
Rendered 391/1591, time remaining: 1h 17m 13s
Rendered 391/1591, time remaining: 1h 17m 13s
Rendered 392/1591, time remaining: 1h 17m 42s
Rendered 392/1591, time remaining: 1h 17m 42s
Rendered 393/1591, time remaining: 1h 17m 37s
Rendered 393/1591, time remaining: 1h 17m 37s
Rendered 393/1591, time remaining: 1h 17m 37s
Rendered 393/1591, time remaining: 1h 17m 37s
Rendered 393/1591, time remaining: 1h 17m 37s
Rendered 393/1591, time remaining: 1h 17m 37s
Rendered 393/1591, time remaining: 1h 17m 37s
Rendered 393/1591, time remaining: 1h 17m 37s
Rendered 393/1591, time remaining: 1h 17m 37s
Rendered 393/1591, time remaining: 1h 17m 37s
Rendered 394/1591, time remaining: 1h 17m 33s
Rendered 394/1591, time remaining: 1h 17m 33s
Rendered 395/1591, time remaining: 1h 16m 55s
Rendered 395/1591, time remaining: 1h 16m 55s
Rendered 395/1591, time remaining: 1h 16m 55s
Rendered 395/1591, time remaining: 1h 16m 55s
Rendered 395/1591, time remaining: 1h 16m 55s
Rendered 395/1591, time remaining: 1h 16m 55s
Rendered 395/1591, time remaining: 1h 16m 55s
Rendered 395/1591, time remaining: 1h 16m 55s
Rendered 395/1591, time remaining: 1h 16m 55s
Rendered 395/1591, time remaining: 1h 16m 55s
Rendered 396/1591, time remaining: 1h 17m 21s
Rendered 396/1591, time remaining: 1h 17m 21s
Rendered 396/1591, time remaining: 1h 17m 21s
Rendered 397/1591, time remaining: 1h 17m 18s
Rendered 397/1591, time remaining: 1h 17m 18s
Rendered 397/1591, time remaining: 1h 17m 18s
Rendered 397/1591, time remaining: 1h 17m 18s
Rendered 397/1591, time remaining: 1h 17m 18s
Rendered 397/1591, time remaining: 1h 17m 18s
Rendered 397/1591, time remaining: 1h 17m 18s
Rendered 397/1591, time remaining: 1h 17m 18s
Rendered 397/1591, time remaining: 1h 17m 18s
Rendered 398/1591, time remaining: 1h 17m 7s
Rendered 398/1591, time remaining: 1h 17m 7s
Rendered 399/1591, time remaining: 1h 16m 46s
Rendered 399/1591, time remaining: 1h 16m 46s
Rendered 399/1591, time remaining: 1h 16m 46s
Rendered 399/1591, time remaining: 1h 16m 46s
Rendered 399/1591, time remaining: 1h 16m 46s
Rendered 399/1591, time remaining: 1h 16m 46s
Rendered 399/1591, time remaining: 1h 16m 46s
Rendered 399/1591, time remaining: 1h 16m 46s
Rendered 399/1591, time remaining: 1h 16m 46s
Rendered 400/1591, time remaining: 1h 16m 34s
Rendered 400/1591, time remaining: 1h 16m 34s
Rendered 401/1591, time remaining: 1h 16m 35s
Rendered 401/1591, time remaining: 1h 16m 35s
Rendered 401/1591, time remaining: 1h 16m 35s
Rendered 401/1591, time remaining: 1h 16m 35s
Rendered 401/1591, time remaining: 1h 16m 35s
Rendered 401/1591, time remaining: 1h 16m 35s
Rendered 401/1591, time remaining: 1h 16m 35s
Rendered 401/1591, time remaining: 1h 16m 35s
Rendered 401/1591, time remaining: 1h 16m 35s
Rendered 402/1591, time remaining: 1h 16m 55s
Rendered 402/1591, time remaining: 1h 16m 55s
Rendered 402/1591, time remaining: 1h 16m 55s
Rendered 403/1591, time remaining: 1h 16m 26s
Rendered 403/1591, time remaining: 1h 16m 26s
Rendered 403/1591, time remaining: 1h 16m 26s
Rendered 403/1591, time remaining: 1h 16m 26s
Rendered 403/1591, time remaining: 1h 16m 26s
Rendered 403/1591, time remaining: 1h 16m 26s
Rendered 403/1591, time remaining: 1h 16m 26s
Rendered 403/1591, time remaining: 1h 16m 26s
Rendered 403/1591, time remaining: 1h 16m 26s
Rendered 403/1591, time remaining: 1h 16m 26s
Rendered 404/1591, time remaining: 1h 16m 17s
Rendered 404/1591, time remaining: 1h 16m 17s
Rendered 404/1591, time remaining: 1h 16m 17s
Rendered 404/1591, time remaining: 1h 16m 17s
Rendered 405/1591, time remaining: 1h 16m 14s
Rendered 405/1591, time remaining: 1h 16m 14s
Rendered 405/1591, time remaining: 1h 16m 14s
Rendered 405/1591, time remaining: 1h 16m 14s
Rendered 405/1591, time remaining: 1h 16m 14s
Rendered 405/1591, time remaining: 1h 16m 14s
Rendered 406/1591, time remaining: 1h 16m 30s
Rendered 406/1591, time remaining: 1h 16m 30s
Rendered 406/1591, time remaining: 1h 16m 30s
Rendered 407/1591, time remaining: 1h 15m 58s
Rendered 407/1591, time remaining: 1h 15m 58s
Rendered 407/1591, time remaining: 1h 15m 58s
Rendered 407/1591, time remaining: 1h 15m 58s
Rendered 407/1591, time remaining: 1h 15m 58s
Rendered 407/1591, time remaining: 1h 15m 58s
Rendered 407/1591, time remaining: 1h 15m 58s
Rendered 407/1591, time remaining: 1h 15m 58s
Rendered 407/1591, time remaining: 1h 15m 58s
Rendered 408/1591, time remaining: 1h 15m 46s
Rendered 408/1591, time remaining: 1h 15m 46s
Rendered 408/1591, time remaining: 1h 15m 46s
Rendered 409/1591, time remaining: 1h 15m 24s
Rendered 409/1591, time remaining: 1h 15m 24s
Rendered 409/1591, time remaining: 1h 15m 24s
Rendered 409/1591, time remaining: 1h 15m 24s
Rendered 409/1591, time remaining: 1h 15m 24s
Rendered 409/1591, time remaining: 1h 15m 24s
Rendered 409/1591, time remaining: 1h 15m 24s
Rendered 409/1591, time remaining: 1h 15m 24s
Rendered 409/1591, time remaining: 1h 15m 24s
Rendered 410/1591, time remaining: 1h 15m 53s
Rendered 410/1591, time remaining: 1h 15m 53s
Rendered 411/1591, time remaining: 1h 15m 55s
Rendered 411/1591, time remaining: 1h 15m 55s
Rendered 411/1591, time remaining: 1h 15m 55s
Rendered 411/1591, time remaining: 1h 15m 55s
Rendered 411/1591, time remaining: 1h 15m 55s
Rendered 411/1591, time remaining: 1h 15m 55s
Rendered 411/1591, time remaining: 1h 15m 55s
Rendered 411/1591, time remaining: 1h 15m 55s
Rendered 411/1591, time remaining: 1h 15m 55s
Rendered 412/1591, time remaining: 1h 15m 25s
Rendered 412/1591, time remaining: 1h 15m 25s
Rendered 412/1591, time remaining: 1h 15m 25s
Rendered 413/1591, time remaining: 1h 15m 19s
Rendered 413/1591, time remaining: 1h 15m 19s
Rendered 413/1591, time remaining: 1h 15m 19s
Rendered 413/1591, time remaining: 1h 15m 19s
Rendered 413/1591, time remaining: 1h 15m 19s
Rendered 413/1591, time remaining: 1h 15m 19s
Rendered 414/1591, time remaining: 1h 15m 31s
Rendered 414/1591, time remaining: 1h 15m 31s
Rendered 414/1591, time remaining: 1h 15m 31s
Rendered 414/1591, time remaining: 1h 15m 31s
Rendered 414/1591, time remaining: 1h 15m 31s
Rendered 414/1591, time remaining: 1h 15m 31s
Rendered 414/1591, time remaining: 1h 15m 31s
Rendered 414/1591, time remaining: 1h 15m 31s
Rendered 414/1591, time remaining: 1h 15m 31s
Rendered 414/1591, time remaining: 1h 15m 31s
Rendered 415/1591, time remaining: 1h 15m 34s
Rendered 415/1591, time remaining: 1h 15m 34s
Rendered 415/1591, time remaining: 1h 15m 34s
Rendered 415/1591, time remaining: 1h 15m 34s
Rendered 415/1591, time remaining: 1h 15m 34s
Rendered 415/1591, time remaining: 1h 15m 34s
Rendered 415/1591, time remaining: 1h 15m 34s
Rendered 416/1591, time remaining: 1h 15m 11s
Rendered 417/1591, time remaining: 1h 15m 1s
Rendered 417/1591, time remaining: 1h 15m 1s
Rendered 417/1591, time remaining: 1h 15m 1s
Rendered 417/1591, time remaining: 1h 15m 1s
Rendered 417/1591, time remaining: 1h 15m 1s
Rendered 417/1591, time remaining: 1h 15m 1s
Rendered 418/1591, time remaining: 1h 15m 17s
Rendered 418/1591, time remaining: 1h 15m 17s
Rendered 418/1591, time remaining: 1h 15m 17s
Rendered 418/1591, time remaining: 1h 15m 17s
Rendered 418/1591, time remaining: 1h 15m 17s
Rendered 419/1591, time remaining: 1h 14m 58s
Rendered 419/1591, time remaining: 1h 14m 58s
Rendered 419/1591, time remaining: 1h 14m 58s
Rendered 419/1591, time remaining: 1h 14m 58s
Rendered 419/1591, time remaining: 1h 14m 58s
Rendered 419/1591, time remaining: 1h 14m 58s
Rendered 419/1591, time remaining: 1h 14m 58s
Rendered 419/1591, time remaining: 1h 14m 58s
Rendered 419/1591, time remaining: 1h 14m 58s
Rendered 419/1591, time remaining: 1h 14m 58s
Rendered 419/1591, time remaining: 1h 14m 58s
Rendered 419/1591, time remaining: 1h 14m 58s
Rendered 419/1591, time remaining: 1h 14m 58s
Rendered 420/1591, time remaining: 1h 14m 37s
Rendered 421/1591, time remaining: 1h 14m 26s
Rendered 421/1591, time remaining: 1h 14m 26s
Rendered 421/1591, time remaining: 1h 14m 26s
Rendered 421/1591, time remaining: 1h 14m 26s
Rendered 421/1591, time remaining: 1h 14m 26s
Rendered 422/1591, time remaining: 1h 14m 37s
Rendered 422/1591, time remaining: 1h 14m 37s
Rendered 422/1591, time remaining: 1h 14m 37s
Rendered 423/1591, time remaining: 1h 14m 33s
Rendered 423/1591, time remaining: 1h 14m 33s
Rendered 423/1591, time remaining: 1h 14m 33s
Rendered 423/1591, time remaining: 1h 14m 33s
Rendered 423/1591, time remaining: 1h 14m 33s
Rendered 423/1591, time remaining: 1h 14m 33s
Rendered 423/1591, time remaining: 1h 14m 33s
Rendered 423/1591, time remaining: 1h 14m 33s
Rendered 423/1591, time remaining: 1h 14m 33s
Rendered 423/1591, time remaining: 1h 14m 33s
Rendered 423/1591, time remaining: 1h 14m 33s
Rendered 423/1591, time remaining: 1h 14m 33s
Rendered 423/1591, time remaining: 1h 14m 33s
Rendered 423/1591, time remaining: 1h 14m 33s
Rendered 423/1591, time remaining: 1h 14m 33s
Rendered 423/1591, time remaining: 1h 14m 33s
Rendered 424/1591, time remaining: 1h 14m 40s
Rendered 425/1591, time remaining: 1h 13m 58s
Rendered 425/1591, time remaining: 1h 13m 58s
Rendered 425/1591, time remaining: 1h 13m 58s
Rendered 425/1591, time remaining: 1h 13m 58s
Rendered 425/1591, time remaining: 1h 13m 58s
Rendered 425/1591, time remaining: 1h 13m 58s
Rendered 426/1591, time remaining: 1h 14m 13s
Rendered 427/1591, time remaining: 1h 14m 9s
Rendered 427/1591, time remaining: 1h 14m 9s
Rendered 427/1591, time remaining: 1h 14m 9s
Rendered 427/1591, time remaining: 1h 14m 9s
Rendered 427/1591, time remaining: 1h 14m 9s
Rendered 427/1591, time remaining: 1h 14m 9s
Rendered 427/1591, time remaining: 1h 14m 9s
Rendered 427/1591, time remaining: 1h 14m 9s
Rendered 427/1591, time remaining: 1h 14m 9s
Rendered 427/1591, time remaining: 1h 14m 9s
Rendered 427/1591, time remaining: 1h 14m 9s
Rendered 427/1591, time remaining: 1h 14m 9s
Rendered 427/1591, time remaining: 1h 14m 9s
Rendered 427/1591, time remaining: 1h 14m 9s
Rendered 427/1591, time remaining: 1h 14m 9s
Rendered 428/1591, time remaining: 1h 14m 30s
Rendered 429/1591, time remaining: 1h 13m 51s
Rendered 429/1591, time remaining: 1h 13m 51s
Rendered 429/1591, time remaining: 1h 13m 51s
Rendered 429/1591, time remaining: 1h 13m 51s
Rendered 429/1591, time remaining: 1h 13m 51s
Rendered 430/1591, time remaining: 1h 13m 54s
Rendered 430/1591, time remaining: 1h 13m 54s
Rendered 430/1591, time remaining: 1h 13m 54s
Rendered 430/1591, time remaining: 1h 13m 54s
Rendered 430/1591, time remaining: 1h 13m 54s
Rendered 431/1591, time remaining: 1h 14m 5s
Rendered 431/1591, time remaining: 1h 14m 5s
Rendered 431/1591, time remaining: 1h 14m 5s
Rendered 431/1591, time remaining: 1h 14m 5s
Rendered 431/1591, time remaining: 1h 14m 5s
Rendered 431/1591, time remaining: 1h 14m 5s
Rendered 431/1591, time remaining: 1h 14m 5s
Rendered 431/1591, time remaining: 1h 14m 5s
Rendered 431/1591, time remaining: 1h 14m 5s
Rendered 432/1591, time remaining: 1h 14m 3s
Rendered 432/1591, time remaining: 1h 14m 3s
Rendered 432/1591, time remaining: 1h 14m 3s
Rendered 432/1591, time remaining: 1h 14m 3s
Rendered 432/1591, time remaining: 1h 14m 3s
Rendered 432/1591, time remaining: 1h 14m 3s
Rendered 433/1591, time remaining: 1h 13m 40s
Rendered 433/1591, time remaining: 1h 13m 40s
Rendered 433/1591, time remaining: 1h 13m 40s
Rendered 433/1591, time remaining: 1h 13m 40s
Rendered 433/1591, time remaining: 1h 13m 40s
Rendered 433/1591, time remaining: 1h 13m 40s
Rendered 433/1591, time remaining: 1h 13m 40s
Rendered 434/1591, time remaining: 1h 13m 53s
Rendered 434/1591, time remaining: 1h 13m 53s
Rendered 435/1591, time remaining: 1h 13m 53s
Rendered 435/1591, time remaining: 1h 13m 53s
Rendered 435/1591, time remaining: 1h 13m 53s
Rendered 435/1591, time remaining: 1h 13m 53s
Rendered 435/1591, time remaining: 1h 13m 53s
Rendered 435/1591, time remaining: 1h 13m 53s
Rendered 435/1591, time remaining: 1h 13m 53s
Rendered 435/1591, time remaining: 1h 13m 53s
Rendered 435/1591, time remaining: 1h 13m 53s
Rendered 435/1591, time remaining: 1h 13m 53s
Rendered 435/1591, time remaining: 1h 13m 53s
Rendered 436/1591, time remaining: 1h 13m 59s
Rendered 436/1591, time remaining: 1h 13m 59s
Rendered 436/1591, time remaining: 1h 13m 59s
Rendered 436/1591, time remaining: 1h 13m 59s
Rendered 436/1591, time remaining: 1h 13m 59s
Rendered 437/1591, time remaining: 1h 13m 36s
Rendered 437/1591, time remaining: 1h 13m 36s
Rendered 437/1591, time remaining: 1h 13m 36s
Rendered 437/1591, time remaining: 1h 13m 36s
Rendered 437/1591, time remaining: 1h 13m 36s
Rendered 438/1591, time remaining: 1h 13m 43s
Rendered 438/1591, time remaining: 1h 13m 43s
Rendered 438/1591, time remaining: 1h 13m 43s
Rendered 439/1591, time remaining: 1h 13m 44s
Rendered 439/1591, time remaining: 1h 13m 44s
Rendered 439/1591, time remaining: 1h 13m 44s
Rendered 439/1591, time remaining: 1h 13m 44s
Rendered 439/1591, time remaining: 1h 13m 44s
Rendered 439/1591, time remaining: 1h 13m 44s
Rendered 439/1591, time remaining: 1h 13m 44s
Rendered 439/1591, time remaining: 1h 13m 44s
Rendered 439/1591, time remaining: 1h 13m 44s
Rendered 439/1591, time remaining: 1h 13m 44s
Rendered 439/1591, time remaining: 1h 13m 44s
Rendered 440/1591, time remaining: 1h 13m 51s
Rendered 440/1591, time remaining: 1h 13m 51s
Rendered 440/1591, time remaining: 1h 13m 51s
Rendered 440/1591, time remaining: 1h 13m 51s
Rendered 440/1591, time remaining: 1h 13m 51s
Rendered 440/1591, time remaining: 1h 13m 51s
Rendered 440/1591, time remaining: 1h 13m 51s
Rendered 440/1591, time remaining: 1h 13m 51s
Rendered 441/1591, time remaining: 1h 13m 42s
Rendered 442/1591, time remaining: 1h 13m 33s
Rendered 442/1591, time remaining: 1h 13m 33s
Rendered 442/1591, time remaining: 1h 13m 33s
Rendered 442/1591, time remaining: 1h 13m 33s
Rendered 442/1591, time remaining: 1h 13m 33s
Rendered 442/1591, time remaining: 1h 13m 33s
Rendered 442/1591, time remaining: 1h 13m 33s
Rendered 443/1591, time remaining: 1h 13m 25s
Rendered 443/1591, time remaining: 1h 13m 25s
Rendered 443/1591, time remaining: 1h 13m 25s
Rendered 443/1591, time remaining: 1h 13m 25s
Rendered 443/1591, time remaining: 1h 13m 25s
Rendered 443/1591, time remaining: 1h 13m 25s
Rendered 443/1591, time remaining: 1h 13m 25s
Rendered 443/1591, time remaining: 1h 13m 25s
Rendered 443/1591, time remaining: 1h 13m 25s
Rendered 443/1591, time remaining: 1h 13m 25s
Rendered 443/1591, time remaining: 1h 13m 25s
Rendered 443/1591, time remaining: 1h 13m 25s
Rendered 444/1591, time remaining: 1h 13m 54s
Rendered 444/1591, time remaining: 1h 13m 54s
Rendered 444/1591, time remaining: 1h 13m 54s
Rendered 444/1591, time remaining: 1h 13m 54s
Rendered 444/1591, time remaining: 1h 13m 54s
Rendered 445/1591, time remaining: 1h 13m 25s
Rendered 446/1591, time remaining: 1h 13m 21s
Rendered 446/1591, time remaining: 1h 13m 21s
Rendered 446/1591, time remaining: 1h 13m 21s
Rendered 446/1591, time remaining: 1h 13m 21s
Rendered 446/1591, time remaining: 1h 13m 21s
Rendered 446/1591, time remaining: 1h 13m 21s
Rendered 446/1591, time remaining: 1h 13m 21s
Rendered 446/1591, time remaining: 1h 13m 21s
Rendered 446/1591, time remaining: 1h 13m 21s
Rendered 446/1591, time remaining: 1h 13m 21s
Rendered 446/1591, time remaining: 1h 13m 21s
Rendered 446/1591, time remaining: 1h 13m 21s
Rendered 446/1591, time remaining: 1h 13m 21s
Rendered 447/1591, time remaining: 1h 13m 29s
Rendered 447/1591, time remaining: 1h 13m 29s
Rendered 448/1591, time remaining: 1h 13m 29s
Rendered 448/1591, time remaining: 1h 13m 29s
Rendered 448/1591, time remaining: 1h 13m 29s
Rendered 448/1591, time remaining: 1h 13m 29s
Rendered 448/1591, time remaining: 1h 13m 29s
Rendered 448/1591, time remaining: 1h 13m 29s
Rendered 448/1591, time remaining: 1h 13m 29s
Rendered 448/1591, time remaining: 1h 13m 29s
Rendered 448/1591, time remaining: 1h 13m 29s
Rendered 448/1591, time remaining: 1h 13m 29s
Rendered 448/1591, time remaining: 1h 13m 29s
Rendered 449/1591, time remaining: 1h 13m 29s
Rendered 450/1591, time remaining: 1h 13m 21s
Rendered 450/1591, time remaining: 1h 13m 21s
Rendered 450/1591, time remaining: 1h 13m 21s
Rendered 450/1591, time remaining: 1h 13m 21s
Rendered 450/1591, time remaining: 1h 13m 21s
Rendered 450/1591, time remaining: 1h 13m 21s
Rendered 450/1591, time remaining: 1h 13m 21s
Rendered 451/1591, time remaining: 1h 12m 50s
Rendered 451/1591, time remaining: 1h 12m 50s
Rendered 451/1591, time remaining: 1h 12m 50s
Rendered 451/1591, time remaining: 1h 12m 50s
Rendered 451/1591, time remaining: 1h 12m 50s
Rendered 452/1591, time remaining: 1h 13m 0s
Rendered 452/1591, time remaining: 1h 13m 0s
Rendered 452/1591, time remaining: 1h 13m 0s
Rendered 452/1591, time remaining: 1h 13m 0s
Rendered 452/1591, time remaining: 1h 13m 0s
Rendered 452/1591, time remaining: 1h 13m 0s
Rendered 452/1591, time remaining: 1h 13m 0s
Rendered 452/1591, time remaining: 1h 13m 0s
Rendered 452/1591, time remaining: 1h 13m 0s
Rendered 452/1591, time remaining: 1h 13m 0s
Rendered 452/1591, time remaining: 1h 13m 0s
Rendered 453/1591, time remaining: 1h 13m 33s
Rendered 454/1591, time remaining: 1h 13m 8s
Rendered 454/1591, time remaining: 1h 13m 8s
Rendered 454/1591, time remaining: 1h 13m 8s
Rendered 454/1591, time remaining: 1h 13m 8s
Rendered 454/1591, time remaining: 1h 13m 8s
Rendered 454/1591, time remaining: 1h 13m 8s
Rendered 454/1591, time remaining: 1h 13m 8s
Rendered 454/1591, time remaining: 1h 13m 8s
Rendered 454/1591, time remaining: 1h 13m 8s
Rendered 454/1591, time remaining: 1h 13m 8s
Rendered 455/1591, time remaining: 1h 12m 58s
Rendered 456/1591, time remaining: 1h 12m 44s
Rendered 456/1591, time remaining: 1h 12m 44s
Rendered 456/1591, time remaining: 1h 12m 44s
Rendered 456/1591, time remaining: 1h 12m 44s
Rendered 456/1591, time remaining: 1h 12m 44s
Rendered 456/1591, time remaining: 1h 12m 44s
Rendered 456/1591, time remaining: 1h 12m 44s
Rendered 456/1591, time remaining: 1h 12m 44s
Rendered 456/1591, time remaining: 1h 12m 44s
Rendered 456/1591, time remaining: 1h 12m 44s
Rendered 456/1591, time remaining: 1h 12m 44s
Rendered 457/1591, time remaining: 1h 13m 20s
Rendered 458/1591, time remaining: 1h 12m 47s
Rendered 458/1591, time remaining: 1h 12m 47s
Rendered 458/1591, time remaining: 1h 12m 47s
Rendered 458/1591, time remaining: 1h 12m 47s
Rendered 458/1591, time remaining: 1h 12m 47s
Rendered 458/1591, time remaining: 1h 12m 47s
Rendered 458/1591, time remaining: 1h 12m 47s
Rendered 458/1591, time remaining: 1h 12m 47s
Rendered 458/1591, time remaining: 1h 12m 47s
Rendered 458/1591, time remaining: 1h 12m 47s
Rendered 458/1591, time remaining: 1h 12m 47s
Rendered 458/1591, time remaining: 1h 12m 47s
Rendered 458/1591, time remaining: 1h 12m 47s
Rendered 458/1591, time remaining: 1h 12m 47s
Rendered 458/1591, time remaining: 1h 12m 47s
Rendered 458/1591, time remaining: 1h 12m 47s
Rendered 458/1591, time remaining: 1h 12m 47s
Rendered 459/1591, time remaining: 1h 13m 23s
Rendered 460/1591, time remaining: 1h 12m 35s
Rendered 460/1591, time remaining: 1h 12m 35s
Rendered 460/1591, time remaining: 1h 12m 35s
Rendered 460/1591, time remaining: 1h 12m 35s
Rendered 460/1591, time remaining: 1h 12m 35s
Rendered 460/1591, time remaining: 1h 12m 35s
Rendered 460/1591, time remaining: 1h 12m 35s
Rendered 460/1591, time remaining: 1h 12m 35s
Rendered 460/1591, time remaining: 1h 12m 35s
Rendered 460/1591, time remaining: 1h 12m 35s
Rendered 460/1591, time remaining: 1h 12m 35s
Rendered 461/1591, time remaining: 1h 13m 10s
Rendered 462/1591, time remaining: 1h 12m 51s
Rendered 462/1591, time remaining: 1h 12m 51s
Rendered 462/1591, time remaining: 1h 12m 51s
Rendered 462/1591, time remaining: 1h 12m 51s
Rendered 462/1591, time remaining: 1h 12m 51s
Rendered 462/1591, time remaining: 1h 12m 51s
Rendered 462/1591, time remaining: 1h 12m 51s
Rendered 463/1591, time remaining: 1h 12m 56s
Rendered 463/1591, time remaining: 1h 12m 56s
Rendered 463/1591, time remaining: 1h 12m 56s
Rendered 463/1591, time remaining: 1h 12m 56s
Rendered 463/1591, time remaining: 1h 12m 56s
Rendered 464/1591, time remaining: 1h 12m 21s
Rendered 464/1591, time remaining: 1h 12m 21s
Rendered 464/1591, time remaining: 1h 12m 21s
Rendered 464/1591, time remaining: 1h 12m 21s
Rendered 464/1591, time remaining: 1h 12m 21s
Rendered 464/1591, time remaining: 1h 12m 21s
Rendered 464/1591, time remaining: 1h 12m 21s
Rendered 464/1591, time remaining: 1h 12m 21s
Rendered 464/1591, time remaining: 1h 12m 21s
Rendered 464/1591, time remaining: 1h 12m 21s
Rendered 464/1591, time remaining: 1h 12m 21s
Rendered 464/1591, time remaining: 1h 12m 21s
Rendered 464/1591, time remaining: 1h 12m 21s
Rendered 464/1591, time remaining: 1h 12m 21s
Rendered 464/1591, time remaining: 1h 12m 21s
Rendered 464/1591, time remaining: 1h 12m 21s
Rendered 464/1591, time remaining: 1h 12m 21s
Rendered 464/1591, time remaining: 1h 12m 21s
Rendered 465/1591, time remaining: 1h 13m 20s
Rendered 466/1591, time remaining: 1h 13m 3s
Rendered 467/1591, time remaining: 1h 12m 44s
Rendered 467/1591, time remaining: 1h 12m 44s
Rendered 467/1591, time remaining: 1h 12m 44s
Rendered 468/1591, time remaining: 1h 11m 44s
Rendered 468/1591, time remaining: 1h 11m 44s
Rendered 468/1591, time remaining: 1h 11m 44s
Rendered 468/1591, time remaining: 1h 11m 44s
Rendered 468/1591, time remaining: 1h 11m 44s
Rendered 468/1591, time remaining: 1h 11m 44s
Rendered 468/1591, time remaining: 1h 11m 44s
Rendered 468/1591, time remaining: 1h 11m 44s
Rendered 468/1591, time remaining: 1h 11m 44s
Rendered 468/1591, time remaining: 1h 11m 44s
Rendered 468/1591, time remaining: 1h 11m 44s
Rendered 468/1591, time remaining: 1h 11m 44s
Rendered 468/1591, time remaining: 1h 11m 44s
Rendered 468/1591, time remaining: 1h 11m 44s
Rendered 468/1591, time remaining: 1h 11m 44s
Rendered 468/1591, time remaining: 1h 11m 44s
Rendered 468/1591, time remaining: 1h 11m 44s
Rendered 469/1591, time remaining: 1h 12m 44s
Rendered 469/1591, time remaining: 1h 12m 44s
Rendered 469/1591, time remaining: 1h 12m 44s
Rendered 469/1591, time remaining: 1h 12m 44s
Rendered 469/1591, time remaining: 1h 12m 44s
Rendered 470/1591, time remaining: 1h 12m 51s
Rendered 471/1591, time remaining: 1h 12m 42s
Rendered 472/1591, time remaining: 1h 10m 58s
Rendered 472/1591, time remaining: 1h 10m 58s
Rendered 472/1591, time remaining: 1h 10m 58s
Rendered 472/1591, time remaining: 1h 10m 58s
Rendered 472/1591, time remaining: 1h 10m 58s
Rendered 472/1591, time remaining: 1h 10m 58s
Rendered 472/1591, time remaining: 1h 10m 58s
Rendered 472/1591, time remaining: 1h 10m 58s
Rendered 472/1591, time remaining: 1h 10m 58s
Rendered 472/1591, time remaining: 1h 10m 58s
Rendered 473/1591, time remaining: 1h 11m 29s
Rendered 473/1591, time remaining: 1h 11m 29s
Rendered 473/1591, time remaining: 1h 11m 29s
Rendered 473/1591, time remaining: 1h 11m 29s
Rendered 473/1591, time remaining: 1h 11m 29s
Rendered 473/1591, time remaining: 1h 11m 29s
Rendered 473/1591, time remaining: 1h 11m 29s
Rendered 473/1591, time remaining: 1h 11m 29s
Rendered 473/1591, time remaining: 1h 11m 29s
Rendered 473/1591, time remaining: 1h 11m 29s
Rendered 473/1591, time remaining: 1h 11m 29s
Rendered 473/1591, time remaining: 1h 11m 29s
Rendered 473/1591, time remaining: 1h 11m 29s
Rendered 473/1591, time remaining: 1h 11m 29s
Rendered 473/1591, time remaining: 1h 11m 29s
Rendered 473/1591, time remaining: 1h 11m 29s
Rendered 473/1591, time remaining: 1h 11m 29s
Rendered 474/1591, time remaining: 1h 12m 25s
Rendered 474/1591, time remaining: 1h 12m 25s
Rendered 474/1591, time remaining: 1h 12m 25s
Rendered 475/1591, time remaining: 1h 11m 4s
Rendered 475/1591, time remaining: 1h 11m 4s
Rendered 475/1591, time remaining: 1h 11m 4s
Rendered 475/1591, time remaining: 1h 11m 4s
Rendered 476/1591, time remaining: 1h 3m 39s
Rendered 476/1591, time remaining: 1h 3m 39s
Rendered 476/1591, time remaining: 1h 3m 39s
Rendered 476/1591, time remaining: 1h 3m 39s
Rendered 477/1591, time remaining: 1h 3m 45s
Rendered 477/1591, time remaining: 1h 3m 45s
Rendered 477/1591, time remaining: 1h 3m 45s
Rendered 477/1591, time remaining: 1h 3m 45s
Rendered 477/1591, time remaining: 1h 3m 45s
Rendered 477/1591, time remaining: 1h 3m 45s
Rendered 477/1591, time remaining: 1h 3m 45s
Rendered 477/1591, time remaining: 1h 3m 45s
Rendered 477/1591, time remaining: 1h 3m 45s
Rendered 477/1591, time remaining: 1h 3m 45s
Rendered 477/1591, time remaining: 1h 3m 45s
Rendered 478/1591, time remaining: 1h 4m 19s
Rendered 478/1591, time remaining: 1h 4m 19s
Rendered 478/1591, time remaining: 1h 4m 19s
Rendered 478/1591, time remaining: 1h 4m 19s
Rendered 479/1591, time remaining: 1h 4m 29s
Rendered 479/1591, time remaining: 1h 4m 29s
Rendered 479/1591, time remaining: 1h 4m 29s
Rendered 479/1591, time remaining: 1h 4m 29s
Rendered 479/1591, time remaining: 1h 4m 29s
Rendered 479/1591, time remaining: 1h 4m 29s
Rendered 480/1591, time remaining: 59m 15s
Rendered 480/1591, time remaining: 59m 15s
Rendered 480/1591, time remaining: 59m 15s
Rendered 480/1591, time remaining: 59m 15s
Rendered 481/1591, time remaining: 59m 22s
Rendered 481/1591, time remaining: 59m 22s
Rendered 481/1591, time remaining: 59m 22s
Rendered 481/1591, time remaining: 59m 22s
Rendered 481/1591, time remaining: 59m 22s
Rendered 481/1591, time remaining: 59m 22s
Rendered 481/1591, time remaining: 59m 22s
Rendered 481/1591, time remaining: 59m 22s
Rendered 481/1591, time remaining: 59m 22s
Rendered 481/1591, time remaining: 59m 22s
Rendered 481/1591, time remaining: 59m 22s
Rendered 481/1591, time remaining: 59m 22s
Rendered 482/1591, time remaining: 59m 20s
Rendered 483/1591, time remaining: 59m 18s
Rendered 483/1591, time remaining: 59m 18s
Rendered 483/1591, time remaining: 59m 18s
Rendered 483/1591, time remaining: 59m 18s
Rendered 483/1591, time remaining: 59m 18s
Rendered 483/1591, time remaining: 59m 18s
Rendered 483/1591, time remaining: 59m 18s
Rendered 483/1591, time remaining: 59m 18s
Rendered 483/1591, time remaining: 59m 18s
Rendered 483/1591, time remaining: 59m 18s
Rendered 484/1591, time remaining: 54m 53s
Rendered 484/1591, time remaining: 54m 53s
Rendered 484/1591, time remaining: 54m 53s
Rendered 485/1591, time remaining: 54m 8s
Rendered 485/1591, time remaining: 54m 8s
Rendered 485/1591, time remaining: 54m 8s
Rendered 485/1591, time remaining: 54m 8s
Rendered 485/1591, time remaining: 54m 8s
Rendered 485/1591, time remaining: 54m 8s
Rendered 485/1591, time remaining: 54m 8s
Rendered 485/1591, time remaining: 54m 8s
Rendered 485/1591, time remaining: 54m 8s
Rendered 485/1591, time remaining: 54m 8s
Rendered 486/1591, time remaining: 54m 38s
Rendered 486/1591, time remaining: 54m 38s
Rendered 487/1591, time remaining: 54m 40s
Rendered 487/1591, time remaining: 54m 40s
Rendered 487/1591, time remaining: 54m 40s
Rendered 487/1591, time remaining: 54m 40s
Rendered 487/1591, time remaining: 54m 40s
Rendered 487/1591, time remaining: 54m 40s
Rendered 487/1591, time remaining: 54m 40s
Rendered 487/1591, time remaining: 54m 40s
Rendered 487/1591, time remaining: 54m 40s
Rendered 487/1591, time remaining: 54m 40s
Rendered 488/1591, time remaining: 50m 59s
Rendered 488/1591, time remaining: 50m 59s
Rendered 489/1591, time remaining: 50m 37s
Rendered 489/1591, time remaining: 50m 37s
Rendered 489/1591, time remaining: 50m 37s
Rendered 489/1591, time remaining: 50m 37s
Rendered 489/1591, time remaining: 50m 37s
Rendered 489/1591, time remaining: 50m 37s
Rendered 489/1591, time remaining: 50m 37s
Rendered 489/1591, time remaining: 50m 37s
Rendered 489/1591, time remaining: 50m 37s
Rendered 489/1591, time remaining: 50m 37s
Rendered 489/1591, time remaining: 50m 37s
Rendered 489/1591, time remaining: 50m 37s
Rendered 489/1591, time remaining: 50m 37s
Rendered 489/1591, time remaining: 50m 37s
Rendered 489/1591, time remaining: 50m 37s
Rendered 489/1591, time remaining: 50m 37s
Rendered 489/1591, time remaining: 50m 37s
Rendered 490/1591, time remaining: 50m 24s
Rendered 491/1591, time remaining: 50m 21s
Rendered 491/1591, time remaining: 50m 21s
Rendered 491/1591, time remaining: 50m 21s
Rendered 491/1591, time remaining: 50m 21s
Rendered 491/1591, time remaining: 50m 21s
Rendered 492/1591, time remaining: 47m 41s
Rendered 493/1591, time remaining: 47m 38s
Rendered 493/1591, time remaining: 47m 38s
Rendered 493/1591, time remaining: 47m 38s
Rendered 493/1591, time remaining: 47m 38s
Rendered 493/1591, time remaining: 47m 38s
Rendered 493/1591, time remaining: 47m 38s
Rendered 493/1591, time remaining: 47m 38s
Rendered 493/1591, time remaining: 47m 38s
Rendered 493/1591, time remaining: 47m 38s
Rendered 493/1591, time remaining: 47m 38s
Rendered 493/1591, time remaining: 47m 38s
Rendered 493/1591, time remaining: 47m 38s
Rendered 493/1591, time remaining: 47m 38s
Rendered 493/1591, time remaining: 47m 38s
Rendered 494/1591, time remaining: 48m 8s
Rendered 494/1591, time remaining: 48m 8s
Rendered 494/1591, time remaining: 48m 8s
Rendered 494/1591, time remaining: 48m 8s
Rendered 494/1591, time remaining: 48m 8s
Rendered 494/1591, time remaining: 48m 8s
Rendered 495/1591, time remaining: 48m 6s
Rendered 495/1591, time remaining: 48m 6s
Rendered 495/1591, time remaining: 48m 6s
Rendered 495/1591, time remaining: 48m 6s
Rendered 495/1591, time remaining: 48m 6s
Rendered 495/1591, time remaining: 48m 6s
Rendered 495/1591, time remaining: 48m 6s
Rendered 496/1591, time remaining: 47m 47s
Rendered 497/1591, time remaining: 47m 46s
Rendered 497/1591, time remaining: 47m 46s
Rendered 497/1591, time remaining: 47m 46s
Rendered 497/1591, time remaining: 47m 46s
Rendered 497/1591, time remaining: 47m 46s
Rendered 497/1591, time remaining: 47m 46s
Rendered 497/1591, time remaining: 47m 46s
Rendered 497/1591, time remaining: 47m 46s
Rendered 497/1591, time remaining: 47m 46s
Rendered 497/1591, time remaining: 47m 46s
Rendered 497/1591, time remaining: 47m 46s
Rendered 497/1591, time remaining: 47m 46s
Rendered 497/1591, time remaining: 47m 46s
Rendered 497/1591, time remaining: 47m 46s
Rendered 498/1591, time remaining: 48m 0s
Rendered 499/1591, time remaining: 47m 52s
Rendered 499/1591, time remaining: 47m 52s
Rendered 499/1591, time remaining: 47m 52s
Rendered 499/1591, time remaining: 47m 52s
Rendered 499/1591, time remaining: 47m 52s
Rendered 499/1591, time remaining: 47m 52s
Rendered 499/1591, time remaining: 47m 52s
Rendered 499/1591, time remaining: 47m 52s
Rendered 499/1591, time remaining: 47m 52s
Rendered 499/1591, time remaining: 47m 52s
Rendered 499/1591, time remaining: 47m 52s
Rendered 500/1591, time remaining: 47m 31s
Rendered 501/1591, time remaining: 47m 28s
Rendered 501/1591, time remaining: 47m 28s
Rendered 501/1591, time remaining: 47m 28s
Rendered 501/1591, time remaining: 47m 28s
Rendered 501/1591, time remaining: 47m 28s
Rendered 501/1591, time remaining: 47m 28s
Rendered 501/1591, time remaining: 47m 28s
Rendered 501/1591, time remaining: 47m 28s
Rendered 501/1591, time remaining: 47m 28s
Rendered 501/1591, time remaining: 47m 28s
Rendered 501/1591, time remaining: 47m 28s
Rendered 501/1591, time remaining: 47m 28s
Rendered 502/1591, time remaining: 48m 0s
Rendered 502/1591, time remaining: 48m 0s
Rendered 502/1591, time remaining: 48m 0s
Rendered 502/1591, time remaining: 48m 0s
Rendered 502/1591, time remaining: 48m 0s
Rendered 502/1591, time remaining: 48m 0s
Rendered 502/1591, time remaining: 48m 0s
Rendered 503/1591, time remaining: 47m 49s
Rendered 503/1591, time remaining: 47m 49s
Rendered 504/1591, time remaining: 47m 9s
Rendered 504/1591, time remaining: 47m 9s
Rendered 504/1591, time remaining: 47m 9s
Rendered 504/1591, time remaining: 47m 9s
Rendered 505/1591, time remaining: 47m 16s
Rendered 505/1591, time remaining: 47m 16s
Rendered 505/1591, time remaining: 47m 16s
Rendered 505/1591, time remaining: 47m 16s
Rendered 505/1591, time remaining: 47m 16s
Rendered 505/1591, time remaining: 47m 16s
Rendered 505/1591, time remaining: 47m 16s
Rendered 505/1591, time remaining: 47m 16s
Rendered 505/1591, time remaining: 47m 16s
Rendered 505/1591, time remaining: 47m 16s
Rendered 505/1591, time remaining: 47m 16s
Rendered 505/1591, time remaining: 47m 16s
Rendered 505/1591, time remaining: 47m 16s
Rendered 506/1591, time remaining: 47m 50s
Rendered 506/1591, time remaining: 47m 50s
Rendered 507/1591, time remaining: 47m 26s
Rendered 507/1591, time remaining: 47m 26s
Rendered 507/1591, time remaining: 47m 26s
Rendered 507/1591, time remaining: 47m 26s
Rendered 507/1591, time remaining: 47m 26s
Rendered 507/1591, time remaining: 47m 26s
Rendered 507/1591, time remaining: 47m 26s
Rendered 507/1591, time remaining: 47m 26s
Rendered 507/1591, time remaining: 47m 26s
Rendered 508/1591, time remaining: 47m 17s
Rendered 509/1591, time remaining: 47m 10s
Rendered 509/1591, time remaining: 47m 10s
Rendered 509/1591, time remaining: 47m 10s
Rendered 509/1591, time remaining: 47m 10s
Rendered 509/1591, time remaining: 47m 10s
Rendered 509/1591, time remaining: 47m 10s
Rendered 509/1591, time remaining: 47m 10s
Rendered 510/1591, time remaining: 47m 21s
Rendered 510/1591, time remaining: 47m 21s
Rendered 510/1591, time remaining: 47m 21s
Rendered 510/1591, time remaining: 47m 21s
Rendered 510/1591, time remaining: 47m 21s
Rendered 511/1591, time remaining: 47m 6s
Rendered 511/1591, time remaining: 47m 6s
Rendered 511/1591, time remaining: 47m 6s
Rendered 511/1591, time remaining: 47m 6s
Rendered 511/1591, time remaining: 47m 6s
Rendered 511/1591, time remaining: 47m 6s
Rendered 511/1591, time remaining: 47m 6s
Rendered 511/1591, time remaining: 47m 6s
Rendered 511/1591, time remaining: 47m 6s
Rendered 511/1591, time remaining: 47m 6s
Rendered 512/1591, time remaining: 46m 59s
Rendered 512/1591, time remaining: 46m 59s
Rendered 512/1591, time remaining: 46m 59s
Rendered 512/1591, time remaining: 46m 59s
Rendered 512/1591, time remaining: 46m 59s
Rendered 512/1591, time remaining: 46m 59s
Rendered 512/1591, time remaining: 46m 59s
Rendered 513/1591, time remaining: 47m 15s
Rendered 513/1591, time remaining: 47m 15s
Rendered 513/1591, time remaining: 47m 15s
Rendered 513/1591, time remaining: 47m 15s
Rendered 513/1591, time remaining: 47m 15s
Rendered 514/1591, time remaining: 47m 22s
Rendered 514/1591, time remaining: 47m 22s
Rendered 514/1591, time remaining: 47m 22s
Rendered 514/1591, time remaining: 47m 22s
Rendered 514/1591, time remaining: 47m 22s
Rendered 514/1591, time remaining: 47m 22s
Rendered 514/1591, time remaining: 47m 22s
Rendered 515/1591, time remaining: 47m 13s
Rendered 515/1591, time remaining: 47m 13s
Rendered 515/1591, time remaining: 47m 13s
Rendered 515/1591, time remaining: 47m 13s
Rendered 516/1591, time remaining: 46m 46s
Rendered 516/1591, time remaining: 46m 46s
Rendered 516/1591, time remaining: 46m 46s
Rendered 516/1591, time remaining: 46m 46s
Rendered 516/1591, time remaining: 46m 46s
Rendered 516/1591, time remaining: 46m 46s
Rendered 516/1591, time remaining: 46m 46s
Rendered 516/1591, time remaining: 46m 46s
Rendered 517/1591, time remaining: 47m 0s
Rendered 517/1591, time remaining: 47m 0s
Rendered 517/1591, time remaining: 47m 0s
Rendered 518/1591, time remaining: 47m 2s
Rendered 518/1591, time remaining: 47m 2s
Rendered 518/1591, time remaining: 47m 2s
Rendered 518/1591, time remaining: 47m 2s
Rendered 518/1591, time remaining: 47m 2s
Rendered 518/1591, time remaining: 47m 2s
Rendered 518/1591, time remaining: 47m 2s
Rendered 518/1591, time remaining: 47m 2s
Rendered 518/1591, time remaining: 47m 2s
Rendered 519/1591, time remaining: 46m 54s
Rendered 519/1591, time remaining: 46m 54s
Rendered 519/1591, time remaining: 46m 54s
Rendered 520/1591, time remaining: 46m 23s
Rendered 520/1591, time remaining: 46m 23s
Rendered 520/1591, time remaining: 46m 23s
Rendered 520/1591, time remaining: 46m 23s
Rendered 520/1591, time remaining: 46m 23s
Rendered 520/1591, time remaining: 46m 23s
Rendered 520/1591, time remaining: 46m 23s
Rendered 520/1591, time remaining: 46m 23s
Rendered 520/1591, time remaining: 46m 23s
Rendered 520/1591, time remaining: 46m 23s
Rendered 520/1591, time remaining: 46m 23s
Rendered 520/1591, time remaining: 46m 23s
Rendered 521/1591, time remaining: 46m 55s
Rendered 521/1591, time remaining: 46m 55s
Rendered 522/1591, time remaining: 46m 23s
Rendered 522/1591, time remaining: 46m 23s
Rendered 522/1591, time remaining: 46m 23s
Rendered 523/1591, time remaining: 46m 25s
Rendered 523/1591, time remaining: 46m 25s
Rendered 523/1591, time remaining: 46m 25s
Rendered 523/1591, time remaining: 46m 25s
Rendered 523/1591, time remaining: 46m 25s
Rendered 523/1591, time remaining: 46m 25s
Rendered 523/1591, time remaining: 46m 25s
Rendered 524/1591, time remaining: 46m 11s
Rendered 524/1591, time remaining: 46m 11s
Rendered 524/1591, time remaining: 46m 11s
Rendered 524/1591, time remaining: 46m 11s
Rendered 524/1591, time remaining: 46m 11s
Rendered 524/1591, time remaining: 46m 11s
Rendered 524/1591, time remaining: 46m 11s
Rendered 524/1591, time remaining: 46m 11s
Rendered 524/1591, time remaining: 46m 11s
Rendered 524/1591, time remaining: 46m 11s
Rendered 524/1591, time remaining: 46m 11s
Rendered 524/1591, time remaining: 46m 11s
Rendered 524/1591, time remaining: 46m 11s
Rendered 524/1591, time remaining: 46m 11s
Rendered 525/1591, time remaining: 46m 51s
Rendered 526/1591, time remaining: 46m 18s
Rendered 527/1591, time remaining: 46m 10s
Rendered 527/1591, time remaining: 46m 10s
Rendered 527/1591, time remaining: 46m 10s
Rendered 527/1591, time remaining: 46m 10s
Rendered 527/1591, time remaining: 46m 10s
Rendered 527/1591, time remaining: 46m 10s
Rendered 527/1591, time remaining: 46m 10s
Rendered 527/1591, time remaining: 46m 10s
Rendered 527/1591, time remaining: 46m 10s
Rendered 527/1591, time remaining: 46m 10s
Rendered 527/1591, time remaining: 46m 10s
Rendered 528/1591, time remaining: 46m 10s
Rendered 528/1591, time remaining: 46m 10s
Rendered 528/1591, time remaining: 46m 10s
Rendered 528/1591, time remaining: 46m 10s
Rendered 528/1591, time remaining: 46m 10s
Rendered 528/1591, time remaining: 46m 10s
Rendered 528/1591, time remaining: 46m 10s
Rendered 528/1591, time remaining: 46m 10s
Rendered 528/1591, time remaining: 46m 10s
Rendered 528/1591, time remaining: 46m 10s
Rendered 528/1591, time remaining: 46m 10s
Rendered 528/1591, time remaining: 46m 10s
Rendered 528/1591, time remaining: 46m 10s
Rendered 529/1591, time remaining: 46m 46s
Rendered 530/1591, time remaining: 46m 15s
Rendered 531/1591, time remaining: 46m 7s
Rendered 531/1591, time remaining: 46m 7s
Rendered 531/1591, time remaining: 46m 7s
Rendered 531/1591, time remaining: 46m 7s
Rendered 531/1591, time remaining: 46m 7s
Rendered 532/1591, time remaining: 45m 49s
Rendered 532/1591, time remaining: 45m 49s
Rendered 532/1591, time remaining: 45m 49s
Rendered 532/1591, time remaining: 45m 49s
Rendered 532/1591, time remaining: 45m 49s
Rendered 532/1591, time remaining: 45m 49s
Rendered 532/1591, time remaining: 45m 49s
Rendered 532/1591, time remaining: 45m 49s
Rendered 532/1591, time remaining: 45m 49s
Rendered 532/1591, time remaining: 45m 49s
Rendered 532/1591, time remaining: 45m 49s
Rendered 532/1591, time remaining: 45m 49s
Rendered 532/1591, time remaining: 45m 49s
Rendered 532/1591, time remaining: 45m 49s
Rendered 532/1591, time remaining: 45m 49s
Rendered 532/1591, time remaining: 45m 49s
Rendered 533/1591, time remaining: 46m 31s
Rendered 533/1591, time remaining: 46m 31s
Rendered 533/1591, time remaining: 46m 31s
Rendered 533/1591, time remaining: 46m 31s
Rendered 533/1591, time remaining: 46m 31s
Rendered 533/1591, time remaining: 46m 31s
Rendered 533/1591, time remaining: 46m 31s
Rendered 534/1591, time remaining: 46m 14s
Rendered 535/1591, time remaining: 46m 11s
Rendered 535/1591, time remaining: 46m 11s
Rendered 536/1591, time remaining: 45m 40s
Rendered 536/1591, time remaining: 45m 40s
Rendered 536/1591, time remaining: 45m 40s
Rendered 536/1591, time remaining: 45m 40s
Rendered 536/1591, time remaining: 45m 40s
Rendered 536/1591, time remaining: 45m 40s
Rendered 536/1591, time remaining: 45m 40s
Rendered 536/1591, time remaining: 45m 40s
Rendered 536/1591, time remaining: 45m 40s
Rendered 536/1591, time remaining: 45m 40s
Rendered 536/1591, time remaining: 45m 40s
Rendered 536/1591, time remaining: 45m 40s
Rendered 537/1591, time remaining: 46m 11s
Rendered 537/1591, time remaining: 46m 11s
Rendered 537/1591, time remaining: 46m 11s
Rendered 537/1591, time remaining: 46m 11s
Rendered 537/1591, time remaining: 46m 11s
Rendered 537/1591, time remaining: 46m 11s
Rendered 537/1591, time remaining: 46m 11s
Rendered 537/1591, time remaining: 46m 11s
Rendered 537/1591, time remaining: 46m 11s
Rendered 537/1591, time remaining: 46m 11s
Rendered 537/1591, time remaining: 46m 11s
Rendered 538/1591, time remaining: 46m 20s
Rendered 539/1591, time remaining: 45m 55s
Rendered 539/1591, time remaining: 45m 55s
Rendered 539/1591, time remaining: 45m 55s
Rendered 540/1591, time remaining: 45m 34s
Rendered 540/1591, time remaining: 45m 34s
Rendered 540/1591, time remaining: 45m 34s
Rendered 540/1591, time remaining: 45m 34s
Rendered 540/1591, time remaining: 45m 34s
Rendered 540/1591, time remaining: 45m 34s
Rendered 540/1591, time remaining: 45m 34s
Rendered 540/1591, time remaining: 45m 34s
Rendered 541/1591, time remaining: 45m 49s
Rendered 541/1591, time remaining: 45m 49s
Rendered 541/1591, time remaining: 45m 49s
Rendered 541/1591, time remaining: 45m 49s
Rendered 541/1591, time remaining: 45m 49s
Rendered 541/1591, time remaining: 45m 49s
Rendered 541/1591, time remaining: 45m 49s
Rendered 541/1591, time remaining: 45m 49s
Rendered 541/1591, time remaining: 45m 49s
Rendered 541/1591, time remaining: 45m 49s
Rendered 541/1591, time remaining: 45m 49s
Rendered 541/1591, time remaining: 45m 49s
Rendered 542/1591, time remaining: 45m 55s
Rendered 542/1591, time remaining: 45m 55s
Rendered 542/1591, time remaining: 45m 55s
Rendered 543/1591, time remaining: 45m 53s
Rendered 544/1591, time remaining: 45m 21s
Rendered 544/1591, time remaining: 45m 21s
Rendered 544/1591, time remaining: 45m 21s
Rendered 544/1591, time remaining: 45m 21s
Rendered 544/1591, time remaining: 45m 21s
Rendered 545/1591, time remaining: 45m 30s
Rendered 545/1591, time remaining: 45m 30s
Rendered 545/1591, time remaining: 45m 30s
Rendered 545/1591, time remaining: 45m 30s
Rendered 545/1591, time remaining: 45m 30s
Rendered 545/1591, time remaining: 45m 30s
Rendered 545/1591, time remaining: 45m 30s
Rendered 545/1591, time remaining: 45m 30s
Rendered 545/1591, time remaining: 45m 30s
Rendered 545/1591, time remaining: 45m 30s
Rendered 545/1591, time remaining: 45m 30s
Rendered 545/1591, time remaining: 45m 30s
Rendered 545/1591, time remaining: 45m 30s
Rendered 546/1591, time remaining: 45m 38s
Rendered 546/1591, time remaining: 45m 38s
Rendered 546/1591, time remaining: 45m 38s
Rendered 546/1591, time remaining: 45m 38s
Rendered 546/1591, time remaining: 45m 38s
Rendered 546/1591, time remaining: 45m 38s
Rendered 546/1591, time remaining: 45m 38s
Rendered 546/1591, time remaining: 45m 38s
Rendered 546/1591, time remaining: 45m 38s
Rendered 547/1591, time remaining: 45m 57s
Rendered 548/1591, time remaining: 45m 27s
Rendered 548/1591, time remaining: 45m 27s
Rendered 548/1591, time remaining: 45m 27s
Rendered 548/1591, time remaining: 45m 27s
Rendered 549/1591, time remaining: 45m 30s
Rendered 549/1591, time remaining: 45m 30s
Rendered 549/1591, time remaining: 45m 30s
Rendered 549/1591, time remaining: 45m 30s
Rendered 549/1591, time remaining: 45m 30s
Rendered 549/1591, time remaining: 45m 30s
Rendered 549/1591, time remaining: 45m 30s
Rendered 549/1591, time remaining: 45m 30s
Rendered 549/1591, time remaining: 45m 30s
Rendered 550/1591, time remaining: 45m 25s
Rendered 550/1591, time remaining: 45m 25s
Rendered 550/1591, time remaining: 45m 25s
Rendered 550/1591, time remaining: 45m 25s
Rendered 550/1591, time remaining: 45m 25s
Rendered 550/1591, time remaining: 45m 25s
Rendered 550/1591, time remaining: 45m 25s
Rendered 550/1591, time remaining: 45m 25s
Rendered 550/1591, time remaining: 45m 25s
Rendered 550/1591, time remaining: 45m 25s
Rendered 550/1591, time remaining: 45m 25s
Rendered 550/1591, time remaining: 45m 25s
Rendered 550/1591, time remaining: 45m 25s
Rendered 550/1591, time remaining: 45m 25s
Rendered 551/1591, time remaining: 46m 5s
Rendered 552/1591, time remaining: 45m 35s
Rendered 552/1591, time remaining: 45m 35s
Rendered 553/1591, time remaining: 45m 32s
Rendered 553/1591, time remaining: 45m 32s
Rendered 553/1591, time remaining: 45m 32s
Rendered 553/1591, time remaining: 45m 32s
Rendered 553/1591, time remaining: 45m 32s
Rendered 553/1591, time remaining: 45m 32s
Rendered 553/1591, time remaining: 45m 32s
Rendered 553/1591, time remaining: 45m 32s
Rendered 553/1591, time remaining: 45m 32s
Rendered 554/1591, time remaining: 45m 25s
Rendered 554/1591, time remaining: 45m 25s
Rendered 554/1591, time remaining: 45m 25s
Rendered 554/1591, time remaining: 45m 25s
Rendered 554/1591, time remaining: 45m 25s
Rendered 554/1591, time remaining: 45m 25s
Rendered 554/1591, time remaining: 45m 25s
Rendered 554/1591, time remaining: 45m 25s
Rendered 554/1591, time remaining: 45m 25s
Rendered 554/1591, time remaining: 45m 25s
Rendered 554/1591, time remaining: 45m 25s
Rendered 554/1591, time remaining: 45m 25s
Rendered 554/1591, time remaining: 45m 25s
Rendered 554/1591, time remaining: 45m 25s
Rendered 554/1591, time remaining: 45m 25s
Rendered 554/1591, time remaining: 45m 25s
Rendered 554/1591, time remaining: 45m 25s
Rendered 554/1591, time remaining: 45m 25s
Rendered 554/1591, time remaining: 45m 25s
Rendered 554/1591, time remaining: 45m 25s
Rendered 555/1591, time remaining: 46m 14s
Rendered 556/1591, time remaining: 45m 55s
Rendered 557/1591, time remaining: 45m 45s
Rendered 557/1591, time remaining: 45m 45s
Rendered 557/1591, time remaining: 45m 45s
Rendered 557/1591, time remaining: 45m 45s
Rendered 557/1591, time remaining: 45m 45s
Rendered 558/1591, time remaining: 45m 29s
Rendered 558/1591, time remaining: 45m 29s
Rendered 558/1591, time remaining: 45m 29s
Rendered 558/1591, time remaining: 45m 29s
Rendered 558/1591, time remaining: 45m 29s
Rendered 558/1591, time remaining: 45m 29s
Rendered 558/1591, time remaining: 45m 29s
Rendered 558/1591, time remaining: 45m 29s
Rendered 558/1591, time remaining: 45m 29s
Rendered 558/1591, time remaining: 45m 29s
Rendered 558/1591, time remaining: 45m 29s
Rendered 558/1591, time remaining: 45m 29s
Rendered 558/1591, time remaining: 45m 29s
Rendered 558/1591, time remaining: 45m 29s
Rendered 558/1591, time remaining: 45m 29s
Rendered 558/1591, time remaining: 45m 29s
Rendered 558/1591, time remaining: 45m 29s
Rendered 558/1591, time remaining: 45m 29s
Rendered 558/1591, time remaining: 45m 29s
Rendered 558/1591, time remaining: 45m 29s
Rendered 558/1591, time remaining: 45m 29s
Rendered 559/1591, time remaining: 46m 32s
Rendered 559/1591, time remaining: 46m 32s
Rendered 559/1591, time remaining: 46m 32s
Rendered 559/1591, time remaining: 46m 32s
Rendered 560/1591, time remaining: 46m 10s
Rendered 560/1591, time remaining: 46m 10s
Rendered 560/1591, time remaining: 46m 10s
Rendered 561/1591, time remaining: 46m 7s
Rendered 562/1591, time remaining: 45m 38s
Rendered 562/1591, time remaining: 45m 38s
Rendered 562/1591, time remaining: 45m 38s
Rendered 562/1591, time remaining: 45m 38s
Rendered 562/1591, time remaining: 45m 38s
Rendered 562/1591, time remaining: 45m 38s
Rendered 562/1591, time remaining: 45m 38s
Rendered 562/1591, time remaining: 45m 38s
Rendered 562/1591, time remaining: 45m 38s
Rendered 562/1591, time remaining: 45m 38s
Rendered 562/1591, time remaining: 45m 38s
Rendered 562/1591, time remaining: 45m 38s
Rendered 562/1591, time remaining: 45m 38s
Rendered 562/1591, time remaining: 45m 38s
Rendered 562/1591, time remaining: 45m 38s
Rendered 562/1591, time remaining: 45m 38s
Rendered 562/1591, time remaining: 45m 38s
Rendered 562/1591, time remaining: 45m 38s
Rendered 563/1591, time remaining: 46m 31s
Rendered 563/1591, time remaining: 46m 31s
Rendered 563/1591, time remaining: 46m 31s
Rendered 563/1591, time remaining: 46m 31s
Rendered 564/1591, time remaining: 46m 17s
Rendered 565/1591, time remaining: 45m 44s
Rendered 566/1591, time remaining: 45m 21s
Rendered 566/1591, time remaining: 45m 21s
Rendered 566/1591, time remaining: 45m 21s
Rendered 566/1591, time remaining: 45m 21s
Rendered 566/1591, time remaining: 45m 21s
Rendered 566/1591, time remaining: 45m 21s
Rendered 566/1591, time remaining: 45m 21s
Rendered 566/1591, time remaining: 45m 21s
Rendered 566/1591, time remaining: 45m 21s
Rendered 566/1591, time remaining: 45m 21s
Rendered 566/1591, time remaining: 45m 21s
Rendered 566/1591, time remaining: 45m 21s
Rendered 566/1591, time remaining: 45m 21s
Rendered 566/1591, time remaining: 45m 21s
Rendered 567/1591, time remaining: 46m 4s
Rendered 567/1591, time remaining: 46m 4s
Rendered 567/1591, time remaining: 46m 4s
Rendered 567/1591, time remaining: 46m 4s
Rendered 567/1591, time remaining: 46m 4s
Rendered 567/1591, time remaining: 46m 4s
Rendered 567/1591, time remaining: 46m 4s
Rendered 567/1591, time remaining: 46m 4s
Rendered 567/1591, time remaining: 46m 4s
Rendered 567/1591, time remaining: 46m 4s
Rendered 567/1591, time remaining: 46m 4s
Rendered 568/1591, time remaining: 46m 15s
Rendered 569/1591, time remaining: 45m 59s
Rendered 570/1591, time remaining: 45m 19s
Rendered 570/1591, time remaining: 45m 19s
Rendered 570/1591, time remaining: 45m 19s
Rendered 570/1591, time remaining: 45m 19s
Rendered 570/1591, time remaining: 45m 19s
Rendered 570/1591, time remaining: 45m 19s
Rendered 570/1591, time remaining: 45m 19s
Rendered 571/1591, time remaining: 45m 37s
Rendered 571/1591, time remaining: 45m 37s
Rendered 571/1591, time remaining: 45m 37s
Rendered 571/1591, time remaining: 45m 37s
Rendered 571/1591, time remaining: 45m 37s
Rendered 571/1591, time remaining: 45m 37s
Rendered 571/1591, time remaining: 45m 37s
Rendered 571/1591, time remaining: 45m 37s
Rendered 571/1591, time remaining: 45m 37s
Rendered 571/1591, time remaining: 45m 37s
Rendered 571/1591, time remaining: 45m 37s
Rendered 571/1591, time remaining: 45m 37s
Rendered 571/1591, time remaining: 45m 37s
Rendered 571/1591, time remaining: 45m 37s
Rendered 572/1591, time remaining: 46m 6s
Rendered 573/1591, time remaining: 45m 57s
Rendered 573/1591, time remaining: 45m 57s
Rendered 573/1591, time remaining: 45m 57s
Rendered 574/1591, time remaining: 45m 9s
Rendered 574/1591, time remaining: 45m 9s
Rendered 574/1591, time remaining: 45m 9s
Rendered 574/1591, time remaining: 45m 9s
Rendered 574/1591, time remaining: 45m 9s
Rendered 574/1591, time remaining: 45m 9s
Rendered 574/1591, time remaining: 45m 9s
Rendered 575/1591, time remaining: 45m 25s
Rendered 575/1591, time remaining: 45m 25s
Rendered 575/1591, time remaining: 45m 25s
Rendered 575/1591, time remaining: 45m 25s
Rendered 575/1591, time remaining: 45m 25s
Rendered 575/1591, time remaining: 45m 25s
Rendered 575/1591, time remaining: 45m 25s
Rendered 575/1591, time remaining: 45m 25s
Rendered 575/1591, time remaining: 45m 25s
Rendered 575/1591, time remaining: 45m 25s
Rendered 575/1591, time remaining: 45m 25s
Rendered 575/1591, time remaining: 45m 25s
Rendered 575/1591, time remaining: 45m 25s
Rendered 575/1591, time remaining: 45m 25s
Rendered 575/1591, time remaining: 45m 25s
Rendered 576/1591, time remaining: 45m 54s
Rendered 577/1591, time remaining: 45m 51s
Rendered 578/1591, time remaining: 45m 1s
Rendered 578/1591, time remaining: 45m 1s
Rendered 579/1591, time remaining: 45m 3s
Rendered 579/1591, time remaining: 45m 3s
Rendered 579/1591, time remaining: 45m 3s
Rendered 579/1591, time remaining: 45m 3s
Rendered 579/1591, time remaining: 45m 3s
Rendered 579/1591, time remaining: 45m 3s
Rendered 579/1591, time remaining: 45m 3s
Rendered 579/1591, time remaining: 45m 3s
Rendered 579/1591, time remaining: 45m 3s
Rendered 579/1591, time remaining: 45m 3s
Rendered 579/1591, time remaining: 45m 3s
Rendered 579/1591, time remaining: 45m 3s
Rendered 579/1591, time remaining: 45m 3s
Rendered 580/1591, time remaining: 45m 25s
Rendered 580/1591, time remaining: 45m 25s
Rendered 580/1591, time remaining: 45m 25s
Rendered 580/1591, time remaining: 45m 25s
Rendered 580/1591, time remaining: 45m 25s
Rendered 581/1591, time remaining: 45m 22s
Rendered 581/1591, time remaining: 45m 22s
Rendered 581/1591, time remaining: 45m 22s
Rendered 581/1591, time remaining: 45m 22s
Rendered 581/1591, time remaining: 45m 22s
Rendered 581/1591, time remaining: 45m 22s
Rendered 581/1591, time remaining: 45m 22s
Rendered 581/1591, time remaining: 45m 22s
Rendered 581/1591, time remaining: 45m 22s
Rendered 581/1591, time remaining: 45m 22s
Rendered 582/1591, time remaining: 45m 24s
Rendered 583/1591, time remaining: 45m 1s
Rendered 583/1591, time remaining: 45m 1s
Rendered 583/1591, time remaining: 45m 1s
Rendered 584/1591, time remaining: 44m 48s
Rendered 584/1591, time remaining: 44m 48s
Rendered 584/1591, time remaining: 44m 48s
Rendered 585/1591, time remaining: 44m 48s
Rendered 585/1591, time remaining: 44m 48s
Rendered 585/1591, time remaining: 44m 48s
Rendered 585/1591, time remaining: 44m 48s
Rendered 585/1591, time remaining: 44m 48s
Rendered 585/1591, time remaining: 44m 48s
Rendered 585/1591, time remaining: 44m 48s
Rendered 585/1591, time remaining: 44m 48s
Rendered 585/1591, time remaining: 44m 48s
Rendered 585/1591, time remaining: 44m 48s
Rendered 585/1591, time remaining: 44m 48s
Rendered 585/1591, time remaining: 44m 48s
Rendered 585/1591, time remaining: 44m 48s
Rendered 585/1591, time remaining: 44m 48s
Rendered 585/1591, time remaining: 44m 48s
Rendered 585/1591, time remaining: 44m 48s
Rendered 585/1591, time remaining: 44m 48s
Rendered 585/1591, time remaining: 44m 48s
Rendered 586/1591, time remaining: 45m 8s
Rendered 586/1591, time remaining: 45m 8s
Rendered 586/1591, time remaining: 45m 8s
Rendered 587/1591, time remaining: 45m 1s
Rendered 588/1591, time remaining: 44m 44s
Rendered 589/1591, time remaining: 44m 33s
Rendered 589/1591, time remaining: 44m 33s
Rendered 589/1591, time remaining: 44m 33s
Rendered 589/1591, time remaining: 44m 33s
Rendered 589/1591, time remaining: 44m 33s
Rendered 589/1591, time remaining: 44m 33s
Rendered 589/1591, time remaining: 44m 33s
Rendered 589/1591, time remaining: 44m 33s
Rendered 590/1591, time remaining: 44m 22s
Rendered 590/1591, time remaining: 44m 22s
Rendered 590/1591, time remaining: 44m 22s
Rendered 590/1591, time remaining: 44m 22s
Rendered 590/1591, time remaining: 44m 22s
Rendered 590/1591, time remaining: 44m 22s
Rendered 590/1591, time remaining: 44m 22s
Rendered 590/1591, time remaining: 44m 22s
Rendered 590/1591, time remaining: 44m 22s
Rendered 590/1591, time remaining: 44m 22s
Rendered 591/1591, time remaining: 44m 27s
Rendered 591/1591, time remaining: 44m 27s
Rendered 591/1591, time remaining: 44m 27s
Rendered 592/1591, time remaining: 44m 32s
Rendered 593/1591, time remaining: 44m 11s
Rendered 593/1591, time remaining: 44m 11s
Rendered 593/1591, time remaining: 44m 11s
Rendered 593/1591, time remaining: 44m 11s
Rendered 593/1591, time remaining: 44m 11s
Rendered 593/1591, time remaining: 44m 11s
Rendered 593/1591, time remaining: 44m 11s
Rendered 593/1591, time remaining: 44m 11s
Rendered 593/1591, time remaining: 44m 11s
Rendered 594/1591, time remaining: 43m 57s
Rendered 594/1591, time remaining: 43m 57s
Rendered 594/1591, time remaining: 43m 57s
Rendered 594/1591, time remaining: 43m 57s
Rendered 594/1591, time remaining: 43m 57s
Rendered 594/1591, time remaining: 43m 57s
Rendered 594/1591, time remaining: 43m 57s
Rendered 594/1591, time remaining: 43m 57s
Rendered 594/1591, time remaining: 43m 57s
Rendered 594/1591, time remaining: 43m 57s
Rendered 594/1591, time remaining: 43m 57s
Rendered 594/1591, time remaining: 43m 57s
Rendered 595/1591, time remaining: 44m 17s
Rendered 596/1591, time remaining: 44m 15s
Rendered 597/1591, time remaining: 43m 32s
Rendered 597/1591, time remaining: 43m 32s
Rendered 597/1591, time remaining: 43m 32s
Rendered 597/1591, time remaining: 43m 32s
Rendered 598/1591, time remaining: 43m 36s
Rendered 598/1591, time remaining: 43m 36s
Rendered 598/1591, time remaining: 43m 36s
Rendered 598/1591, time remaining: 43m 36s
Rendered 598/1591, time remaining: 43m 36s
Rendered 598/1591, time remaining: 43m 36s
Rendered 598/1591, time remaining: 43m 36s
Rendered 598/1591, time remaining: 43m 36s
Rendered 598/1591, time remaining: 43m 36s
Rendered 598/1591, time remaining: 43m 36s
Rendered 598/1591, time remaining: 43m 36s
Rendered 598/1591, time remaining: 43m 36s
Rendered 598/1591, time remaining: 43m 36s
Rendered 598/1591, time remaining: 43m 36s
Rendered 599/1591, time remaining: 43m 43s
Rendered 600/1591, time remaining: 43m 41s
Rendered 600/1591, time remaining: 43m 41s
Rendered 600/1591, time remaining: 43m 41s
Rendered 600/1591, time remaining: 43m 41s
Rendered 600/1591, time remaining: 43m 41s
Rendered 601/1591, time remaining: 43m 32s
Rendered 602/1591, time remaining: 43m 17s
Rendered 602/1591, time remaining: 43m 17s
Rendered 602/1591, time remaining: 43m 17s
Rendered 602/1591, time remaining: 43m 17s
Rendered 602/1591, time remaining: 43m 17s
Rendered 602/1591, time remaining: 43m 17s
Rendered 602/1591, time remaining: 43m 17s
Rendered 602/1591, time remaining: 43m 17s
Rendered 602/1591, time remaining: 43m 17s
Rendered 602/1591, time remaining: 43m 17s
Rendered 603/1591, time remaining: 43m 9s
Rendered 603/1591, time remaining: 43m 9s
Rendered 603/1591, time remaining: 43m 9s
Rendered 603/1591, time remaining: 43m 9s
Rendered 603/1591, time remaining: 43m 9s
Rendered 603/1591, time remaining: 43m 9s
Rendered 603/1591, time remaining: 43m 9s
Rendered 603/1591, time remaining: 43m 9s
Rendered 603/1591, time remaining: 43m 9s
Rendered 603/1591, time remaining: 43m 9s
Rendered 603/1591, time remaining: 43m 9s
Rendered 603/1591, time remaining: 43m 9s
Rendered 603/1591, time remaining: 43m 9s
Rendered 604/1591, time remaining: 43m 44s
Rendered 605/1591, time remaining: 43m 13s
Rendered 606/1591, time remaining: 43m 10s
Rendered 606/1591, time remaining: 43m 10s
Rendered 606/1591, time remaining: 43m 10s
Rendered 606/1591, time remaining: 43m 10s
Rendered 606/1591, time remaining: 43m 10s
Rendered 606/1591, time remaining: 43m 10s
Rendered 606/1591, time remaining: 43m 10s
Rendered 606/1591, time remaining: 43m 10s
Rendered 607/1591, time remaining: 42m 58s
Rendered 607/1591, time remaining: 42m 58s
Rendered 607/1591, time remaining: 42m 58s
Rendered 607/1591, time remaining: 42m 58s
Rendered 607/1591, time remaining: 42m 58s
Rendered 607/1591, time remaining: 42m 58s
Rendered 607/1591, time remaining: 42m 58s
Rendered 607/1591, time remaining: 42m 58s
Rendered 607/1591, time remaining: 42m 58s
Rendered 607/1591, time remaining: 42m 58s
Rendered 607/1591, time remaining: 42m 58s
Rendered 608/1591, time remaining: 43m 28s
Rendered 608/1591, time remaining: 43m 28s
Rendered 608/1591, time remaining: 43m 28s
Rendered 609/1591, time remaining: 42m 42s
Rendered 610/1591, time remaining: 42m 39s
Rendered 610/1591, time remaining: 42m 39s
Rendered 610/1591, time remaining: 42m 39s
Rendered 610/1591, time remaining: 42m 39s
Rendered 610/1591, time remaining: 42m 39s
Rendered 611/1591, time remaining: 42m 17s
Rendered 611/1591, time remaining: 42m 17s
Rendered 611/1591, time remaining: 42m 17s
Rendered 611/1591, time remaining: 42m 17s
Rendered 611/1591, time remaining: 42m 17s
Rendered 611/1591, time remaining: 42m 17s
Rendered 611/1591, time remaining: 42m 17s
Rendered 611/1591, time remaining: 42m 17s
Rendered 611/1591, time remaining: 42m 17s
Rendered 611/1591, time remaining: 42m 17s
Rendered 611/1591, time remaining: 42m 17s
Rendered 611/1591, time remaining: 42m 17s
Rendered 611/1591, time remaining: 42m 17s
Rendered 611/1591, time remaining: 42m 17s
Rendered 611/1591, time remaining: 42m 17s
Rendered 612/1591, time remaining: 42m 59s
Rendered 612/1591, time remaining: 42m 59s
Rendered 612/1591, time remaining: 42m 59s
Rendered 612/1591, time remaining: 42m 59s
Rendered 613/1591, time remaining: 42m 46s
Rendered 614/1591, time remaining: 42m 31s
Rendered 614/1591, time remaining: 42m 31s
Rendered 615/1591, time remaining: 41m 36s
Rendered 615/1591, time remaining: 41m 36s
Rendered 615/1591, time remaining: 41m 36s
Rendered 615/1591, time remaining: 41m 36s
Rendered 615/1591, time remaining: 41m 36s
Rendered 615/1591, time remaining: 41m 36s
Rendered 615/1591, time remaining: 41m 36s
Rendered 615/1591, time remaining: 41m 36s
Rendered 615/1591, time remaining: 41m 36s
Rendered 616/1591, time remaining: 41m 58s
Rendered 616/1591, time remaining: 41m 58s
Rendered 616/1591, time remaining: 41m 58s
Rendered 616/1591, time remaining: 41m 58s
Rendered 616/1591, time remaining: 41m 58s
Rendered 616/1591, time remaining: 41m 58s
Rendered 617/1591, time remaining: 42m 13s
Rendered 617/1591, time remaining: 42m 13s
Rendered 617/1591, time remaining: 42m 13s
Rendered 617/1591, time remaining: 42m 13s
Rendered 617/1591, time remaining: 42m 13s
Rendered 617/1591, time remaining: 42m 13s
Rendered 617/1591, time remaining: 42m 13s
Rendered 617/1591, time remaining: 42m 13s
Rendered 617/1591, time remaining: 42m 13s
Rendered 617/1591, time remaining: 42m 13s
Rendered 617/1591, time remaining: 42m 13s
Rendered 618/1591, time remaining: 42m 36s
Rendered 619/1591, time remaining: 41m 39s
Rendered 619/1591, time remaining: 41m 39s
Rendered 620/1591, time remaining: 41m 30s
Rendered 620/1591, time remaining: 41m 30s
Rendered 620/1591, time remaining: 41m 30s
Rendered 620/1591, time remaining: 41m 30s
Rendered 620/1591, time remaining: 41m 30s
Rendered 620/1591, time remaining: 41m 30s
Rendered 620/1591, time remaining: 41m 30s
Rendered 621/1591, time remaining: 41m 48s
Rendered 621/1591, time remaining: 41m 48s
Rendered 621/1591, time remaining: 41m 48s
Rendered 621/1591, time remaining: 41m 48s
Rendered 621/1591, time remaining: 41m 48s
Rendered 621/1591, time remaining: 41m 48s
Rendered 621/1591, time remaining: 41m 48s
Rendered 621/1591, time remaining: 41m 48s
Rendered 621/1591, time remaining: 41m 48s
Rendered 621/1591, time remaining: 41m 48s
Rendered 621/1591, time remaining: 41m 48s
Rendered 621/1591, time remaining: 41m 48s
Rendered 622/1591, time remaining: 42m 19s
Rendered 622/1591, time remaining: 42m 19s
Rendered 623/1591, time remaining: 41m 51s
Rendered 624/1591, time remaining: 40m 57s
Rendered 624/1591, time remaining: 40m 57s
Rendered 624/1591, time remaining: 40m 57s
Rendered 624/1591, time remaining: 40m 57s
Rendered 624/1591, time remaining: 40m 57s
Rendered 624/1591, time remaining: 40m 57s
Rendered 624/1591, time remaining: 40m 57s
Rendered 624/1591, time remaining: 40m 57s
Rendered 625/1591, time remaining: 41m 7s
Rendered 625/1591, time remaining: 41m 7s
Rendered 625/1591, time remaining: 41m 7s
Rendered 625/1591, time remaining: 41m 7s
Rendered 625/1591, time remaining: 41m 7s
Rendered 625/1591, time remaining: 41m 7s
Rendered 625/1591, time remaining: 41m 7s
Rendered 625/1591, time remaining: 41m 7s
Rendered 625/1591, time remaining: 41m 7s
Rendered 625/1591, time remaining: 41m 7s
Rendered 625/1591, time remaining: 41m 7s
Rendered 626/1591, time remaining: 41m 28s
Rendered 626/1591, time remaining: 41m 28s
Rendered 626/1591, time remaining: 41m 28s
Rendered 627/1591, time remaining: 41m 24s
Rendered 627/1591, time remaining: 41m 24s
Rendered 627/1591, time remaining: 41m 24s
Rendered 627/1591, time remaining: 41m 24s
Rendered 627/1591, time remaining: 41m 24s
Rendered 627/1591, time remaining: 41m 24s
Rendered 627/1591, time remaining: 41m 24s
Rendered 628/1591, time remaining: 41m 9s
Rendered 628/1591, time remaining: 41m 9s
Rendered 628/1591, time remaining: 41m 9s
Rendered 628/1591, time remaining: 41m 9s
Rendered 629/1591, time remaining: 41m 3s
Rendered 629/1591, time remaining: 41m 3s
Rendered 629/1591, time remaining: 41m 3s
Rendered 629/1591, time remaining: 41m 3s
Rendered 629/1591, time remaining: 41m 3s
Rendered 629/1591, time remaining: 41m 3s
Rendered 629/1591, time remaining: 41m 3s
Rendered 630/1591, time remaining: 41m 5s
Rendered 630/1591, time remaining: 41m 5s
Rendered 630/1591, time remaining: 41m 5s
Rendered 630/1591, time remaining: 41m 5s
Rendered 630/1591, time remaining: 41m 5s
Rendered 630/1591, time remaining: 41m 5s
Rendered 630/1591, time remaining: 41m 5s
Rendered 630/1591, time remaining: 41m 5s
Rendered 630/1591, time remaining: 41m 5s
Rendered 630/1591, time remaining: 41m 5s
Rendered 631/1591, time remaining: 41m 22s
Rendered 631/1591, time remaining: 41m 22s
Rendered 631/1591, time remaining: 41m 22s
Rendered 631/1591, time remaining: 41m 22s
Rendered 631/1591, time remaining: 41m 22s
Rendered 631/1591, time remaining: 41m 22s
Rendered 632/1591, time remaining: 41m 1s
Rendered 633/1591, time remaining: 40m 58s
Rendered 633/1591, time remaining: 40m 58s
Rendered 633/1591, time remaining: 40m 58s
Rendered 633/1591, time remaining: 40m 58s
Rendered 633/1591, time remaining: 40m 58s
Rendered 633/1591, time remaining: 40m 58s
Rendered 633/1591, time remaining: 40m 58s
Rendered 633/1591, time remaining: 40m 58s
Rendered 633/1591, time remaining: 40m 58s
Rendered 633/1591, time remaining: 40m 58s
Rendered 634/1591, time remaining: 40m 54s
Rendered 634/1591, time remaining: 40m 54s
Rendered 635/1591, time remaining: 40m 52s
Rendered 635/1591, time remaining: 40m 52s
Rendered 635/1591, time remaining: 40m 52s
Rendered 635/1591, time remaining: 40m 52s
Rendered 635/1591, time remaining: 40m 52s
Rendered 635/1591, time remaining: 40m 52s
Rendered 635/1591, time remaining: 40m 52s
Rendered 635/1591, time remaining: 40m 52s
Rendered 635/1591, time remaining: 40m 52s
Rendered 635/1591, time remaining: 40m 52s
Rendered 635/1591, time remaining: 40m 52s
Rendered 635/1591, time remaining: 40m 52s
Rendered 635/1591, time remaining: 40m 52s
Rendered 635/1591, time remaining: 40m 52s
Rendered 636/1591, time remaining: 41m 3s
Rendered 637/1591, time remaining: 40m 56s
Rendered 637/1591, time remaining: 40m 56s
Rendered 637/1591, time remaining: 40m 56s
Rendered 637/1591, time remaining: 40m 56s
Rendered 637/1591, time remaining: 40m 56s
Rendered 637/1591, time remaining: 40m 56s
Rendered 638/1591, time remaining: 40m 41s
Rendered 638/1591, time remaining: 40m 41s
Rendered 638/1591, time remaining: 40m 41s
Rendered 638/1591, time remaining: 40m 41s
Rendered 638/1591, time remaining: 40m 41s
Rendered 638/1591, time remaining: 40m 41s
Rendered 639/1591, time remaining: 40m 49s
Rendered 639/1591, time remaining: 40m 49s
Rendered 639/1591, time remaining: 40m 49s
Rendered 639/1591, time remaining: 40m 49s
Rendered 639/1591, time remaining: 40m 49s
Rendered 639/1591, time remaining: 40m 49s
Rendered 639/1591, time remaining: 40m 49s
Rendered 639/1591, time remaining: 40m 49s
Rendered 639/1591, time remaining: 40m 49s
Rendered 639/1591, time remaining: 40m 49s
Rendered 639/1591, time remaining: 40m 49s
Rendered 639/1591, time remaining: 40m 49s
Rendered 639/1591, time remaining: 40m 49s
Rendered 639/1591, time remaining: 40m 49s
Rendered 640/1591, time remaining: 40m 38s
Rendered 641/1591, time remaining: 40m 36s
Rendered 642/1591, time remaining: 40m 21s
Rendered 642/1591, time remaining: 40m 21s
Rendered 642/1591, time remaining: 40m 21s
Rendered 642/1591, time remaining: 40m 21s
Rendered 642/1591, time remaining: 40m 21s
Rendered 643/1591, time remaining: 40m 32s
Rendered 643/1591, time remaining: 40m 32s
Rendered 643/1591, time remaining: 40m 32s
Rendered 643/1591, time remaining: 40m 32s
Rendered 643/1591, time remaining: 40m 32s
Rendered 643/1591, time remaining: 40m 32s
Rendered 643/1591, time remaining: 40m 32s
Rendered 643/1591, time remaining: 40m 32s
Rendered 643/1591, time remaining: 40m 32s
Rendered 643/1591, time remaining: 40m 32s
Rendered 643/1591, time remaining: 40m 32s
Rendered 643/1591, time remaining: 40m 32s
Rendered 643/1591, time remaining: 40m 32s
Rendered 643/1591, time remaining: 40m 32s
Rendered 643/1591, time remaining: 40m 32s
Rendered 643/1591, time remaining: 40m 32s
Rendered 643/1591, time remaining: 40m 32s
Rendered 643/1591, time remaining: 40m 32s
Rendered 643/1591, time remaining: 40m 32s
Rendered 644/1591, time remaining: 40m 44s
Rendered 645/1591, time remaining: 40m 26s
Rendered 645/1591, time remaining: 40m 26s
Rendered 645/1591, time remaining: 40m 26s
Rendered 646/1591, time remaining: 40m 11s
Rendered 646/1591, time remaining: 40m 11s
Rendered 647/1591, time remaining: 40m 9s
Rendered 647/1591, time remaining: 40m 9s
Rendered 647/1591, time remaining: 40m 9s
Rendered 647/1591, time remaining: 40m 9s
Rendered 647/1591, time remaining: 40m 9s
Rendered 647/1591, time remaining: 40m 9s
Rendered 647/1591, time remaining: 40m 9s
Rendered 647/1591, time remaining: 40m 9s
Rendered 647/1591, time remaining: 40m 9s
Rendered 647/1591, time remaining: 40m 9s
Rendered 647/1591, time remaining: 40m 9s
Rendered 647/1591, time remaining: 40m 9s
Rendered 647/1591, time remaining: 40m 9s
Rendered 647/1591, time remaining: 40m 9s
Rendered 647/1591, time remaining: 40m 9s
Rendered 647/1591, time remaining: 40m 9s
Rendered 647/1591, time remaining: 40m 9s
Rendered 647/1591, time remaining: 40m 9s
Rendered 647/1591, time remaining: 40m 9s
Rendered 648/1591, time remaining: 40m 22s
Rendered 649/1591, time remaining: 40m 19s
Rendered 649/1591, time remaining: 40m 19s
Rendered 649/1591, time remaining: 40m 19s
Rendered 649/1591, time remaining: 40m 19s
Rendered 649/1591, time remaining: 40m 19s
Rendered 649/1591, time remaining: 40m 19s
Rendered 649/1591, time remaining: 40m 19s
Rendered 649/1591, time remaining: 40m 19s
Rendered 649/1591, time remaining: 40m 19s
Rendered 650/1591, time remaining: 40m 12s
Rendered 651/1591, time remaining: 40m 9s
Rendered 651/1591, time remaining: 40m 9s
Rendered 651/1591, time remaining: 40m 9s
Rendered 651/1591, time remaining: 40m 9s
Rendered 651/1591, time remaining: 40m 9s
Rendered 651/1591, time remaining: 40m 9s
Rendered 651/1591, time remaining: 40m 9s
Rendered 651/1591, time remaining: 40m 9s
Rendered 651/1591, time remaining: 40m 9s
Rendered 651/1591, time remaining: 40m 9s
Rendered 651/1591, time remaining: 40m 9s
Rendered 651/1591, time remaining: 40m 9s
Rendered 651/1591, time remaining: 40m 9s
Rendered 651/1591, time remaining: 40m 9s
Rendered 651/1591, time remaining: 40m 9s
Rendered 651/1591, time remaining: 40m 9s
Rendered 651/1591, time remaining: 40m 9s
Rendered 651/1591, time remaining: 40m 9s
Rendered 651/1591, time remaining: 40m 9s
Rendered 651/1591, time remaining: 40m 9s
Rendered 652/1591, time remaining: 40m 31s
Rendered 653/1591, time remaining: 40m 9s
Rendered 653/1591, time remaining: 40m 9s
Rendered 653/1591, time remaining: 40m 9s
Rendered 654/1591, time remaining: 40m 11s
Rendered 655/1591, time remaining: 40m 1s
Rendered 655/1591, time remaining: 40m 1s
Rendered 655/1591, time remaining: 40m 1s
Rendered 655/1591, time remaining: 40m 1s
Rendered 655/1591, time remaining: 40m 1s
Rendered 655/1591, time remaining: 40m 1s
Rendered 655/1591, time remaining: 40m 1s
Rendered 655/1591, time remaining: 40m 1s
Rendered 655/1591, time remaining: 40m 1s
Rendered 655/1591, time remaining: 40m 1s
Rendered 655/1591, time remaining: 40m 1s
Rendered 655/1591, time remaining: 40m 1s
Rendered 655/1591, time remaining: 40m 1s
Rendered 655/1591, time remaining: 40m 1s
Rendered 655/1591, time remaining: 40m 1s
Rendered 655/1591, time remaining: 40m 1s
Rendered 655/1591, time remaining: 40m 1s
Rendered 655/1591, time remaining: 40m 1s
Rendered 655/1591, time remaining: 40m 1s
Rendered 655/1591, time remaining: 40m 1s
Rendered 656/1591, time remaining: 40m 17s
Rendered 656/1591, time remaining: 40m 17s
Rendered 656/1591, time remaining: 40m 17s
Rendered 656/1591, time remaining: 40m 17s
Rendered 657/1591, time remaining: 40m 24s
Rendered 658/1591, time remaining: 39m 54s
Rendered 659/1591, time remaining: 39m 51s
Rendered 659/1591, time remaining: 39m 51s
Rendered 659/1591, time remaining: 39m 51s
Rendered 659/1591, time remaining: 39m 51s
Rendered 659/1591, time remaining: 39m 51s
Rendered 659/1591, time remaining: 39m 51s
Rendered 659/1591, time remaining: 39m 51s
Rendered 659/1591, time remaining: 39m 51s
Rendered 659/1591, time remaining: 39m 51s
Rendered 659/1591, time remaining: 39m 51s
Rendered 659/1591, time remaining: 39m 51s
Rendered 659/1591, time remaining: 39m 51s
Rendered 660/1591, time remaining: 40m 7s
Rendered 660/1591, time remaining: 40m 7s
Rendered 660/1591, time remaining: 40m 7s
Rendered 660/1591, time remaining: 40m 7s
Rendered 660/1591, time remaining: 40m 7s
Rendered 660/1591, time remaining: 40m 7s
Rendered 661/1591, time remaining: 40m 4s
Rendered 661/1591, time remaining: 40m 4s
Rendered 661/1591, time remaining: 40m 4s
Rendered 661/1591, time remaining: 40m 4s
Rendered 661/1591, time remaining: 40m 4s
Rendered 661/1591, time remaining: 40m 4s
Rendered 661/1591, time remaining: 40m 4s
Rendered 661/1591, time remaining: 40m 4s
Rendered 661/1591, time remaining: 40m 4s
Rendered 661/1591, time remaining: 40m 4s
Rendered 662/1591, time remaining: 40m 3s
Rendered 663/1591, time remaining: 39m 41s
Rendered 663/1591, time remaining: 39m 41s
Rendered 663/1591, time remaining: 39m 41s
Rendered 663/1591, time remaining: 39m 41s
Rendered 663/1591, time remaining: 39m 41s
Rendered 664/1591, time remaining: 39m 40s
Rendered 664/1591, time remaining: 39m 40s
Rendered 664/1591, time remaining: 39m 40s
Rendered 664/1591, time remaining: 39m 40s
Rendered 664/1591, time remaining: 39m 40s
Rendered 664/1591, time remaining: 39m 40s
Rendered 664/1591, time remaining: 39m 40s
Rendered 664/1591, time remaining: 39m 40s
Rendered 664/1591, time remaining: 39m 40s
Rendered 664/1591, time remaining: 39m 40s
Rendered 664/1591, time remaining: 39m 40s
Rendered 664/1591, time remaining: 39m 40s
Rendered 664/1591, time remaining: 39m 40s
Rendered 664/1591, time remaining: 39m 40s
Rendered 665/1591, time remaining: 39m 57s
Rendered 665/1591, time remaining: 39m 57s
Rendered 665/1591, time remaining: 39m 57s
Rendered 665/1591, time remaining: 39m 57s
Rendered 665/1591, time remaining: 39m 57s
Rendered 665/1591, time remaining: 39m 57s
Rendered 665/1591, time remaining: 39m 57s
Rendered 666/1591, time remaining: 40m 4s
Rendered 667/1591, time remaining: 39m 42s
Rendered 667/1591, time remaining: 39m 42s
Rendered 667/1591, time remaining: 39m 42s
Rendered 667/1591, time remaining: 39m 42s
Rendered 667/1591, time remaining: 39m 42s
Rendered 667/1591, time remaining: 39m 42s
Rendered 668/1591, time remaining: 39m 46s
Rendered 668/1591, time remaining: 39m 46s
Rendered 668/1591, time remaining: 39m 46s
Rendered 668/1591, time remaining: 39m 46s
Rendered 668/1591, time remaining: 39m 46s
Rendered 668/1591, time remaining: 39m 46s
Rendered 668/1591, time remaining: 39m 46s
Rendered 668/1591, time remaining: 39m 46s
Rendered 668/1591, time remaining: 39m 46s
Rendered 668/1591, time remaining: 39m 46s
Rendered 668/1591, time remaining: 39m 46s
Rendered 668/1591, time remaining: 39m 46s
Rendered 668/1591, time remaining: 39m 46s
Rendered 668/1591, time remaining: 39m 46s
Rendered 669/1591, time remaining: 40m 0s
Rendered 669/1591, time remaining: 40m 0s
Rendered 669/1591, time remaining: 40m 0s
Rendered 669/1591, time remaining: 40m 0s
Rendered 670/1591, time remaining: 39m 58s
Rendered 671/1591, time remaining: 39m 24s
Rendered 671/1591, time remaining: 39m 24s
Rendered 671/1591, time remaining: 39m 24s
Rendered 671/1591, time remaining: 39m 24s
Rendered 671/1591, time remaining: 39m 24s
Rendered 671/1591, time remaining: 39m 24s
Rendered 671/1591, time remaining: 39m 24s
Rendered 672/1591, time remaining: 39m 37s
Rendered 672/1591, time remaining: 39m 37s
Rendered 672/1591, time remaining: 39m 37s
Rendered 672/1591, time remaining: 39m 37s
Rendered 672/1591, time remaining: 39m 37s
Rendered 672/1591, time remaining: 39m 37s
Rendered 672/1591, time remaining: 39m 37s
Rendered 672/1591, time remaining: 39m 37s
Rendered 672/1591, time remaining: 39m 37s
Rendered 672/1591, time remaining: 39m 37s
Rendered 672/1591, time remaining: 39m 37s
Rendered 673/1591, time remaining: 39m 58s
Rendered 673/1591, time remaining: 39m 58s
Rendered 673/1591, time remaining: 39m 58s
Rendered 673/1591, time remaining: 39m 58s
Rendered 673/1591, time remaining: 39m 58s
Rendered 673/1591, time remaining: 39m 58s
Rendered 673/1591, time remaining: 39m 58s
Rendered 673/1591, time remaining: 39m 58s
Rendered 674/1591, time remaining: 40m 1s
Rendered 675/1591, time remaining: 39m 16s
Rendered 675/1591, time remaining: 39m 16s
Rendered 675/1591, time remaining: 39m 16s
Rendered 675/1591, time remaining: 39m 16s
Rendered 675/1591, time remaining: 39m 16s
Rendered 676/1591, time remaining: 39m 24s
Rendered 676/1591, time remaining: 39m 24s
Rendered 676/1591, time remaining: 39m 24s
Rendered 676/1591, time remaining: 39m 24s
Rendered 676/1591, time remaining: 39m 24s
Rendered 676/1591, time remaining: 39m 24s
Rendered 676/1591, time remaining: 39m 24s
Rendered 676/1591, time remaining: 39m 24s
Rendered 676/1591, time remaining: 39m 24s
Rendered 676/1591, time remaining: 39m 24s
Rendered 676/1591, time remaining: 39m 24s
Rendered 676/1591, time remaining: 39m 24s
Rendered 676/1591, time remaining: 39m 24s
Rendered 676/1591, time remaining: 39m 24s
Rendered 676/1591, time remaining: 39m 24s
Rendered 677/1591, time remaining: 40m 4s
Rendered 677/1591, time remaining: 40m 4s
Rendered 677/1591, time remaining: 40m 4s
Rendered 677/1591, time remaining: 40m 4s
Rendered 677/1591, time remaining: 40m 4s
Rendered 677/1591, time remaining: 40m 4s
Rendered 678/1591, time remaining: 39m 50s
Rendered 679/1591, time remaining: 39m 10s
Rendered 679/1591, time remaining: 39m 10s
Rendered 679/1591, time remaining: 39m 10s
Rendered 679/1591, time remaining: 39m 10s
Rendered 679/1591, time remaining: 39m 10s
Rendered 680/1591, time remaining: 39m 20s
Rendered 680/1591, time remaining: 39m 20s
Rendered 680/1591, time remaining: 39m 20s
Rendered 680/1591, time remaining: 39m 20s
Rendered 680/1591, time remaining: 39m 20s
Rendered 680/1591, time remaining: 39m 20s
Rendered 680/1591, time remaining: 39m 20s
Rendered 680/1591, time remaining: 39m 20s
Rendered 680/1591, time remaining: 39m 20s
Rendered 680/1591, time remaining: 39m 20s
Rendered 680/1591, time remaining: 39m 20s
Rendered 680/1591, time remaining: 39m 20s
Rendered 680/1591, time remaining: 39m 20s
Rendered 680/1591, time remaining: 39m 20s
Rendered 681/1591, time remaining: 39m 54s
Rendered 682/1591, time remaining: 39m 39s
Rendered 682/1591, time remaining: 39m 39s
Rendered 682/1591, time remaining: 39m 39s
Rendered 682/1591, time remaining: 39m 39s
Rendered 682/1591, time remaining: 39m 39s
Rendered 682/1591, time remaining: 39m 39s
Rendered 682/1591, time remaining: 39m 39s
Rendered 682/1591, time remaining: 39m 39s
Rendered 683/1591, time remaining: 39m 16s
Rendered 683/1591, time remaining: 39m 16s
Rendered 683/1591, time remaining: 39m 16s
Rendered 684/1591, time remaining: 39m 0s
Rendered 684/1591, time remaining: 39m 0s
Rendered 684/1591, time remaining: 39m 0s
Rendered 684/1591, time remaining: 39m 0s
Rendered 684/1591, time remaining: 39m 0s
Rendered 684/1591, time remaining: 39m 0s
Rendered 684/1591, time remaining: 39m 0s
Rendered 684/1591, time remaining: 39m 0s
Rendered 684/1591, time remaining: 39m 0s
Rendered 684/1591, time remaining: 39m 0s
Rendered 684/1591, time remaining: 39m 0s
Rendered 684/1591, time remaining: 39m 0s
Rendered 685/1591, time remaining: 39m 30s
Rendered 686/1591, time remaining: 39m 24s
Rendered 686/1591, time remaining: 39m 24s
Rendered 686/1591, time remaining: 39m 24s
Rendered 686/1591, time remaining: 39m 24s
Rendered 686/1591, time remaining: 39m 24s
Rendered 686/1591, time remaining: 39m 24s
Rendered 686/1591, time remaining: 39m 24s
Rendered 686/1591, time remaining: 39m 24s
Rendered 686/1591, time remaining: 39m 24s
Rendered 686/1591, time remaining: 39m 24s
Rendered 686/1591, time remaining: 39m 24s
Rendered 686/1591, time remaining: 39m 24s
Rendered 686/1591, time remaining: 39m 24s
Rendered 686/1591, time remaining: 39m 24s
Rendered 687/1591, time remaining: 39m 27s
Rendered 688/1591, time remaining: 38m 53s
Rendered 688/1591, time remaining: 38m 53s
Rendered 688/1591, time remaining: 38m 53s
Rendered 688/1591, time remaining: 38m 53s
Rendered 688/1591, time remaining: 38m 53s
Rendered 688/1591, time remaining: 38m 53s
Rendered 688/1591, time remaining: 38m 53s
Rendered 688/1591, time remaining: 38m 53s
Rendered 688/1591, time remaining: 38m 53s
Rendered 688/1591, time remaining: 38m 53s
Rendered 688/1591, time remaining: 38m 53s
Rendered 688/1591, time remaining: 38m 53s
Rendered 688/1591, time remaining: 38m 53s
Rendered 689/1591, time remaining: 39m 26s
Rendered 690/1591, time remaining: 39m 19s
Rendered 690/1591, time remaining: 39m 19s
Rendered 690/1591, time remaining: 39m 19s
Rendered 690/1591, time remaining: 39m 19s
Rendered 690/1591, time remaining: 39m 19s
Rendered 691/1591, time remaining: 39m 8s
Rendered 691/1591, time remaining: 39m 8s
Rendered 691/1591, time remaining: 39m 8s
Rendered 691/1591, time remaining: 39m 8s
Rendered 691/1591, time remaining: 39m 8s
Rendered 692/1591, time remaining: 38m 44s
Rendered 692/1591, time remaining: 38m 44s
Rendered 692/1591, time remaining: 38m 44s
Rendered 692/1591, time remaining: 38m 44s
Rendered 692/1591, time remaining: 38m 44s
Rendered 692/1591, time remaining: 38m 44s
Rendered 692/1591, time remaining: 38m 44s
Rendered 692/1591, time remaining: 38m 44s
Rendered 692/1591, time remaining: 38m 44s
Rendered 692/1591, time remaining: 38m 44s
Rendered 692/1591, time remaining: 38m 44s
Rendered 692/1591, time remaining: 38m 44s
Rendered 693/1591, time remaining: 39m 10s
Rendered 694/1591, time remaining: 39m 7s
Rendered 694/1591, time remaining: 39m 7s
Rendered 694/1591, time remaining: 39m 7s
Rendered 694/1591, time remaining: 39m 7s
Rendered 694/1591, time remaining: 39m 7s
Rendered 694/1591, time remaining: 39m 7s
Rendered 694/1591, time remaining: 39m 7s
Rendered 694/1591, time remaining: 39m 7s
Rendered 694/1591, time remaining: 39m 7s
Rendered 695/1591, time remaining: 39m 16s
Rendered 695/1591, time remaining: 39m 16s
Rendered 695/1591, time remaining: 39m 16s
Rendered 696/1591, time remaining: 38m 41s
Rendered 696/1591, time remaining: 38m 41s
Rendered 696/1591, time remaining: 38m 41s
Rendered 696/1591, time remaining: 38m 41s
Rendered 696/1591, time remaining: 38m 41s
Rendered 696/1591, time remaining: 38m 41s
Rendered 696/1591, time remaining: 38m 41s
Rendered 696/1591, time remaining: 38m 41s
Rendered 696/1591, time remaining: 38m 41s
Rendered 696/1591, time remaining: 38m 41s
Rendered 696/1591, time remaining: 38m 41s
Rendered 696/1591, time remaining: 38m 41s
Rendered 696/1591, time remaining: 38m 41s
Rendered 696/1591, time remaining: 38m 41s
Rendered 696/1591, time remaining: 38m 41s
Rendered 697/1591, time remaining: 38m 59s
Rendered 698/1591, time remaining: 38m 56s
Rendered 698/1591, time remaining: 38m 56s
Rendered 698/1591, time remaining: 38m 56s
Rendered 699/1591, time remaining: 38m 48s
Rendered 699/1591, time remaining: 38m 48s
Rendered 699/1591, time remaining: 38m 48s
Rendered 699/1591, time remaining: 38m 48s
Rendered 699/1591, time remaining: 38m 48s
Rendered 699/1591, time remaining: 38m 48s
Rendered 700/1591, time remaining: 38m 40s
Rendered 700/1591, time remaining: 38m 40s
Rendered 700/1591, time remaining: 38m 40s
Rendered 700/1591, time remaining: 38m 40s
Rendered 700/1591, time remaining: 38m 40s
Rendered 700/1591, time remaining: 38m 40s
Rendered 700/1591, time remaining: 38m 40s
Rendered 700/1591, time remaining: 38m 40s
Rendered 700/1591, time remaining: 38m 40s
Rendered 700/1591, time remaining: 38m 40s
Rendered 700/1591, time remaining: 38m 40s
Rendered 701/1591, time remaining: 38m 28s
Rendered 701/1591, time remaining: 38m 28s
Rendered 701/1591, time remaining: 38m 28s
Rendered 701/1591, time remaining: 38m 28s
Rendered 701/1591, time remaining: 38m 28s
Rendered 701/1591, time remaining: 38m 28s
Rendered 701/1591, time remaining: 38m 28s
Rendered 702/1591, time remaining: 38m 43s
Rendered 702/1591, time remaining: 38m 43s
Rendered 702/1591, time remaining: 38m 43s
Rendered 702/1591, time remaining: 38m 43s
Rendered 702/1591, time remaining: 38m 43s
Rendered 703/1591, time remaining: 38m 46s
Rendered 703/1591, time remaining: 38m 46s
Rendered 704/1591, time remaining: 38m 25s
Rendered 704/1591, time remaining: 38m 25s
Rendered 704/1591, time remaining: 38m 25s
Rendered 704/1591, time remaining: 38m 25s
Rendered 704/1591, time remaining: 38m 25s
Rendered 704/1591, time remaining: 38m 25s
Rendered 705/1591, time remaining: 37m 42s
Rendered 705/1591, time remaining: 37m 42s
Rendered 705/1591, time remaining: 37m 42s
Rendered 705/1591, time remaining: 37m 42s
Rendered 705/1591, time remaining: 37m 42s
Rendered 705/1591, time remaining: 37m 42s
Rendered 705/1591, time remaining: 37m 42s
Rendered 705/1591, time remaining: 37m 42s
Rendered 705/1591, time remaining: 37m 42s
Rendered 705/1591, time remaining: 37m 42s
Rendered 705/1591, time remaining: 37m 42s
Rendered 706/1591, time remaining: 38m 8s
Rendered 706/1591, time remaining: 38m 8s
Rendered 706/1591, time remaining: 38m 8s
Rendered 706/1591, time remaining: 38m 8s
Rendered 706/1591, time remaining: 38m 8s
Rendered 706/1591, time remaining: 38m 8s
Rendered 706/1591, time remaining: 38m 8s
Rendered 706/1591, time remaining: 38m 8s
Rendered 706/1591, time remaining: 38m 8s
Rendered 706/1591, time remaining: 38m 8s
Rendered 706/1591, time remaining: 38m 8s
Rendered 706/1591, time remaining: 38m 8s
Rendered 707/1591, time remaining: 38m 39s
Rendered 708/1591, time remaining: 38m 25s
Rendered 708/1591, time remaining: 38m 25s
Rendered 709/1591, time remaining: 37m 24s
Rendered 709/1591, time remaining: 37m 24s
Rendered 709/1591, time remaining: 37m 24s
Rendered 709/1591, time remaining: 37m 24s
Rendered 709/1591, time remaining: 37m 24s
Rendered 709/1591, time remaining: 37m 24s
Rendered 709/1591, time remaining: 37m 24s
Rendered 710/1591, time remaining: 37m 30s
Rendered 710/1591, time remaining: 37m 30s
Rendered 710/1591, time remaining: 37m 30s
Rendered 710/1591, time remaining: 37m 30s
Rendered 710/1591, time remaining: 37m 30s
Rendered 710/1591, time remaining: 37m 30s
Rendered 710/1591, time remaining: 37m 30s
Rendered 710/1591, time remaining: 37m 30s
Rendered 710/1591, time remaining: 37m 30s
Rendered 710/1591, time remaining: 37m 30s
Rendered 710/1591, time remaining: 37m 30s
Rendered 710/1591, time remaining: 37m 30s
Rendered 710/1591, time remaining: 37m 30s
Rendered 710/1591, time remaining: 37m 30s
Rendered 711/1591, time remaining: 38m 3s
Rendered 711/1591, time remaining: 38m 3s
Rendered 711/1591, time remaining: 38m 3s
Rendered 711/1591, time remaining: 38m 3s
Rendered 711/1591, time remaining: 38m 3s
Rendered 712/1591, time remaining: 38m 11s
Rendered 713/1591, time remaining: 37m 17s
Rendered 713/1591, time remaining: 37m 17s
Rendered 713/1591, time remaining: 37m 17s
Rendered 713/1591, time remaining: 37m 17s
Rendered 714/1591, time remaining: 37m 14s
Rendered 714/1591, time remaining: 37m 14s
Rendered 714/1591, time remaining: 37m 14s
Rendered 714/1591, time remaining: 37m 14s
Rendered 714/1591, time remaining: 37m 14s
Rendered 714/1591, time remaining: 37m 14s
Rendered 714/1591, time remaining: 37m 14s
Rendered 714/1591, time remaining: 37m 14s
Rendered 714/1591, time remaining: 37m 14s
Rendered 715/1591, time remaining: 37m 37s
Rendered 715/1591, time remaining: 37m 37s
Rendered 715/1591, time remaining: 37m 37s
Rendered 715/1591, time remaining: 37m 37s
Rendered 715/1591, time remaining: 37m 37s
Rendered 715/1591, time remaining: 37m 37s
Rendered 715/1591, time remaining: 37m 37s
Rendered 715/1591, time remaining: 37m 37s
Rendered 715/1591, time remaining: 37m 37s
Rendered 715/1591, time remaining: 37m 37s
Rendered 715/1591, time remaining: 37m 37s
Rendered 715/1591, time remaining: 37m 37s
Rendered 716/1591, time remaining: 38m 5s
Rendered 717/1591, time remaining: 37m 24s
Rendered 718/1591, time remaining: 36m 55s
Rendered 718/1591, time remaining: 36m 55s
Rendered 718/1591, time remaining: 36m 55s
Rendered 718/1591, time remaining: 36m 55s
Rendered 718/1591, time remaining: 36m 55s
Rendered 718/1591, time remaining: 36m 55s
Rendered 718/1591, time remaining: 36m 55s
Rendered 718/1591, time remaining: 36m 55s
Rendered 718/1591, time remaining: 36m 55s
Rendered 718/1591, time remaining: 36m 55s
Rendered 718/1591, time remaining: 36m 55s
Rendered 719/1591, time remaining: 37m 22s
Rendered 719/1591, time remaining: 37m 22s
Rendered 719/1591, time remaining: 37m 22s
Rendered 719/1591, time remaining: 37m 22s
Rendered 719/1591, time remaining: 37m 22s
Rendered 719/1591, time remaining: 37m 22s
Rendered 719/1591, time remaining: 37m 22s
Rendered 719/1591, time remaining: 37m 22s
Rendered 719/1591, time remaining: 37m 22s
Rendered 719/1591, time remaining: 37m 22s
Rendered 719/1591, time remaining: 37m 22s
Rendered 719/1591, time remaining: 37m 22s
Rendered 720/1591, time remaining: 37m 48s
Rendered 720/1591, time remaining: 37m 48s
Rendered 721/1591, time remaining: 37m 33s
Rendered 721/1591, time remaining: 37m 33s
Rendered 722/1591, time remaining: 36m 54s
Rendered 722/1591, time remaining: 36m 54s
Rendered 722/1591, time remaining: 36m 54s
Rendered 722/1591, time remaining: 36m 54s
Rendered 722/1591, time remaining: 36m 54s
Rendered 722/1591, time remaining: 36m 54s
Rendered 722/1591, time remaining: 36m 54s
Rendered 722/1591, time remaining: 36m 54s
Rendered 722/1591, time remaining: 36m 54s
Rendered 722/1591, time remaining: 36m 54s
Rendered 722/1591, time remaining: 36m 54s
Rendered 722/1591, time remaining: 36m 54s
Rendered 722/1591, time remaining: 36m 54s
Rendered 722/1591, time remaining: 36m 54s
Rendered 722/1591, time remaining: 36m 54s
Rendered 722/1591, time remaining: 36m 54s
Rendered 722/1591, time remaining: 36m 54s
Rendered 722/1591, time remaining: 36m 54s
Rendered 723/1591, time remaining: 37m 39s
Rendered 723/1591, time remaining: 37m 39s
Rendered 723/1591, time remaining: 37m 39s
Rendered 723/1591, time remaining: 37m 39s
Rendered 723/1591, time remaining: 37m 39s
Rendered 723/1591, time remaining: 37m 39s
Rendered 724/1591, time remaining: 37m 47s
Rendered 725/1591, time remaining: 37m 28s
Rendered 726/1591, time remaining: 36m 45s
Rendered 726/1591, time remaining: 36m 45s
Rendered 726/1591, time remaining: 36m 45s
Rendered 726/1591, time remaining: 36m 45s
Rendered 726/1591, time remaining: 36m 45s
Rendered 726/1591, time remaining: 36m 45s
Rendered 726/1591, time remaining: 36m 45s
Rendered 726/1591, time remaining: 36m 45s
Rendered 726/1591, time remaining: 36m 45s
Rendered 726/1591, time remaining: 36m 45s
Rendered 726/1591, time remaining: 36m 45s
Rendered 726/1591, time remaining: 36m 45s
Rendered 727/1591, time remaining: 37m 14s
Rendered 727/1591, time remaining: 37m 14s
Rendered 727/1591, time remaining: 37m 14s
Rendered 727/1591, time remaining: 37m 14s
Rendered 727/1591, time remaining: 37m 14s
Rendered 727/1591, time remaining: 37m 14s
Rendered 727/1591, time remaining: 37m 14s
Rendered 727/1591, time remaining: 37m 14s
Rendered 728/1591, time remaining: 37m 31s
Rendered 728/1591, time remaining: 37m 31s
Rendered 728/1591, time remaining: 37m 31s
Rendered 728/1591, time remaining: 37m 31s
Rendered 728/1591, time remaining: 37m 31s
Rendered 729/1591, time remaining: 37m 35s
Rendered 730/1591, time remaining: 37m 0s
Rendered 730/1591, time remaining: 37m 0s
Rendered 730/1591, time remaining: 37m 0s
Rendered 730/1591, time remaining: 37m 0s
Rendered 730/1591, time remaining: 37m 0s
Rendered 730/1591, time remaining: 37m 0s
Rendered 730/1591, time remaining: 37m 0s
Rendered 730/1591, time remaining: 37m 0s
Rendered 730/1591, time remaining: 37m 0s
Rendered 730/1591, time remaining: 37m 0s
Rendered 731/1591, time remaining: 37m 13s
Rendered 731/1591, time remaining: 37m 13s
Rendered 731/1591, time remaining: 37m 13s
Rendered 731/1591, time remaining: 37m 13s
Rendered 731/1591, time remaining: 37m 13s
Rendered 731/1591, time remaining: 37m 13s
Rendered 731/1591, time remaining: 37m 13s
Rendered 731/1591, time remaining: 37m 13s
Rendered 731/1591, time remaining: 37m 13s
Rendered 731/1591, time remaining: 37m 13s
Rendered 731/1591, time remaining: 37m 13s
Rendered 731/1591, time remaining: 37m 13s
Rendered 731/1591, time remaining: 37m 13s
Rendered 731/1591, time remaining: 37m 13s
Rendered 732/1591, time remaining: 37m 22s
Rendered 733/1591, time remaining: 37m 19s
Rendered 733/1591, time remaining: 37m 19s
Rendered 733/1591, time remaining: 37m 19s
Rendered 733/1591, time remaining: 37m 19s
Rendered 733/1591, time remaining: 37m 19s
Rendered 734/1591, time remaining: 37m 20s
Rendered 734/1591, time remaining: 37m 20s
Rendered 734/1591, time remaining: 37m 20s
Rendered 734/1591, time remaining: 37m 20s
Rendered 734/1591, time remaining: 37m 20s
Rendered 734/1591, time remaining: 37m 20s
Rendered 735/1591, time remaining: 37m 26s
Rendered 735/1591, time remaining: 37m 26s
Rendered 735/1591, time remaining: 37m 26s
Rendered 735/1591, time remaining: 37m 26s
Rendered 735/1591, time remaining: 37m 26s
Rendered 735/1591, time remaining: 37m 26s
Rendered 735/1591, time remaining: 37m 26s
Rendered 735/1591, time remaining: 37m 26s
Rendered 735/1591, time remaining: 37m 26s
Rendered 735/1591, time remaining: 37m 26s
Rendered 735/1591, time remaining: 37m 26s
Rendered 735/1591, time remaining: 37m 26s
Rendered 736/1591, time remaining: 37m 9s
Rendered 736/1591, time remaining: 37m 9s
Rendered 736/1591, time remaining: 37m 9s
Rendered 736/1591, time remaining: 37m 9s
Rendered 737/1591, time remaining: 37m 9s
Rendered 737/1591, time remaining: 37m 9s
Rendered 737/1591, time remaining: 37m 9s
Rendered 737/1591, time remaining: 37m 9s
Rendered 737/1591, time remaining: 37m 9s
Rendered 737/1591, time remaining: 37m 9s
Rendered 738/1591, time remaining: 37m 20s
Rendered 738/1591, time remaining: 37m 20s
Rendered 738/1591, time remaining: 37m 20s
Rendered 738/1591, time remaining: 37m 20s
Rendered 739/1591, time remaining: 37m 26s
Rendered 739/1591, time remaining: 37m 26s
Rendered 739/1591, time remaining: 37m 26s
Rendered 739/1591, time remaining: 37m 26s
Rendered 739/1591, time remaining: 37m 26s
Rendered 739/1591, time remaining: 37m 26s
Rendered 739/1591, time remaining: 37m 26s
Rendered 739/1591, time remaining: 37m 26s
Rendered 739/1591, time remaining: 37m 26s
Rendered 739/1591, time remaining: 37m 26s
Rendered 739/1591, time remaining: 37m 26s
Rendered 740/1591, time remaining: 37m 31s
Rendered 741/1591, time remaining: 37m 3s
Rendered 741/1591, time remaining: 37m 3s
Rendered 741/1591, time remaining: 37m 3s
Rendered 741/1591, time remaining: 37m 3s
Rendered 741/1591, time remaining: 37m 3s
Rendered 741/1591, time remaining: 37m 3s
Rendered 741/1591, time remaining: 37m 3s
Rendered 741/1591, time remaining: 37m 3s
Rendered 741/1591, time remaining: 37m 3s
Rendered 741/1591, time remaining: 37m 3s
Rendered 741/1591, time remaining: 37m 3s
Rendered 741/1591, time remaining: 37m 3s
Rendered 742/1591, time remaining: 37m 24s
Rendered 743/1591, time remaining: 37m 22s
Rendered 743/1591, time remaining: 37m 22s
Rendered 743/1591, time remaining: 37m 22s
Rendered 743/1591, time remaining: 37m 22s
Rendered 743/1591, time remaining: 37m 22s
Rendered 743/1591, time remaining: 37m 22s
Rendered 743/1591, time remaining: 37m 22s
Rendered 743/1591, time remaining: 37m 22s
Rendered 743/1591, time remaining: 37m 22s
Rendered 743/1591, time remaining: 37m 22s
Rendered 743/1591, time remaining: 37m 22s
Rendered 744/1591, time remaining: 37m 26s
Rendered 744/1591, time remaining: 37m 26s
Rendered 745/1591, time remaining: 36m 54s
Rendered 745/1591, time remaining: 36m 54s
Rendered 745/1591, time remaining: 36m 54s
Rendered 745/1591, time remaining: 36m 54s
Rendered 745/1591, time remaining: 36m 54s
Rendered 745/1591, time remaining: 36m 54s
Rendered 745/1591, time remaining: 36m 54s
Rendered 745/1591, time remaining: 36m 54s
Rendered 745/1591, time remaining: 36m 54s
Rendered 745/1591, time remaining: 36m 54s
Rendered 745/1591, time remaining: 36m 54s
Rendered 746/1591, time remaining: 37m 21s
Rendered 747/1591, time remaining: 37m 19s
Rendered 747/1591, time remaining: 37m 19s
Rendered 747/1591, time remaining: 37m 19s
Rendered 747/1591, time remaining: 37m 19s
Rendered 747/1591, time remaining: 37m 19s
Rendered 747/1591, time remaining: 37m 19s
Rendered 747/1591, time remaining: 37m 19s
Rendered 747/1591, time remaining: 37m 19s
Rendered 747/1591, time remaining: 37m 19s
Rendered 748/1591, time remaining: 37m 30s
Rendered 748/1591, time remaining: 37m 30s
Rendered 748/1591, time remaining: 37m 30s
Rendered 748/1591, time remaining: 37m 30s
Rendered 748/1591, time remaining: 37m 30s
Rendered 748/1591, time remaining: 37m 30s
Rendered 748/1591, time remaining: 37m 30s
Rendered 748/1591, time remaining: 37m 30s
Rendered 748/1591, time remaining: 37m 30s
Rendered 749/1591, time remaining: 37m 13s
Rendered 749/1591, time remaining: 37m 13s
Rendered 749/1591, time remaining: 37m 13s
Rendered 749/1591, time remaining: 37m 13s
Rendered 749/1591, time remaining: 37m 13s
Rendered 749/1591, time remaining: 37m 13s
Rendered 749/1591, time remaining: 37m 13s
Rendered 749/1591, time remaining: 37m 13s
Rendered 749/1591, time remaining: 37m 13s
Rendered 749/1591, time remaining: 37m 13s
Rendered 749/1591, time remaining: 37m 13s
Rendered 749/1591, time remaining: 37m 13s
Rendered 749/1591, time remaining: 37m 13s
Rendered 749/1591, time remaining: 37m 13s
Rendered 750/1591, time remaining: 37m 47s
Rendered 751/1591, time remaining: 37m 33s
Rendered 751/1591, time remaining: 37m 33s
Rendered 751/1591, time remaining: 37m 33s
Rendered 751/1591, time remaining: 37m 33s
Rendered 751/1591, time remaining: 37m 33s
Rendered 751/1591, time remaining: 37m 33s
Rendered 752/1591, time remaining: 37m 43s
Rendered 753/1591, time remaining: 37m 17s
Rendered 753/1591, time remaining: 37m 17s
Rendered 753/1591, time remaining: 37m 17s
Rendered 753/1591, time remaining: 37m 17s
Rendered 753/1591, time remaining: 37m 17s
Rendered 753/1591, time remaining: 37m 17s
Rendered 753/1591, time remaining: 37m 17s
Rendered 753/1591, time remaining: 37m 17s
Rendered 753/1591, time remaining: 37m 17s
Rendered 753/1591, time remaining: 37m 17s
Rendered 753/1591, time remaining: 37m 17s
Rendered 753/1591, time remaining: 37m 17s
Rendered 753/1591, time remaining: 37m 17s
Rendered 753/1591, time remaining: 37m 17s
Rendered 753/1591, time remaining: 37m 17s
Rendered 753/1591, time remaining: 37m 17s
Rendered 753/1591, time remaining: 37m 17s
Rendered 753/1591, time remaining: 37m 17s
Rendered 753/1591, time remaining: 37m 17s
Rendered 753/1591, time remaining: 37m 17s
Rendered 753/1591, time remaining: 37m 17s
Rendered 753/1591, time remaining: 37m 17s
Rendered 753/1591, time remaining: 37m 17s
Rendered 753/1591, time remaining: 37m 17s
Rendered 754/1591, time remaining: 37m 44s
Rendered 755/1591, time remaining: 37m 41s
Rendered 756/1591, time remaining: 37m 38s
Rendered 757/1591, time remaining: 37m 14s
Rendered 757/1591, time remaining: 37m 14s
Rendered 757/1591, time remaining: 37m 14s
Rendered 757/1591, time remaining: 37m 14s
Rendered 757/1591, time remaining: 37m 14s
Rendered 757/1591, time remaining: 37m 14s
Rendered 757/1591, time remaining: 37m 14s
Rendered 757/1591, time remaining: 37m 14s
Rendered 757/1591, time remaining: 37m 14s
Rendered 757/1591, time remaining: 37m 14s
Rendered 757/1591, time remaining: 37m 14s
Rendered 757/1591, time remaining: 37m 14s
Rendered 757/1591, time remaining: 37m 14s
Rendered 757/1591, time remaining: 37m 14s
Rendered 757/1591, time remaining: 37m 14s
Rendered 757/1591, time remaining: 37m 14s
Rendered 757/1591, time remaining: 37m 14s
Rendered 757/1591, time remaining: 37m 14s
Rendered 757/1591, time remaining: 37m 14s
Rendered 757/1591, time remaining: 37m 14s
Rendered 758/1591, time remaining: 37m 39s
Rendered 758/1591, time remaining: 37m 39s
Rendered 758/1591, time remaining: 37m 39s
Rendered 758/1591, time remaining: 37m 39s
Rendered 758/1591, time remaining: 37m 39s
Rendered 758/1591, time remaining: 37m 39s
Rendered 759/1591, time remaining: 37m 43s
Rendered 759/1591, time remaining: 37m 43s
Rendered 760/1591, time remaining: 37m 43s
Rendered 761/1591, time remaining: 37m 29s
Rendered 761/1591, time remaining: 37m 29s
Rendered 761/1591, time remaining: 37m 29s
Rendered 761/1591, time remaining: 37m 29s
Rendered 761/1591, time remaining: 37m 29s
Rendered 761/1591, time remaining: 37m 29s
Rendered 761/1591, time remaining: 37m 29s
Rendered 761/1591, time remaining: 37m 29s
Rendered 761/1591, time remaining: 37m 29s
Rendered 761/1591, time remaining: 37m 29s
Rendered 761/1591, time remaining: 37m 29s
Rendered 761/1591, time remaining: 37m 29s
Rendered 761/1591, time remaining: 37m 29s
Rendered 761/1591, time remaining: 37m 29s
Rendered 761/1591, time remaining: 37m 29s
Rendered 761/1591, time remaining: 37m 29s
Rendered 761/1591, time remaining: 37m 29s
Rendered 761/1591, time remaining: 37m 29s
Rendered 761/1591, time remaining: 37m 29s
Rendered 761/1591, time remaining: 37m 29s
Rendered 762/1591, time remaining: 37m 43s
Rendered 763/1591, time remaining: 37m 32s
Rendered 763/1591, time remaining: 37m 32s
Rendered 763/1591, time remaining: 37m 32s
Rendered 763/1591, time remaining: 37m 32s
Rendered 763/1591, time remaining: 37m 32s
Rendered 764/1591, time remaining: 37m 39s
Rendered 765/1591, time remaining: 37m 34s
Rendered 765/1591, time remaining: 37m 34s
Rendered 765/1591, time remaining: 37m 34s
Rendered 765/1591, time remaining: 37m 34s
Rendered 765/1591, time remaining: 37m 34s
Rendered 765/1591, time remaining: 37m 34s
Rendered 765/1591, time remaining: 37m 34s
Rendered 765/1591, time remaining: 37m 34s
Rendered 765/1591, time remaining: 37m 34s
Rendered 765/1591, time remaining: 37m 34s
Rendered 765/1591, time remaining: 37m 34s
Rendered 765/1591, time remaining: 37m 34s
Rendered 765/1591, time remaining: 37m 34s
Rendered 765/1591, time remaining: 37m 34s
Rendered 765/1591, time remaining: 37m 34s
Rendered 765/1591, time remaining: 37m 34s
Rendered 765/1591, time remaining: 37m 34s
Rendered 765/1591, time remaining: 37m 34s
Rendered 765/1591, time remaining: 37m 34s
Rendered 765/1591, time remaining: 37m 34s
Rendered 765/1591, time remaining: 37m 34s
Rendered 766/1591, time remaining: 38m 6s
Rendered 767/1591, time remaining: 37m 49s
Rendered 768/1591, time remaining: 37m 19s
Rendered 769/1591, time remaining: 37m 16s
Rendered 769/1591, time remaining: 37m 16s
Rendered 769/1591, time remaining: 37m 16s
Rendered 769/1591, time remaining: 37m 16s
Rendered 769/1591, time remaining: 37m 16s
Rendered 769/1591, time remaining: 37m 16s
Rendered 769/1591, time remaining: 37m 16s
Rendered 769/1591, time remaining: 37m 16s
Rendered 769/1591, time remaining: 37m 16s
Rendered 769/1591, time remaining: 37m 16s
Rendered 769/1591, time remaining: 37m 16s
Rendered 769/1591, time remaining: 37m 16s
Rendered 769/1591, time remaining: 37m 16s
Rendered 769/1591, time remaining: 37m 16s
Rendered 769/1591, time remaining: 37m 16s
Rendered 769/1591, time remaining: 37m 16s
Rendered 769/1591, time remaining: 37m 16s
Rendered 769/1591, time remaining: 37m 16s
Rendered 769/1591, time remaining: 37m 16s
Rendered 769/1591, time remaining: 37m 16s
Rendered 769/1591, time remaining: 37m 16s
Rendered 769/1591, time remaining: 37m 16s
Rendered 769/1591, time remaining: 37m 16s
Rendered 769/1591, time remaining: 37m 16s
Rendered 770/1591, time remaining: 38m 13s
Rendered 770/1591, time remaining: 38m 13s
Rendered 770/1591, time remaining: 38m 13s
Rendered 770/1591, time remaining: 38m 13s
Rendered 771/1591, time remaining: 38m 1s
Rendered 772/1591, time remaining: 37m 31s
Rendered 773/1591, time remaining: 37m 23s
Rendered 773/1591, time remaining: 37m 23s
Rendered 773/1591, time remaining: 37m 23s
Rendered 773/1591, time remaining: 37m 23s
Rendered 773/1591, time remaining: 37m 23s
Rendered 773/1591, time remaining: 37m 23s
Rendered 773/1591, time remaining: 37m 23s
Rendered 773/1591, time remaining: 37m 23s
Rendered 773/1591, time remaining: 37m 23s
Rendered 773/1591, time remaining: 37m 23s
Rendered 773/1591, time remaining: 37m 23s
Rendered 773/1591, time remaining: 37m 23s
Rendered 773/1591, time remaining: 37m 23s
Rendered 773/1591, time remaining: 37m 23s
Rendered 773/1591, time remaining: 37m 23s
Rendered 773/1591, time remaining: 37m 23s
Rendered 773/1591, time remaining: 37m 23s
Rendered 773/1591, time remaining: 37m 23s
Rendered 774/1591, time remaining: 38m 6s
Rendered 774/1591, time remaining: 38m 6s
Rendered 774/1591, time remaining: 38m 6s
Rendered 774/1591, time remaining: 38m 6s
Rendered 774/1591, time remaining: 38m 6s
Rendered 774/1591, time remaining: 38m 6s
Rendered 775/1591, time remaining: 38m 0s
Rendered 776/1591, time remaining: 37m 30s
Rendered 777/1591, time remaining: 37m 20s
Rendered 777/1591, time remaining: 37m 20s
Rendered 777/1591, time remaining: 37m 20s
Rendered 777/1591, time remaining: 37m 20s
Rendered 777/1591, time remaining: 37m 20s
Rendered 777/1591, time remaining: 37m 20s
Rendered 777/1591, time remaining: 37m 20s
Rendered 777/1591, time remaining: 37m 20s
Rendered 777/1591, time remaining: 37m 20s
Rendered 777/1591, time remaining: 37m 20s
Rendered 777/1591, time remaining: 37m 20s
Rendered 777/1591, time remaining: 37m 20s
Rendered 777/1591, time remaining: 37m 20s
Rendered 777/1591, time remaining: 37m 20s
Rendered 777/1591, time remaining: 37m 20s
Rendered 777/1591, time remaining: 37m 20s
Rendered 777/1591, time remaining: 37m 20s
Rendered 777/1591, time remaining: 37m 20s
Rendered 777/1591, time remaining: 37m 20s
Rendered 777/1591, time remaining: 37m 20s
Rendered 777/1591, time remaining: 37m 20s
Rendered 777/1591, time remaining: 37m 20s
Rendered 777/1591, time remaining: 37m 20s
Rendered 777/1591, time remaining: 37m 20s
Rendered 777/1591, time remaining: 37m 20s
Rendered 777/1591, time remaining: 37m 20s
Rendered 777/1591, time remaining: 37m 20s
Rendered 777/1591, time remaining: 37m 20s
Rendered 777/1591, time remaining: 37m 20s
Rendered 777/1591, time remaining: 37m 20s
Rendered 777/1591, time remaining: 37m 20s
Rendered 777/1591, time remaining: 37m 20s
Rendered 777/1591, time remaining: 37m 20s
Rendered 777/1591, time remaining: 37m 20s
Rendered 777/1591, time remaining: 37m 20s
Rendered 777/1591, time remaining: 37m 20s
Rendered 777/1591, time remaining: 37m 20s
Rendered 778/1591, time remaining: 38m 39s
Rendered 778/1591, time remaining: 38m 39s
Rendered 778/1591, time remaining: 38m 39s
Rendered 778/1591, time remaining: 38m 39s
Rendered 778/1591, time remaining: 38m 39s
Rendered 778/1591, time remaining: 38m 39s
Rendered 778/1591, time remaining: 38m 39s
Rendered 778/1591, time remaining: 38m 39s
Rendered 778/1591, time remaining: 38m 39s
Rendered 778/1591, time remaining: 38m 39s
Rendered 778/1591, time remaining: 38m 39s
Rendered 778/1591, time remaining: 38m 39s
Rendered 778/1591, time remaining: 38m 39s
Rendered 778/1591, time remaining: 38m 39s
Rendered 778/1591, time remaining: 38m 39s
Rendered 778/1591, time remaining: 38m 39s
Rendered 778/1591, time remaining: 38m 39s
Rendered 778/1591, time remaining: 38m 39s
Rendered 778/1591, time remaining: 38m 39s
Rendered 778/1591, time remaining: 38m 39s
Rendered 778/1591, time remaining: 38m 39s
Rendered 778/1591, time remaining: 38m 39s
Rendered 778/1591, time remaining: 38m 39s
Rendered 778/1591, time remaining: 38m 39s
Rendered 778/1591, time remaining: 38m 39s
Rendered 778/1591, time remaining: 38m 39s
Rendered 778/1591, time remaining: 38m 39s
Rendered 778/1591, time remaining: 38m 39s
Rendered 778/1591, time remaining: 38m 39s
Rendered 778/1591, time remaining: 38m 39s
Rendered 778/1591, time remaining: 38m 39s
Rendered 778/1591, time remaining: 38m 39s
Rendered 778/1591, time remaining: 38m 39s
Rendered 778/1591, time remaining: 38m 39s
Rendered 778/1591, time remaining: 38m 39s
Rendered 778/1591, time remaining: 38m 39s
Rendered 778/1591, time remaining: 38m 39s
Rendered 778/1591, time remaining: 38m 39s
Rendered 778/1591, time remaining: 38m 39s
Rendered 778/1591, time remaining: 38m 39s
Rendered 778/1591, time remaining: 38m 39s
Rendered 778/1591, time remaining: 38m 39s
Rendered 778/1591, time remaining: 38m 39s
Rendered 778/1591, time remaining: 38m 39s
Rendered 778/1591, time remaining: 38m 39s
Rendered 778/1591, time remaining: 38m 39s
Rendered 778/1591, time remaining: 38m 39s
Rendered 778/1591, time remaining: 38m 39s
Rendered 778/1591, time remaining: 38m 39s
Rendered 778/1591, time remaining: 38m 39s
Rendered 778/1591, time remaining: 38m 39s
Rendered 778/1591, time remaining: 38m 39s
Rendered 778/1591, time remaining: 38m 39s
Rendered 778/1591, time remaining: 38m 39s
Rendered 778/1591, time remaining: 38m 39s
Rendered 778/1591, time remaining: 38m 39s
Rendered 778/1591, time remaining: 38m 39s
Rendered 778/1591, time remaining: 38m 39s
Rendered 778/1591, time remaining: 38m 39s
Rendered 778/1591, time remaining: 38m 39s
Rendered 778/1591, time remaining: 38m 39s
Rendered 778/1591, time remaining: 38m 39s
Rendered 778/1591, time remaining: 38m 39s
Rendered 778/1591, time remaining: 38m 39s
Rendered 778/1591, time remaining: 38m 39s
Rendered 778/1591, time remaining: 38m 39s
Rendered 778/1591, time remaining: 38m 39s
Rendered 778/1591, time remaining: 38m 39s
Rendered 778/1591, time remaining: 38m 39s
Rendered 778/1591, time remaining: 38m 39s
Rendered 778/1591, time remaining: 38m 39s
Rendered 778/1591, time remaining: 38m 39s
Rendered 778/1591, time remaining: 38m 39s
Rendered 778/1591, time remaining: 38m 39s
Rendered 778/1591, time remaining: 38m 39s
Rendered 778/1591, time remaining: 38m 39s
Rendered 778/1591, time remaining: 38m 39s
Rendered 778/1591, time remaining: 38m 39s
Rendered 778/1591, time remaining: 38m 39s
Rendered 778/1591, time remaining: 38m 39s
Rendered 778/1591, time remaining: 38m 39s
Rendered 778/1591, time remaining: 38m 39s
Rendered 778/1591, time remaining: 38m 39s
Rendered 778/1591, time remaining: 38m 39s
Rendered 778/1591, time remaining: 38m 39s
Rendered 778/1591, time remaining: 38m 39s
Rendered 778/1591, time remaining: 38m 39s
Rendered 779/1591, time remaining: 42m 22s
Rendered 780/1591, time remaining: 42m 2s
Rendered 781/1591, time remaining: 41m 36s
Rendered 781/1591, time remaining: 41m 36s
Rendered 781/1591, time remaining: 41m 36s
Rendered 781/1591, time remaining: 41m 36s
Rendered 781/1591, time remaining: 41m 36s
Rendered 781/1591, time remaining: 41m 36s
Rendered 782/1591, time remaining: 41m 33s
Rendered 782/1591, time remaining: 41m 33s
Rendered 782/1591, time remaining: 41m 33s
Rendered 782/1591, time remaining: 41m 33s
Rendered 782/1591, time remaining: 41m 33s
Rendered 782/1591, time remaining: 41m 33s
Rendered 782/1591, time remaining: 41m 33s
Rendered 782/1591, time remaining: 41m 33s
Rendered 782/1591, time remaining: 41m 33s
Rendered 782/1591, time remaining: 41m 33s
Rendered 782/1591, time remaining: 41m 33s
Rendered 782/1591, time remaining: 41m 33s
Rendered 782/1591, time remaining: 41m 33s
Rendered 782/1591, time remaining: 41m 33s
Rendered 782/1591, time remaining: 41m 33s
Rendered 782/1591, time remaining: 41m 33s
Rendered 782/1591, time remaining: 41m 33s
Rendered 782/1591, time remaining: 41m 33s
Rendered 782/1591, time remaining: 41m 33s
Rendered 782/1591, time remaining: 41m 33s
Rendered 782/1591, time remaining: 41m 33s
Rendered 782/1591, time remaining: 41m 33s
Rendered 782/1591, time remaining: 41m 33s
Rendered 782/1591, time remaining: 41m 33s
Rendered 782/1591, time remaining: 41m 33s
Rendered 782/1591, time remaining: 41m 33s
Rendered 782/1591, time remaining: 41m 33s
Rendered 782/1591, time remaining: 41m 33s
Rendered 782/1591, time remaining: 41m 33s
Rendered 782/1591, time remaining: 41m 33s
Rendered 782/1591, time remaining: 41m 33s
Rendered 782/1591, time remaining: 41m 33s
Rendered 782/1591, time remaining: 41m 33s
Rendered 782/1591, time remaining: 41m 33s
Rendered 782/1591, time remaining: 41m 33s
Rendered 782/1591, time remaining: 41m 33s
Rendered 782/1591, time remaining: 41m 33s
Rendered 782/1591, time remaining: 41m 33s
Rendered 782/1591, time remaining: 41m 33s
Rendered 782/1591, time remaining: 41m 33s
Rendered 782/1591, time remaining: 41m 33s
Rendered 782/1591, time remaining: 41m 33s
Rendered 782/1591, time remaining: 41m 33s
Rendered 782/1591, time remaining: 41m 33s
Rendered 782/1591, time remaining: 41m 33s
Rendered 782/1591, time remaining: 41m 33s
Rendered 782/1591, time remaining: 41m 33s
Rendered 782/1591, time remaining: 41m 33s
Rendered 782/1591, time remaining: 41m 33s
Rendered 782/1591, time remaining: 41m 33s
Rendered 782/1591, time remaining: 41m 33s
Rendered 782/1591, time remaining: 41m 33s
Rendered 782/1591, time remaining: 41m 33s
Rendered 782/1591, time remaining: 41m 33s
Rendered 782/1591, time remaining: 41m 33s
Rendered 782/1591, time remaining: 41m 33s
Rendered 782/1591, time remaining: 41m 33s
Rendered 782/1591, time remaining: 41m 33s
Rendered 782/1591, time remaining: 41m 33s
Rendered 782/1591, time remaining: 41m 33s
Rendered 782/1591, time remaining: 41m 33s
Rendered 782/1591, time remaining: 41m 33s
Rendered 782/1591, time remaining: 41m 33s
Rendered 782/1591, time remaining: 41m 33s
Rendered 782/1591, time remaining: 41m 33s
Rendered 782/1591, time remaining: 41m 33s
Rendered 782/1591, time remaining: 41m 33s
Rendered 782/1591, time remaining: 41m 33s
Rendered 782/1591, time remaining: 41m 33s
Rendered 782/1591, time remaining: 41m 33s
Rendered 782/1591, time remaining: 41m 33s
Rendered 782/1591, time remaining: 41m 33s
Rendered 783/1591, time remaining: 44m 42s
Rendered 783/1591, time remaining: 44m 42s
Rendered 783/1591, time remaining: 44m 42s
Rendered 783/1591, time remaining: 44m 42s
Rendered 783/1591, time remaining: 44m 42s
Rendered 783/1591, time remaining: 44m 42s
Rendered 783/1591, time remaining: 44m 42s
Rendered 784/1591, time remaining: 44m 30s
Rendered 784/1591, time remaining: 44m 30s
Rendered 784/1591, time remaining: 44m 30s
Rendered 784/1591, time remaining: 44m 30s
Rendered 784/1591, time remaining: 44m 30s
Rendered 784/1591, time remaining: 44m 30s
Rendered 784/1591, time remaining: 44m 30s
Rendered 784/1591, time remaining: 44m 30s
Rendered 784/1591, time remaining: 44m 30s
Rendered 784/1591, time remaining: 44m 30s
Rendered 784/1591, time remaining: 44m 30s
Rendered 784/1591, time remaining: 44m 30s
Rendered 784/1591, time remaining: 44m 30s
Rendered 784/1591, time remaining: 44m 30s
Rendered 784/1591, time remaining: 44m 30s
Rendered 784/1591, time remaining: 44m 30s
Rendered 784/1591, time remaining: 44m 30s
Rendered 784/1591, time remaining: 44m 30s
Rendered 784/1591, time remaining: 44m 30s
Rendered 784/1591, time remaining: 44m 30s
Rendered 784/1591, time remaining: 44m 30s
Rendered 784/1591, time remaining: 44m 30s
Rendered 784/1591, time remaining: 44m 30s
Rendered 784/1591, time remaining: 44m 30s
Rendered 784/1591, time remaining: 44m 30s
Rendered 784/1591, time remaining: 44m 30s
Rendered 784/1591, time remaining: 44m 30s
Rendered 784/1591, time remaining: 44m 30s
Rendered 784/1591, time remaining: 44m 30s
Rendered 784/1591, time remaining: 44m 30s
Rendered 784/1591, time remaining: 44m 30s
Rendered 784/1591, time remaining: 44m 30s
Rendered 784/1591, time remaining: 44m 30s
Rendered 784/1591, time remaining: 44m 30s
Rendered 784/1591, time remaining: 44m 30s
Rendered 784/1591, time remaining: 44m 30s
Rendered 784/1591, time remaining: 44m 30s
Rendered 784/1591, time remaining: 44m 30s
Rendered 784/1591, time remaining: 44m 30s
Rendered 784/1591, time remaining: 44m 30s
Rendered 784/1591, time remaining: 44m 30s
Rendered 784/1591, time remaining: 44m 30s
Rendered 784/1591, time remaining: 44m 30s
Rendered 784/1591, time remaining: 44m 30s
Rendered 784/1591, time remaining: 44m 30s
Rendered 784/1591, time remaining: 44m 30s
Rendered 784/1591, time remaining: 44m 30s
Rendered 784/1591, time remaining: 44m 30s
Rendered 784/1591, time remaining: 44m 30s
Rendered 784/1591, time remaining: 44m 30s
Rendered 784/1591, time remaining: 44m 30s
Rendered 784/1591, time remaining: 44m 30s
Rendered 784/1591, time remaining: 44m 30s
Rendered 784/1591, time remaining: 44m 30s
Rendered 784/1591, time remaining: 44m 30s
Rendered 784/1591, time remaining: 44m 30s
Rendered 784/1591, time remaining: 44m 30s
Rendered 784/1591, time remaining: 44m 30s
Rendered 784/1591, time remaining: 44m 30s
Rendered 784/1591, time remaining: 44m 30s
Rendered 784/1591, time remaining: 44m 30s
Rendered 784/1591, time remaining: 44m 30s
Rendered 785/1591, time remaining: 47m 8s
Rendered 786/1591, time remaining: 46m 29s
Rendered 786/1591, time remaining: 46m 29s
Rendered 786/1591, time remaining: 46m 29s
Rendered 786/1591, time remaining: 46m 29s
Rendered 786/1591, time remaining: 46m 29s
Rendered 786/1591, time remaining: 46m 29s
Rendered 786/1591, time remaining: 46m 29s
Rendered 786/1591, time remaining: 46m 29s
Rendered 786/1591, time remaining: 46m 29s
Rendered 786/1591, time remaining: 46m 29s
Rendered 787/1591, time remaining: 46m 47s
Rendered 787/1591, time remaining: 46m 47s
Rendered 787/1591, time remaining: 46m 47s
Rendered 787/1591, time remaining: 46m 47s
Rendered 787/1591, time remaining: 46m 47s
Rendered 787/1591, time remaining: 46m 47s
Rendered 788/1591, time remaining: 46m 45s
Rendered 788/1591, time remaining: 46m 45s
Rendered 788/1591, time remaining: 46m 45s
Rendered 788/1591, time remaining: 46m 45s
Rendered 788/1591, time remaining: 46m 45s
Rendered 788/1591, time remaining: 46m 45s
Rendered 788/1591, time remaining: 46m 45s
Rendered 788/1591, time remaining: 46m 45s
Rendered 788/1591, time remaining: 46m 45s
Rendered 788/1591, time remaining: 46m 45s
Rendered 788/1591, time remaining: 46m 45s
Rendered 788/1591, time remaining: 46m 45s
Rendered 788/1591, time remaining: 46m 45s
Rendered 788/1591, time remaining: 46m 45s
Rendered 788/1591, time remaining: 46m 45s
Rendered 788/1591, time remaining: 46m 45s
Rendered 788/1591, time remaining: 46m 45s
Rendered 788/1591, time remaining: 46m 45s
Rendered 788/1591, time remaining: 46m 45s
Rendered 788/1591, time remaining: 46m 45s
Rendered 788/1591, time remaining: 46m 45s
Rendered 788/1591, time remaining: 46m 45s
Rendered 788/1591, time remaining: 46m 45s
Rendered 788/1591, time remaining: 46m 45s
Rendered 788/1591, time remaining: 46m 45s
Rendered 788/1591, time remaining: 46m 45s
Rendered 788/1591, time remaining: 46m 45s
Rendered 788/1591, time remaining: 46m 45s
Rendered 788/1591, time remaining: 46m 45s
Rendered 788/1591, time remaining: 46m 45s
Rendered 788/1591, time remaining: 46m 45s
Rendered 788/1591, time remaining: 46m 45s
Rendered 788/1591, time remaining: 46m 45s
Rendered 788/1591, time remaining: 46m 45s
Rendered 788/1591, time remaining: 46m 45s
Rendered 788/1591, time remaining: 46m 45s
Rendered 788/1591, time remaining: 46m 45s
Rendered 788/1591, time remaining: 46m 45s
Rendered 788/1591, time remaining: 46m 45s
Rendered 788/1591, time remaining: 46m 45s
Rendered 788/1591, time remaining: 46m 45s
Rendered 788/1591, time remaining: 46m 45s
Rendered 788/1591, time remaining: 46m 45s
Rendered 788/1591, time remaining: 46m 45s
Rendered 788/1591, time remaining: 46m 45s
Rendered 788/1591, time remaining: 46m 45s
Rendered 788/1591, time remaining: 46m 45s
Rendered 788/1591, time remaining: 46m 45s
Rendered 788/1591, time remaining: 46m 45s
Rendered 788/1591, time remaining: 46m 45s
Rendered 788/1591, time remaining: 46m 45s
Rendered 788/1591, time remaining: 46m 45s
Rendered 788/1591, time remaining: 46m 45s
Rendered 788/1591, time remaining: 46m 45s
Rendered 788/1591, time remaining: 46m 45s
Rendered 788/1591, time remaining: 46m 45s
Rendered 788/1591, time remaining: 46m 45s
Rendered 788/1591, time remaining: 46m 45s
Rendered 788/1591, time remaining: 46m 45s
Rendered 788/1591, time remaining: 46m 45s
Rendered 788/1591, time remaining: 46m 45s
Rendered 788/1591, time remaining: 46m 45s
Rendered 788/1591, time remaining: 46m 45s
Rendered 788/1591, time remaining: 46m 45s
Rendered 788/1591, time remaining: 46m 45s
Rendered 788/1591, time remaining: 46m 45s
Rendered 788/1591, time remaining: 46m 45s
Rendered 788/1591, time remaining: 46m 45s
Rendered 788/1591, time remaining: 46m 45s
Rendered 788/1591, time remaining: 46m 45s
Rendered 788/1591, time remaining: 46m 45s
Rendered 788/1591, time remaining: 46m 45s
Rendered 788/1591, time remaining: 46m 45s
Rendered 788/1591, time remaining: 46m 45s
Rendered 788/1591, time remaining: 46m 45s
Rendered 788/1591, time remaining: 46m 45s
Rendered 788/1591, time remaining: 46m 45s
Rendered 788/1591, time remaining: 46m 45s
Rendered 788/1591, time remaining: 46m 45s
Rendered 788/1591, time remaining: 46m 45s
Rendered 788/1591, time remaining: 46m 45s
Rendered 788/1591, time remaining: 46m 45s
Rendered 788/1591, time remaining: 46m 45s
Rendered 788/1591, time remaining: 46m 45s
Rendered 788/1591, time remaining: 46m 45s
Rendered 788/1591, time remaining: 46m 45s
Rendered 788/1591, time remaining: 46m 45s
Rendered 788/1591, time remaining: 46m 45s
Rendered 788/1591, time remaining: 46m 45s
Rendered 788/1591, time remaining: 46m 45s
Rendered 788/1591, time remaining: 46m 45s
Rendered 788/1591, time remaining: 46m 45s
Rendered 788/1591, time remaining: 46m 45s
Rendered 788/1591, time remaining: 46m 45s
Rendered 788/1591, time remaining: 46m 45s
Rendered 788/1591, time remaining: 46m 45s
Rendered 789/1591, time remaining: 50m 43s
Rendered 790/1591, time remaining: 50m 4s
Rendered 791/1591, time remaining: 50m 0s
Rendered 792/1591, time remaining: 49m 56s
Rendered 792/1591, time remaining: 49m 56s
Rendered 792/1591, time remaining: 49m 56s
Rendered 792/1591, time remaining: 49m 56s
Rendered 792/1591, time remaining: 49m 56s
Rendered 792/1591, time remaining: 49m 56s
Rendered 792/1591, time remaining: 49m 56s
Rendered 792/1591, time remaining: 49m 56s
Rendered 792/1591, time remaining: 49m 56s
Rendered 792/1591, time remaining: 49m 56s
Rendered 792/1591, time remaining: 49m 56s
Rendered 792/1591, time remaining: 49m 56s
Rendered 792/1591, time remaining: 49m 56s
Rendered 792/1591, time remaining: 49m 56s
Rendered 792/1591, time remaining: 49m 56s
Rendered 792/1591, time remaining: 49m 56s
Rendered 792/1591, time remaining: 49m 56s
Rendered 792/1591, time remaining: 49m 56s
Rendered 792/1591, time remaining: 49m 56s
Rendered 792/1591, time remaining: 49m 56s
Rendered 792/1591, time remaining: 49m 56s
Rendered 792/1591, time remaining: 49m 56s
Rendered 792/1591, time remaining: 49m 56s
Rendered 792/1591, time remaining: 49m 56s
Rendered 792/1591, time remaining: 49m 56s
Rendered 792/1591, time remaining: 49m 56s
Rendered 792/1591, time remaining: 49m 56s
Rendered 792/1591, time remaining: 49m 56s
Rendered 792/1591, time remaining: 49m 56s
Rendered 792/1591, time remaining: 49m 56s
Rendered 792/1591, time remaining: 49m 56s
Rendered 792/1591, time remaining: 49m 56s
Rendered 792/1591, time remaining: 49m 56s
Rendered 792/1591, time remaining: 49m 56s
Rendered 792/1591, time remaining: 49m 56s
Rendered 792/1591, time remaining: 49m 56s
Rendered 792/1591, time remaining: 49m 56s
Rendered 792/1591, time remaining: 49m 56s
Rendered 792/1591, time remaining: 49m 56s
Rendered 792/1591, time remaining: 49m 56s
Rendered 792/1591, time remaining: 49m 56s
Rendered 792/1591, time remaining: 49m 56s
Rendered 792/1591, time remaining: 49m 56s
Rendered 792/1591, time remaining: 49m 56s
Rendered 792/1591, time remaining: 49m 56s
Rendered 792/1591, time remaining: 49m 56s
Rendered 792/1591, time remaining: 49m 56s
Rendered 792/1591, time remaining: 49m 56s
Rendered 792/1591, time remaining: 49m 56s
Rendered 792/1591, time remaining: 49m 56s
Rendered 792/1591, time remaining: 49m 56s
Rendered 792/1591, time remaining: 49m 56s
Rendered 792/1591, time remaining: 49m 56s
Rendered 792/1591, time remaining: 49m 56s
Rendered 792/1591, time remaining: 49m 56s
Rendered 792/1591, time remaining: 49m 56s
Rendered 792/1591, time remaining: 49m 56s
Rendered 792/1591, time remaining: 49m 56s
Rendered 792/1591, time remaining: 49m 56s
Rendered 792/1591, time remaining: 49m 56s
Rendered 792/1591, time remaining: 49m 56s
Rendered 792/1591, time remaining: 49m 56s
Rendered 792/1591, time remaining: 49m 56s
Rendered 792/1591, time remaining: 49m 56s
Rendered 792/1591, time remaining: 49m 56s
Rendered 793/1591, time remaining: 52m 30s
Rendered 794/1591, time remaining: 51m 40s
Rendered 795/1591, time remaining: 51m 36s
Rendered 796/1591, time remaining: 51m 26s
Rendered 796/1591, time remaining: 51m 26s
Rendered 796/1591, time remaining: 51m 26s
Rendered 796/1591, time remaining: 51m 26s
Rendered 796/1591, time remaining: 51m 26s
Rendered 796/1591, time remaining: 51m 26s
Rendered 796/1591, time remaining: 51m 26s
Rendered 796/1591, time remaining: 51m 26s
Rendered 796/1591, time remaining: 51m 26s
Rendered 796/1591, time remaining: 51m 26s
Rendered 796/1591, time remaining: 51m 26s
Rendered 796/1591, time remaining: 51m 26s
Rendered 796/1591, time remaining: 51m 26s
Rendered 796/1591, time remaining: 51m 26s
Rendered 796/1591, time remaining: 51m 26s
Rendered 796/1591, time remaining: 51m 26s
Rendered 796/1591, time remaining: 51m 26s
Rendered 796/1591, time remaining: 51m 26s
Rendered 797/1591, time remaining: 52m 9s
Rendered 797/1591, time remaining: 52m 9s
Rendered 797/1591, time remaining: 52m 9s
Rendered 798/1591, time remaining: 51m 20s
Rendered 799/1591, time remaining: 51m 18s
Rendered 799/1591, time remaining: 51m 18s
Rendered 799/1591, time remaining: 51m 18s
Rendered 799/1591, time remaining: 51m 18s
Rendered 799/1591, time remaining: 51m 18s
Rendered 799/1591, time remaining: 51m 18s
Rendered 800/1591, time remaining: 51m 5s
Rendered 800/1591, time remaining: 51m 5s
Rendered 800/1591, time remaining: 51m 5s
Rendered 800/1591, time remaining: 51m 5s
Rendered 800/1591, time remaining: 51m 5s
Rendered 800/1591, time remaining: 51m 5s
Rendered 800/1591, time remaining: 51m 5s
Rendered 800/1591, time remaining: 51m 5s
Rendered 800/1591, time remaining: 51m 5s
Rendered 801/1591, time remaining: 51m 22s
Rendered 801/1591, time remaining: 51m 22s
Rendered 801/1591, time remaining: 51m 22s
Rendered 801/1591, time remaining: 51m 22s
Rendered 801/1591, time remaining: 51m 22s
Rendered 801/1591, time remaining: 51m 22s
Rendered 802/1591, time remaining: 50m 42s
Rendered 802/1591, time remaining: 50m 42s
Rendered 802/1591, time remaining: 50m 42s
Rendered 802/1591, time remaining: 50m 42s
Rendered 802/1591, time remaining: 50m 42s
Rendered 802/1591, time remaining: 50m 42s
Rendered 802/1591, time remaining: 50m 42s
Rendered 802/1591, time remaining: 50m 42s
Rendered 802/1591, time remaining: 50m 42s
Rendered 803/1591, time remaining: 51m 0s
Rendered 803/1591, time remaining: 51m 0s
Rendered 803/1591, time remaining: 51m 0s
Rendered 803/1591, time remaining: 51m 0s
Rendered 803/1591, time remaining: 51m 0s
Rendered 804/1591, time remaining: 51m 0s
Rendered 804/1591, time remaining: 51m 0s
Rendered 804/1591, time remaining: 51m 0s
Rendered 805/1591, time remaining: 50m 59s
Rendered 805/1591, time remaining: 50m 59s
Rendered 805/1591, time remaining: 50m 59s
Rendered 805/1591, time remaining: 50m 59s
Rendered 806/1591, time remaining: 50m 16s
Rendered 806/1591, time remaining: 50m 16s
Rendered 806/1591, time remaining: 50m 16s
Rendered 806/1591, time remaining: 50m 16s
Rendered 806/1591, time remaining: 50m 16s
Rendered 806/1591, time remaining: 50m 16s
Rendered 806/1591, time remaining: 50m 16s
Rendered 806/1591, time remaining: 50m 16s
Rendered 806/1591, time remaining: 50m 16s
Rendered 806/1591, time remaining: 50m 16s
Rendered 806/1591, time remaining: 50m 16s
Rendered 806/1591, time remaining: 50m 16s
Rendered 806/1591, time remaining: 50m 16s
Rendered 806/1591, time remaining: 50m 16s
Rendered 806/1591, time remaining: 50m 16s
Rendered 807/1591, time remaining: 50m 39s
Rendered 807/1591, time remaining: 50m 39s
Rendered 807/1591, time remaining: 50m 39s
Rendered 807/1591, time remaining: 50m 39s
Rendered 807/1591, time remaining: 50m 39s
Rendered 807/1591, time remaining: 50m 39s
Rendered 807/1591, time remaining: 50m 39s
Rendered 807/1591, time remaining: 50m 39s
Rendered 808/1591, time remaining: 50m 54s
Rendered 809/1591, time remaining: 50m 50s
Rendered 809/1591, time remaining: 50m 50s
Rendered 809/1591, time remaining: 50m 50s
Rendered 809/1591, time remaining: 50m 50s
Rendered 809/1591, time remaining: 50m 50s
Rendered 810/1591, time remaining: 50m 27s
Rendered 810/1591, time remaining: 50m 27s
Rendered 810/1591, time remaining: 50m 27s
Rendered 811/1591, time remaining: 50m 18s
Rendered 811/1591, time remaining: 50m 18s
Rendered 811/1591, time remaining: 50m 18s
Rendered 811/1591, time remaining: 50m 18s
Rendered 811/1591, time remaining: 50m 18s
Rendered 811/1591, time remaining: 50m 18s
Rendered 811/1591, time remaining: 50m 18s
Rendered 811/1591, time remaining: 50m 18s
Rendered 811/1591, time remaining: 50m 18s
Rendered 811/1591, time remaining: 50m 18s
Rendered 811/1591, time remaining: 50m 18s
Rendered 811/1591, time remaining: 50m 18s
Rendered 811/1591, time remaining: 50m 18s
Rendered 811/1591, time remaining: 50m 18s
Rendered 812/1591, time remaining: 50m 24s
Rendered 812/1591, time remaining: 50m 24s
Rendered 812/1591, time remaining: 50m 24s
Rendered 813/1591, time remaining: 50m 25s
Rendered 813/1591, time remaining: 50m 25s
Rendered 813/1591, time remaining: 50m 25s
Rendered 813/1591, time remaining: 50m 25s
Rendered 813/1591, time remaining: 50m 25s
Rendered 813/1591, time remaining: 50m 25s
Rendered 813/1591, time remaining: 50m 25s
Rendered 813/1591, time remaining: 50m 25s
Rendered 814/1591, time remaining: 50m 26s
Rendered 815/1591, time remaining: 49m 49s
Rendered 815/1591, time remaining: 49m 49s
Rendered 815/1591, time remaining: 49m 49s
Rendered 815/1591, time remaining: 49m 49s
Rendered 815/1591, time remaining: 49m 49s
Rendered 815/1591, time remaining: 49m 49s
Rendered 815/1591, time remaining: 49m 49s
Rendered 815/1591, time remaining: 49m 49s
Rendered 815/1591, time remaining: 49m 49s
Rendered 815/1591, time remaining: 49m 49s
Rendered 815/1591, time remaining: 49m 49s
Rendered 815/1591, time remaining: 49m 49s
Rendered 816/1591, time remaining: 49m 59s
Rendered 816/1591, time remaining: 49m 59s
Rendered 816/1591, time remaining: 49m 59s
Rendered 816/1591, time remaining: 49m 59s
Rendered 817/1591, time remaining: 50m 4s
Rendered 817/1591, time remaining: 50m 4s
Rendered 817/1591, time remaining: 50m 4s
Rendered 817/1591, time remaining: 50m 4s
Rendered 817/1591, time remaining: 50m 4s
Rendered 817/1591, time remaining: 50m 4s
Rendered 818/1591, time remaining: 50m 0s
Rendered 819/1591, time remaining: 49m 24s
Rendered 819/1591, time remaining: 49m 24s
Rendered 819/1591, time remaining: 49m 24s
Rendered 819/1591, time remaining: 49m 24s
Rendered 819/1591, time remaining: 49m 24s
Rendered 820/1591, time remaining: 49m 22s
Rendered 820/1591, time remaining: 49m 22s
Rendered 820/1591, time remaining: 49m 22s
Rendered 820/1591, time remaining: 49m 22s
Rendered 820/1591, time remaining: 49m 22s
Rendered 820/1591, time remaining: 49m 22s
Rendered 820/1591, time remaining: 49m 22s
Rendered 821/1591, time remaining: 49m 33s
Rendered 821/1591, time remaining: 49m 33s
Rendered 821/1591, time remaining: 49m 33s
Rendered 821/1591, time remaining: 49m 33s
Rendered 821/1591, time remaining: 49m 33s
Rendered 821/1591, time remaining: 49m 33s
Rendered 821/1591, time remaining: 49m 33s
Rendered 821/1591, time remaining: 49m 33s
Rendered 822/1591, time remaining: 49m 32s
Rendered 822/1591, time remaining: 49m 32s
Rendered 823/1591, time remaining: 49m 4s
Rendered 823/1591, time remaining: 49m 4s
Rendered 823/1591, time remaining: 49m 4s
Rendered 823/1591, time remaining: 49m 4s
Rendered 823/1591, time remaining: 49m 4s
Rendered 823/1591, time remaining: 49m 4s
Rendered 823/1591, time remaining: 49m 4s
Rendered 823/1591, time remaining: 49m 4s
Rendered 823/1591, time remaining: 49m 4s
Rendered 824/1591, time remaining: 49m 1s
Rendered 825/1591, time remaining: 49m 0s
Rendered 825/1591, time remaining: 49m 0s
Rendered 825/1591, time remaining: 49m 0s
Rendered 825/1591, time remaining: 49m 0s
Rendered 825/1591, time remaining: 49m 0s
Rendered 825/1591, time remaining: 49m 0s
Rendered 825/1591, time remaining: 49m 0s
Rendered 825/1591, time remaining: 49m 0s
Rendered 825/1591, time remaining: 49m 0s
Rendered 826/1591, time remaining: 49m 7s
Rendered 826/1591, time remaining: 49m 7s
Rendered 826/1591, time remaining: 49m 7s
Rendered 827/1591, time remaining: 48m 31s
Rendered 827/1591, time remaining: 48m 31s
Rendered 827/1591, time remaining: 48m 31s
Rendered 827/1591, time remaining: 48m 31s
Rendered 827/1591, time remaining: 48m 31s
Rendered 827/1591, time remaining: 48m 31s
Rendered 827/1591, time remaining: 48m 31s
Rendered 828/1591, time remaining: 48m 30s
Rendered 828/1591, time remaining: 48m 30s
Rendered 828/1591, time remaining: 48m 30s
Rendered 828/1591, time remaining: 48m 30s
Rendered 828/1591, time remaining: 48m 30s
Rendered 828/1591, time remaining: 48m 30s
Rendered 828/1591, time remaining: 48m 30s
Rendered 828/1591, time remaining: 48m 30s
Rendered 828/1591, time remaining: 48m 30s
Rendered 829/1591, time remaining: 48m 47s
Rendered 829/1591, time remaining: 48m 47s
Rendered 829/1591, time remaining: 48m 47s
Rendered 829/1591, time remaining: 48m 47s
Rendered 829/1591, time remaining: 48m 47s
Rendered 829/1591, time remaining: 48m 47s
Rendered 829/1591, time remaining: 48m 47s
Rendered 829/1591, time remaining: 48m 47s
Rendered 829/1591, time remaining: 48m 47s
Rendered 829/1591, time remaining: 48m 47s
Rendered 829/1591, time remaining: 48m 47s
Rendered 830/1591, time remaining: 48m 57s
Rendered 830/1591, time remaining: 48m 57s
Rendered 830/1591, time remaining: 48m 57s
Rendered 831/1591, time remaining: 48m 26s
Rendered 831/1591, time remaining: 48m 26s
Rendered 832/1591, time remaining: 48m 26s
Rendered 832/1591, time remaining: 48m 26s
Rendered 832/1591, time remaining: 48m 26s
Rendered 832/1591, time remaining: 48m 26s
Rendered 833/1591, time remaining: 48m 9s
Rendered 833/1591, time remaining: 48m 9s
Rendered 833/1591, time remaining: 48m 9s
Rendered 833/1591, time remaining: 48m 9s
Rendered 833/1591, time remaining: 48m 9s
Rendered 833/1591, time remaining: 48m 9s
Rendered 833/1591, time remaining: 48m 9s
Rendered 833/1591, time remaining: 48m 9s
Rendered 833/1591, time remaining: 48m 9s
Rendered 833/1591, time remaining: 48m 9s
Rendered 833/1591, time remaining: 48m 9s
Rendered 833/1591, time remaining: 48m 9s
Rendered 833/1591, time remaining: 48m 9s
Rendered 833/1591, time remaining: 48m 9s
Rendered 834/1591, time remaining: 48m 35s
Rendered 834/1591, time remaining: 48m 35s
Rendered 834/1591, time remaining: 48m 35s
Rendered 834/1591, time remaining: 48m 35s
Rendered 835/1591, time remaining: 48m 11s
Rendered 835/1591, time remaining: 48m 11s
Rendered 835/1591, time remaining: 48m 11s
Rendered 835/1591, time remaining: 48m 11s
Rendered 835/1591, time remaining: 48m 11s
Rendered 835/1591, time remaining: 48m 11s
Rendered 836/1591, time remaining: 48m 20s
Rendered 837/1591, time remaining: 47m 44s
Rendered 837/1591, time remaining: 47m 44s
Rendered 837/1591, time remaining: 47m 44s
Rendered 837/1591, time remaining: 47m 44s
Rendered 837/1591, time remaining: 47m 44s
Rendered 838/1591, time remaining: 47m 49s
Rendered 838/1591, time remaining: 47m 49s
Rendered 838/1591, time remaining: 47m 49s
Rendered 838/1591, time remaining: 47m 49s
Rendered 838/1591, time remaining: 47m 49s
Rendered 838/1591, time remaining: 47m 49s
Rendered 838/1591, time remaining: 47m 49s
Rendered 838/1591, time remaining: 47m 49s
Rendered 839/1591, time remaining: 47m 33s
Rendered 839/1591, time remaining: 47m 33s
Rendered 839/1591, time remaining: 47m 33s
Rendered 839/1591, time remaining: 47m 33s
Rendered 839/1591, time remaining: 47m 33s
Rendered 839/1591, time remaining: 47m 33s
Rendered 839/1591, time remaining: 47m 33s
Rendered 839/1591, time remaining: 47m 33s
Rendered 839/1591, time remaining: 47m 33s
Rendered 839/1591, time remaining: 47m 33s
Rendered 839/1591, time remaining: 47m 33s
Rendered 839/1591, time remaining: 47m 33s
Rendered 840/1591, time remaining: 47m 59s
Rendered 841/1591, time remaining: 47m 44s
Rendered 841/1591, time remaining: 47m 44s
Rendered 841/1591, time remaining: 47m 44s
Rendered 841/1591, time remaining: 47m 44s
Rendered 841/1591, time remaining: 47m 44s
Rendered 842/1591, time remaining: 47m 41s
Rendered 842/1591, time remaining: 47m 41s
Rendered 842/1591, time remaining: 47m 41s
Rendered 843/1591, time remaining: 47m 13s
Rendered 843/1591, time remaining: 47m 13s
Rendered 843/1591, time remaining: 47m 13s
Rendered 843/1591, time remaining: 47m 13s
Rendered 843/1591, time remaining: 47m 13s
Rendered 843/1591, time remaining: 47m 13s
Rendered 843/1591, time remaining: 47m 13s
Rendered 843/1591, time remaining: 47m 13s
Rendered 843/1591, time remaining: 47m 13s
Rendered 843/1591, time remaining: 47m 13s
Rendered 843/1591, time remaining: 47m 13s
Rendered 843/1591, time remaining: 47m 13s
Rendered 844/1591, time remaining: 47m 37s
Rendered 845/1591, time remaining: 47m 11s
Rendered 845/1591, time remaining: 47m 11s
Rendered 845/1591, time remaining: 47m 11s
Rendered 845/1591, time remaining: 47m 11s
Rendered 845/1591, time remaining: 47m 11s
Rendered 845/1591, time remaining: 47m 11s
Rendered 845/1591, time remaining: 47m 11s
Rendered 845/1591, time remaining: 47m 11s
Rendered 846/1591, time remaining: 47m 21s
Rendered 846/1591, time remaining: 47m 21s
Rendered 847/1591, time remaining: 46m 44s
Rendered 847/1591, time remaining: 46m 44s
Rendered 847/1591, time remaining: 46m 44s
Rendered 847/1591, time remaining: 46m 44s
Rendered 847/1591, time remaining: 46m 44s
Rendered 847/1591, time remaining: 46m 44s
Rendered 847/1591, time remaining: 46m 44s
Rendered 847/1591, time remaining: 46m 44s
Rendered 847/1591, time remaining: 46m 44s
Rendered 848/1591, time remaining: 47m 0s
Rendered 848/1591, time remaining: 47m 0s
Rendered 848/1591, time remaining: 47m 0s
Rendered 848/1591, time remaining: 47m 0s
Rendered 849/1591, time remaining: 47m 0s
Rendered 849/1591, time remaining: 47m 0s
Rendered 849/1591, time remaining: 47m 0s
Rendered 849/1591, time remaining: 47m 0s
Rendered 849/1591, time remaining: 47m 0s
Rendered 849/1591, time remaining: 47m 0s
Rendered 849/1591, time remaining: 47m 0s
Rendered 849/1591, time remaining: 47m 0s
Rendered 849/1591, time remaining: 47m 0s
Rendered 849/1591, time remaining: 47m 0s
Rendered 849/1591, time remaining: 47m 0s
Rendered 849/1591, time remaining: 47m 0s
Rendered 849/1591, time remaining: 47m 0s
Rendered 849/1591, time remaining: 47m 0s
Rendered 850/1591, time remaining: 47m 16s
Rendered 851/1591, time remaining: 46m 46s
Rendered 851/1591, time remaining: 46m 46s
Rendered 851/1591, time remaining: 46m 46s
Rendered 851/1591, time remaining: 46m 46s
Rendered 851/1591, time remaining: 46m 46s
Rendered 852/1591, time remaining: 46m 38s
Rendered 852/1591, time remaining: 46m 38s
Rendered 852/1591, time remaining: 46m 38s
Rendered 852/1591, time remaining: 46m 38s
Rendered 852/1591, time remaining: 46m 38s
Rendered 853/1591, time remaining: 46m 35s
Rendered 853/1591, time remaining: 46m 35s
Rendered 853/1591, time remaining: 46m 35s
Rendered 853/1591, time remaining: 46m 35s
Rendered 853/1591, time remaining: 46m 35s
Rendered 853/1591, time remaining: 46m 35s
Rendered 853/1591, time remaining: 46m 35s
Rendered 853/1591, time remaining: 46m 35s
Rendered 854/1591, time remaining: 46m 46s
Rendered 854/1591, time remaining: 46m 46s
Rendered 854/1591, time remaining: 46m 46s
Rendered 855/1591, time remaining: 46m 36s
Rendered 855/1591, time remaining: 46m 36s
Rendered 855/1591, time remaining: 46m 36s
Rendered 855/1591, time remaining: 46m 36s
Rendered 855/1591, time remaining: 46m 36s
Rendered 855/1591, time remaining: 46m 36s
Rendered 856/1591, time remaining: 46m 19s
Rendered 856/1591, time remaining: 46m 19s
Rendered 856/1591, time remaining: 46m 19s
Rendered 857/1591, time remaining: 45m 52s
Rendered 857/1591, time remaining: 45m 52s
Rendered 857/1591, time remaining: 45m 52s
Rendered 857/1591, time remaining: 45m 52s
Rendered 857/1591, time remaining: 45m 52s
Rendered 857/1591, time remaining: 45m 52s
Rendered 858/1591, time remaining: 46m 1s
Rendered 858/1591, time remaining: 46m 1s
Rendered 858/1591, time remaining: 46m 1s
Rendered 858/1591, time remaining: 46m 1s
Rendered 858/1591, time remaining: 46m 1s
Rendered 858/1591, time remaining: 46m 1s
Rendered 858/1591, time remaining: 46m 1s
Rendered 858/1591, time remaining: 46m 1s
Rendered 859/1591, time remaining: 46m 13s
Rendered 859/1591, time remaining: 46m 13s
Rendered 859/1591, time remaining: 46m 13s
Rendered 859/1591, time remaining: 46m 13s
Rendered 859/1591, time remaining: 46m 13s
Rendered 859/1591, time remaining: 46m 13s
Rendered 859/1591, time remaining: 46m 13s
Rendered 859/1591, time remaining: 46m 13s
Rendered 859/1591, time remaining: 46m 13s
Rendered 859/1591, time remaining: 46m 13s
Rendered 859/1591, time remaining: 46m 13s
Rendered 859/1591, time remaining: 46m 13s
Rendered 860/1591, time remaining: 46m 21s
Rendered 861/1591, time remaining: 45m 44s
Rendered 861/1591, time remaining: 45m 44s
Rendered 862/1591, time remaining: 45m 34s
Rendered 862/1591, time remaining: 45m 34s
Rendered 862/1591, time remaining: 45m 34s
Rendered 862/1591, time remaining: 45m 34s
Rendered 863/1591, time remaining: 45m 39s
Rendered 863/1591, time remaining: 45m 39s
Rendered 863/1591, time remaining: 45m 39s
Rendered 863/1591, time remaining: 45m 39s
Rendered 863/1591, time remaining: 45m 39s
Rendered 863/1591, time remaining: 45m 39s
Rendered 863/1591, time remaining: 45m 39s
Rendered 863/1591, time remaining: 45m 39s
Rendered 863/1591, time remaining: 45m 39s
Rendered 863/1591, time remaining: 45m 39s
Rendered 863/1591, time remaining: 45m 39s
Rendered 864/1591, time remaining: 45m 51s
Rendered 864/1591, time remaining: 45m 51s
Rendered 865/1591, time remaining: 45m 31s
Rendered 865/1591, time remaining: 45m 31s
Rendered 865/1591, time remaining: 45m 31s
Rendered 865/1591, time remaining: 45m 31s
Rendered 865/1591, time remaining: 45m 31s
Rendered 865/1591, time remaining: 45m 31s
Rendered 865/1591, time remaining: 45m 31s
Rendered 866/1591, time remaining: 45m 16s
Rendered 866/1591, time remaining: 45m 16s
Rendered 866/1591, time remaining: 45m 16s
Rendered 866/1591, time remaining: 45m 16s
Rendered 867/1591, time remaining: 45m 18s
Rendered 867/1591, time remaining: 45m 18s
Rendered 867/1591, time remaining: 45m 18s
Rendered 867/1591, time remaining: 45m 18s
Rendered 867/1591, time remaining: 45m 18s
Rendered 867/1591, time remaining: 45m 18s
Rendered 868/1591, time remaining: 45m 27s
Rendered 868/1591, time remaining: 45m 27s
Rendered 868/1591, time remaining: 45m 27s
Rendered 868/1591, time remaining: 45m 27s
Rendered 868/1591, time remaining: 45m 27s
Rendered 868/1591, time remaining: 45m 27s
Rendered 868/1591, time remaining: 45m 27s
Rendered 868/1591, time remaining: 45m 27s
Rendered 869/1591, time remaining: 45m 15s
Rendered 869/1591, time remaining: 45m 15s
Rendered 869/1591, time remaining: 45m 15s
Rendered 869/1591, time remaining: 45m 15s
Rendered 869/1591, time remaining: 45m 15s
Rendered 869/1591, time remaining: 45m 15s
Rendered 869/1591, time remaining: 45m 15s
Rendered 869/1591, time remaining: 45m 15s
Rendered 869/1591, time remaining: 45m 15s
Rendered 869/1591, time remaining: 45m 15s
Rendered 869/1591, time remaining: 45m 15s
Rendered 870/1591, time remaining: 45m 8s
Rendered 871/1591, time remaining: 45m 1s
Rendered 871/1591, time remaining: 45m 1s
Rendered 871/1591, time remaining: 45m 1s
Rendered 871/1591, time remaining: 45m 1s
Rendered 871/1591, time remaining: 45m 1s
Rendered 871/1591, time remaining: 45m 1s
Rendered 872/1591, time remaining: 45m 8s
Rendered 872/1591, time remaining: 45m 8s
Rendered 872/1591, time remaining: 45m 8s
Rendered 872/1591, time remaining: 45m 8s
Rendered 872/1591, time remaining: 45m 8s
Rendered 872/1591, time remaining: 45m 8s
Rendered 872/1591, time remaining: 45m 8s
Rendered 873/1591, time remaining: 44m 39s
Rendered 873/1591, time remaining: 44m 39s
Rendered 873/1591, time remaining: 44m 39s
Rendered 873/1591, time remaining: 44m 39s
Rendered 873/1591, time remaining: 44m 39s
Rendered 873/1591, time remaining: 44m 39s
Rendered 873/1591, time remaining: 44m 39s
Rendered 873/1591, time remaining: 44m 39s
Rendered 873/1591, time remaining: 44m 39s
Rendered 873/1591, time remaining: 44m 39s
Rendered 873/1591, time remaining: 44m 39s
Rendered 873/1591, time remaining: 44m 39s
Rendered 874/1591, time remaining: 44m 51s
Rendered 874/1591, time remaining: 44m 51s
Rendered 875/1591, time remaining: 44m 48s
Rendered 875/1591, time remaining: 44m 48s
Rendered 876/1591, time remaining: 44m 47s
Rendered 876/1591, time remaining: 44m 47s
Rendered 876/1591, time remaining: 44m 47s
Rendered 876/1591, time remaining: 44m 47s
Rendered 876/1591, time remaining: 44m 47s
Rendered 876/1591, time remaining: 44m 47s
Rendered 877/1591, time remaining: 44m 29s
Rendered 877/1591, time remaining: 44m 29s
Rendered 877/1591, time remaining: 44m 29s
Rendered 877/1591, time remaining: 44m 29s
Rendered 877/1591, time remaining: 44m 29s
Rendered 877/1591, time remaining: 44m 29s
Rendered 877/1591, time remaining: 44m 29s
Rendered 877/1591, time remaining: 44m 29s
Rendered 877/1591, time remaining: 44m 29s
Rendered 877/1591, time remaining: 44m 29s
Rendered 878/1591, time remaining: 44m 29s
Rendered 878/1591, time remaining: 44m 29s
Rendered 878/1591, time remaining: 44m 29s
Rendered 879/1591, time remaining: 44m 22s
Rendered 879/1591, time remaining: 44m 22s
Rendered 879/1591, time remaining: 44m 22s
Rendered 880/1591, time remaining: 44m 23s
Rendered 880/1591, time remaining: 44m 23s
Rendered 880/1591, time remaining: 44m 23s
Rendered 880/1591, time remaining: 44m 23s
Rendered 880/1591, time remaining: 44m 23s
Rendered 880/1591, time remaining: 44m 23s
Rendered 881/1591, time remaining: 44m 8s
Rendered 881/1591, time remaining: 44m 8s
Rendered 881/1591, time remaining: 44m 8s
Rendered 881/1591, time remaining: 44m 8s
Rendered 881/1591, time remaining: 44m 8s
Rendered 881/1591, time remaining: 44m 8s
Rendered 882/1591, time remaining: 43m 47s
Rendered 882/1591, time remaining: 43m 47s
Rendered 882/1591, time remaining: 43m 47s
Rendered 882/1591, time remaining: 43m 47s
Rendered 882/1591, time remaining: 43m 47s
Rendered 882/1591, time remaining: 43m 47s
Rendered 882/1591, time remaining: 43m 47s
Rendered 883/1591, time remaining: 43m 58s
Rendered 883/1591, time remaining: 43m 58s
Rendered 884/1591, time remaining: 43m 46s
Rendered 884/1591, time remaining: 43m 46s
Rendered 884/1591, time remaining: 43m 46s
Rendered 884/1591, time remaining: 43m 46s
Rendered 884/1591, time remaining: 43m 46s
Rendered 885/1591, time remaining: 43m 42s
Rendered 885/1591, time remaining: 43m 42s
Rendered 885/1591, time remaining: 43m 42s
Rendered 885/1591, time remaining: 43m 42s
Rendered 885/1591, time remaining: 43m 42s
Rendered 885/1591, time remaining: 43m 42s
Rendered 885/1591, time remaining: 43m 42s
Rendered 885/1591, time remaining: 43m 42s
Rendered 885/1591, time remaining: 43m 42s
Rendered 885/1591, time remaining: 43m 42s
Rendered 886/1591, time remaining: 43m 31s
Rendered 886/1591, time remaining: 43m 31s
Rendered 886/1591, time remaining: 43m 31s
Rendered 886/1591, time remaining: 43m 31s
Rendered 886/1591, time remaining: 43m 31s
Rendered 887/1591, time remaining: 43m 30s
Rendered 887/1591, time remaining: 43m 30s
Rendered 887/1591, time remaining: 43m 30s
Rendered 887/1591, time remaining: 43m 30s
Rendered 887/1591, time remaining: 43m 30s
Rendered 887/1591, time remaining: 43m 30s
Rendered 887/1591, time remaining: 43m 30s
Rendered 887/1591, time remaining: 43m 30s
Rendered 888/1591, time remaining: 43m 31s
Rendered 889/1591, time remaining: 43m 21s
Rendered 889/1591, time remaining: 43m 21s
Rendered 889/1591, time remaining: 43m 21s
Rendered 889/1591, time remaining: 43m 21s
Rendered 889/1591, time remaining: 43m 21s
Rendered 889/1591, time remaining: 43m 21s
Rendered 889/1591, time remaining: 43m 21s
Rendered 890/1591, time remaining: 43m 5s
Rendered 890/1591, time remaining: 43m 5s
Rendered 891/1591, time remaining: 43m 4s
Rendered 891/1591, time remaining: 43m 4s
Rendered 891/1591, time remaining: 43m 4s
Rendered 891/1591, time remaining: 43m 4s
Rendered 891/1591, time remaining: 43m 4s
Rendered 891/1591, time remaining: 43m 4s
Rendered 891/1591, time remaining: 43m 4s
Rendered 891/1591, time remaining: 43m 4s
Rendered 891/1591, time remaining: 43m 4s
Rendered 891/1591, time remaining: 43m 4s
Rendered 892/1591, time remaining: 42m 57s
Rendered 892/1591, time remaining: 42m 57s
Rendered 893/1591, time remaining: 42m 56s
Rendered 893/1591, time remaining: 42m 56s
Rendered 893/1591, time remaining: 42m 56s
Rendered 893/1591, time remaining: 42m 56s
Rendered 893/1591, time remaining: 42m 56s
Rendered 893/1591, time remaining: 42m 56s
Rendered 893/1591, time remaining: 42m 56s
Rendered 894/1591, time remaining: 42m 41s
Rendered 894/1591, time remaining: 42m 41s
Rendered 894/1591, time remaining: 42m 41s
Rendered 894/1591, time remaining: 42m 41s
Rendered 895/1591, time remaining: 42m 44s
Rendered 895/1591, time remaining: 42m 44s
Rendered 895/1591, time remaining: 42m 44s
Rendered 895/1591, time remaining: 42m 44s
Rendered 895/1591, time remaining: 42m 44s
Rendered 895/1591, time remaining: 42m 44s
Rendered 895/1591, time remaining: 42m 44s
Rendered 896/1591, time remaining: 42m 30s
Rendered 896/1591, time remaining: 42m 30s
Rendered 896/1591, time remaining: 42m 30s
Rendered 897/1591, time remaining: 42m 32s
Rendered 897/1591, time remaining: 42m 32s
Rendered 897/1591, time remaining: 42m 32s
Rendered 897/1591, time remaining: 42m 32s
Rendered 897/1591, time remaining: 42m 32s
Rendered 897/1591, time remaining: 42m 32s
Rendered 897/1591, time remaining: 42m 32s
Rendered 898/1591, time remaining: 42m 22s
Rendered 898/1591, time remaining: 42m 22s
Rendered 898/1591, time remaining: 42m 22s
Rendered 898/1591, time remaining: 42m 22s
Rendered 898/1591, time remaining: 42m 22s
Rendered 898/1591, time remaining: 42m 22s
Rendered 898/1591, time remaining: 42m 22s
Rendered 898/1591, time remaining: 42m 22s
Rendered 898/1591, time remaining: 42m 22s
Rendered 899/1591, time remaining: 42m 19s
Rendered 899/1591, time remaining: 42m 19s
Rendered 899/1591, time remaining: 42m 19s
Rendered 899/1591, time remaining: 42m 19s
Rendered 900/1591, time remaining: 41m 51s
Rendered 900/1591, time remaining: 41m 51s
Rendered 900/1591, time remaining: 41m 51s
Rendered 900/1591, time remaining: 41m 51s
Rendered 900/1591, time remaining: 41m 51s
Rendered 900/1591, time remaining: 41m 51s
Rendered 900/1591, time remaining: 41m 51s
Rendered 901/1591, time remaining: 42m 3s
Rendered 901/1591, time remaining: 42m 3s
Rendered 902/1591, time remaining: 41m 50s
Rendered 902/1591, time remaining: 41m 50s
Rendered 902/1591, time remaining: 41m 50s
Rendered 902/1591, time remaining: 41m 50s
Rendered 902/1591, time remaining: 41m 50s
Rendered 902/1591, time remaining: 41m 50s
Rendered 902/1591, time remaining: 41m 50s
Rendered 902/1591, time remaining: 41m 50s
Rendered 902/1591, time remaining: 41m 50s
Rendered 903/1591, time remaining: 42m 5s
Rendered 903/1591, time remaining: 42m 5s
Rendered 903/1591, time remaining: 42m 5s
Rendered 903/1591, time remaining: 42m 5s
Rendered 903/1591, time remaining: 42m 5s
Rendered 904/1591, time remaining: 41m 20s
Rendered 904/1591, time remaining: 41m 20s
Rendered 904/1591, time remaining: 41m 20s
Rendered 904/1591, time remaining: 41m 20s
Rendered 904/1591, time remaining: 41m 20s
Rendered 904/1591, time remaining: 41m 20s
Rendered 904/1591, time remaining: 41m 20s
Rendered 904/1591, time remaining: 41m 20s
Rendered 905/1591, time remaining: 41m 31s
Rendered 906/1591, time remaining: 41m 27s
Rendered 906/1591, time remaining: 41m 27s
Rendered 906/1591, time remaining: 41m 27s
Rendered 906/1591, time remaining: 41m 27s
Rendered 906/1591, time remaining: 41m 27s
Rendered 906/1591, time remaining: 41m 27s
Rendered 906/1591, time remaining: 41m 27s
Rendered 906/1591, time remaining: 41m 27s
Rendered 907/1591, time remaining: 41m 39s
Rendered 907/1591, time remaining: 41m 39s
Rendered 907/1591, time remaining: 41m 39s
Rendered 907/1591, time remaining: 41m 39s
Rendered 907/1591, time remaining: 41m 39s
Rendered 908/1591, time remaining: 41m 0s
Rendered 908/1591, time remaining: 41m 0s
Rendered 908/1591, time remaining: 41m 0s
Rendered 908/1591, time remaining: 41m 0s
Rendered 908/1591, time remaining: 41m 0s
Rendered 908/1591, time remaining: 41m 0s
Rendered 908/1591, time remaining: 41m 0s
Rendered 908/1591, time remaining: 41m 0s
Rendered 909/1591, time remaining: 41m 3s
Rendered 910/1591, time remaining: 40m 57s
Rendered 910/1591, time remaining: 40m 57s
Rendered 910/1591, time remaining: 40m 57s
Rendered 910/1591, time remaining: 40m 57s
Rendered 910/1591, time remaining: 40m 57s
Rendered 910/1591, time remaining: 40m 57s
Rendered 911/1591, time remaining: 41m 5s
Rendered 911/1591, time remaining: 41m 5s
Rendered 911/1591, time remaining: 41m 5s
Rendered 911/1591, time remaining: 41m 5s
Rendered 911/1591, time remaining: 41m 5s
Rendered 911/1591, time remaining: 41m 5s
Rendered 911/1591, time remaining: 41m 5s
Rendered 912/1591, time remaining: 40m 30s
Rendered 912/1591, time remaining: 40m 30s
Rendered 912/1591, time remaining: 40m 30s
Rendered 912/1591, time remaining: 40m 30s
Rendered 912/1591, time remaining: 40m 30s
Rendered 912/1591, time remaining: 40m 30s
Rendered 912/1591, time remaining: 40m 30s
Rendered 913/1591, time remaining: 40m 40s
Rendered 914/1591, time remaining: 40m 28s
Rendered 914/1591, time remaining: 40m 28s
Rendered 914/1591, time remaining: 40m 28s
Rendered 914/1591, time remaining: 40m 28s
Rendered 914/1591, time remaining: 40m 28s
Rendered 914/1591, time remaining: 40m 28s
Rendered 915/1591, time remaining: 40m 35s
Rendered 915/1591, time remaining: 40m 35s
Rendered 915/1591, time remaining: 40m 35s
Rendered 915/1591, time remaining: 40m 35s
Rendered 915/1591, time remaining: 40m 35s
Rendered 915/1591, time remaining: 40m 35s
Rendered 916/1591, time remaining: 39m 56s
Rendered 916/1591, time remaining: 39m 56s
Rendered 916/1591, time remaining: 39m 56s
Rendered 916/1591, time remaining: 39m 56s
Rendered 916/1591, time remaining: 39m 56s
Rendered 916/1591, time remaining: 39m 56s
Rendered 916/1591, time remaining: 39m 56s
Rendered 916/1591, time remaining: 39m 56s
Rendered 916/1591, time remaining: 39m 56s
Rendered 916/1591, time remaining: 39m 56s
Rendered 916/1591, time remaining: 39m 56s
Rendered 916/1591, time remaining: 39m 56s
Rendered 916/1591, time remaining: 39m 56s
Rendered 916/1591, time remaining: 39m 56s
Rendered 917/1591, time remaining: 40m 23s
Rendered 918/1591, time remaining: 40m 19s
Rendered 918/1591, time remaining: 40m 19s
Rendered 919/1591, time remaining: 40m 18s
Rendered 919/1591, time remaining: 40m 18s
Rendered 919/1591, time remaining: 40m 18s
Rendered 919/1591, time remaining: 40m 18s
Rendered 920/1591, time remaining: 39m 30s
Rendered 920/1591, time remaining: 39m 30s
Rendered 920/1591, time remaining: 39m 30s
Rendered 920/1591, time remaining: 39m 30s
Rendered 920/1591, time remaining: 39m 30s
Rendered 920/1591, time remaining: 39m 30s
Rendered 920/1591, time remaining: 39m 30s
Rendered 920/1591, time remaining: 39m 30s
Rendered 920/1591, time remaining: 39m 30s
Rendered 920/1591, time remaining: 39m 30s
Rendered 920/1591, time remaining: 39m 30s
Rendered 920/1591, time remaining: 39m 30s
Rendered 920/1591, time remaining: 39m 30s
Rendered 920/1591, time remaining: 39m 30s
Rendered 921/1591, time remaining: 39m 49s
Rendered 922/1591, time remaining: 39m 45s
Rendered 922/1591, time remaining: 39m 45s
Rendered 922/1591, time remaining: 39m 45s
Rendered 922/1591, time remaining: 39m 45s
Rendered 923/1591, time remaining: 39m 48s
Rendered 923/1591, time remaining: 39m 48s
Rendered 923/1591, time remaining: 39m 48s
Rendered 924/1591, time remaining: 39m 11s
Rendered 924/1591, time remaining: 39m 11s
Rendered 924/1591, time remaining: 39m 11s
Rendered 924/1591, time remaining: 39m 11s
Rendered 924/1591, time remaining: 39m 11s
Rendered 924/1591, time remaining: 39m 11s
Rendered 924/1591, time remaining: 39m 11s
Rendered 924/1591, time remaining: 39m 11s
Rendered 924/1591, time remaining: 39m 11s
Rendered 924/1591, time remaining: 39m 11s
Rendered 924/1591, time remaining: 39m 11s
Rendered 924/1591, time remaining: 39m 11s
Rendered 924/1591, time remaining: 39m 11s
Rendered 924/1591, time remaining: 39m 11s
Rendered 925/1591, time remaining: 39m 26s
Rendered 926/1591, time remaining: 39m 23s
Rendered 926/1591, time remaining: 39m 23s
Rendered 926/1591, time remaining: 39m 23s
Rendered 926/1591, time remaining: 39m 23s
Rendered 926/1591, time remaining: 39m 23s
Rendered 927/1591, time remaining: 39m 28s
Rendered 927/1591, time remaining: 39m 28s
Rendered 927/1591, time remaining: 39m 28s
Rendered 927/1591, time remaining: 39m 28s
Rendered 927/1591, time remaining: 39m 28s
Rendered 928/1591, time remaining: 38m 13s
Rendered 928/1591, time remaining: 38m 13s
Rendered 928/1591, time remaining: 38m 13s
Rendered 928/1591, time remaining: 38m 13s
Rendered 928/1591, time remaining: 38m 13s
Rendered 928/1591, time remaining: 38m 13s
Rendered 928/1591, time remaining: 38m 13s
Rendered 928/1591, time remaining: 38m 13s
Rendered 929/1591, time remaining: 35m 15s
Rendered 929/1591, time remaining: 35m 15s
Rendered 929/1591, time remaining: 35m 15s
Rendered 930/1591, time remaining: 35m 17s
Rendered 930/1591, time remaining: 35m 17s
Rendered 930/1591, time remaining: 35m 17s
Rendered 930/1591, time remaining: 35m 17s
Rendered 930/1591, time remaining: 35m 17s
Rendered 930/1591, time remaining: 35m 17s
Rendered 930/1591, time remaining: 35m 17s
Rendered 930/1591, time remaining: 35m 17s
Rendered 930/1591, time remaining: 35m 17s
Rendered 930/1591, time remaining: 35m 17s
Rendered 931/1591, time remaining: 35m 33s
Rendered 932/1591, time remaining: 35m 18s
Rendered 932/1591, time remaining: 35m 18s
Rendered 932/1591, time remaining: 35m 18s
Rendered 932/1591, time remaining: 35m 18s
Rendered 932/1591, time remaining: 35m 18s
Rendered 932/1591, time remaining: 35m 18s
Rendered 933/1591, time remaining: 32m 50s
Rendered 933/1591, time remaining: 32m 50s
Rendered 933/1591, time remaining: 32m 50s
Rendered 934/1591, time remaining: 32m 39s
Rendered 934/1591, time remaining: 32m 39s
Rendered 934/1591, time remaining: 32m 39s
Rendered 934/1591, time remaining: 32m 39s
Rendered 934/1591, time remaining: 32m 39s
Rendered 934/1591, time remaining: 32m 39s
Rendered 934/1591, time remaining: 32m 39s
Rendered 935/1591, time remaining: 30m 35s
Rendered 935/1591, time remaining: 30m 35s
Rendered 935/1591, time remaining: 30m 35s
Rendered 935/1591, time remaining: 30m 35s
Rendered 935/1591, time remaining: 30m 35s
Rendered 935/1591, time remaining: 30m 35s
Rendered 935/1591, time remaining: 30m 35s
Rendered 935/1591, time remaining: 30m 35s
Rendered 935/1591, time remaining: 30m 35s
Rendered 936/1591, time remaining: 30m 50s
Rendered 936/1591, time remaining: 30m 50s
Rendered 936/1591, time remaining: 30m 50s
Rendered 937/1591, time remaining: 30m 34s
Rendered 937/1591, time remaining: 30m 34s
Rendered 937/1591, time remaining: 30m 34s
Rendered 937/1591, time remaining: 30m 34s
Rendered 937/1591, time remaining: 30m 34s
Rendered 937/1591, time remaining: 30m 34s
Rendered 938/1591, time remaining: 30m 31s
Rendered 938/1591, time remaining: 30m 31s
Rendered 938/1591, time remaining: 30m 31s
Rendered 938/1591, time remaining: 30m 31s
Rendered 938/1591, time remaining: 30m 31s
Rendered 938/1591, time remaining: 30m 31s
Rendered 938/1591, time remaining: 30m 31s
Rendered 938/1591, time remaining: 30m 31s
Rendered 939/1591, time remaining: 27m 16s
Rendered 939/1591, time remaining: 27m 16s
Rendered 940/1591, time remaining: 27m 14s
Rendered 940/1591, time remaining: 27m 14s
Rendered 940/1591, time remaining: 27m 14s
Rendered 940/1591, time remaining: 27m 14s
Rendered 940/1591, time remaining: 27m 14s
Rendered 941/1591, time remaining: 27m 21s
Rendered 941/1591, time remaining: 27m 21s
Rendered 941/1591, time remaining: 27m 21s
Rendered 941/1591, time remaining: 27m 21s
Rendered 941/1591, time remaining: 27m 21s
Rendered 941/1591, time remaining: 27m 21s
Rendered 941/1591, time remaining: 27m 21s
Rendered 942/1591, time remaining: 27m 31s
Rendered 942/1591, time remaining: 27m 31s
Rendered 942/1591, time remaining: 27m 31s
Rendered 942/1591, time remaining: 27m 31s
Rendered 942/1591, time remaining: 27m 31s
Rendered 942/1591, time remaining: 27m 31s
Rendered 943/1591, time remaining: 25m 23s
Rendered 943/1591, time remaining: 25m 23s
Rendered 944/1591, time remaining: 25m 22s
Rendered 944/1591, time remaining: 25m 22s
Rendered 944/1591, time remaining: 25m 22s
Rendered 944/1591, time remaining: 25m 22s
Rendered 944/1591, time remaining: 25m 22s
Rendered 944/1591, time remaining: 25m 22s
Rendered 945/1591, time remaining: 25m 30s
Rendered 945/1591, time remaining: 25m 30s
Rendered 945/1591, time remaining: 25m 30s
Rendered 945/1591, time remaining: 25m 30s
Rendered 945/1591, time remaining: 25m 30s
Rendered 945/1591, time remaining: 25m 30s
Rendered 945/1591, time remaining: 25m 30s
Rendered 945/1591, time remaining: 25m 30s
Rendered 946/1591, time remaining: 25m 43s
Rendered 946/1591, time remaining: 25m 43s
Rendered 946/1591, time remaining: 25m 43s
Rendered 946/1591, time remaining: 25m 43s
Rendered 946/1591, time remaining: 25m 43s
Rendered 946/1591, time remaining: 25m 43s
Rendered 946/1591, time remaining: 25m 43s
Rendered 947/1591, time remaining: 25m 14s
Rendered 947/1591, time remaining: 25m 14s
Rendered 947/1591, time remaining: 25m 14s
Rendered 948/1591, time remaining: 25m 14s
Rendered 948/1591, time remaining: 25m 14s
Rendered 948/1591, time remaining: 25m 14s
Rendered 948/1591, time remaining: 25m 14s
Rendered 949/1591, time remaining: 25m 18s
Rendered 949/1591, time remaining: 25m 18s
Rendered 949/1591, time remaining: 25m 18s
Rendered 949/1591, time remaining: 25m 18s
Rendered 949/1591, time remaining: 25m 18s
Rendered 949/1591, time remaining: 25m 18s
Rendered 949/1591, time remaining: 25m 18s
Rendered 949/1591, time remaining: 25m 18s
Rendered 949/1591, time remaining: 25m 18s
Rendered 949/1591, time remaining: 25m 18s
Rendered 949/1591, time remaining: 25m 18s
Rendered 949/1591, time remaining: 25m 18s
Rendered 949/1591, time remaining: 25m 18s
Rendered 949/1591, time remaining: 25m 18s
Rendered 949/1591, time remaining: 25m 18s
Rendered 950/1591, time remaining: 25m 34s
Rendered 950/1591, time remaining: 25m 34s
Rendered 950/1591, time remaining: 25m 34s
Rendered 950/1591, time remaining: 25m 34s
Rendered 950/1591, time remaining: 25m 34s
Rendered 950/1591, time remaining: 25m 34s
Rendered 950/1591, time remaining: 25m 34s
Rendered 950/1591, time remaining: 25m 34s
Rendered 950/1591, time remaining: 25m 34s
Rendered 950/1591, time remaining: 25m 34s
Rendered 951/1591, time remaining: 25m 34s
Rendered 952/1591, time remaining: 25m 20s
Rendered 953/1591, time remaining: 25m 1s
Rendered 953/1591, time remaining: 25m 1s
Rendered 953/1591, time remaining: 25m 1s
Rendered 953/1591, time remaining: 25m 1s
Rendered 953/1591, time remaining: 25m 1s
Rendered 953/1591, time remaining: 25m 1s
Rendered 953/1591, time remaining: 25m 1s
Rendered 953/1591, time remaining: 25m 1s
Rendered 954/1591, time remaining: 25m 6s
Rendered 954/1591, time remaining: 25m 6s
Rendered 954/1591, time remaining: 25m 6s
Rendered 954/1591, time remaining: 25m 6s
Rendered 954/1591, time remaining: 25m 6s
Rendered 954/1591, time remaining: 25m 6s
Rendered 954/1591, time remaining: 25m 6s
Rendered 954/1591, time remaining: 25m 6s
Rendered 954/1591, time remaining: 25m 6s
Rendered 954/1591, time remaining: 25m 6s
Rendered 954/1591, time remaining: 25m 6s
Rendered 954/1591, time remaining: 25m 6s
Rendered 954/1591, time remaining: 25m 6s
Rendered 954/1591, time remaining: 25m 6s
Rendered 954/1591, time remaining: 25m 6s
Rendered 954/1591, time remaining: 25m 6s
Rendered 954/1591, time remaining: 25m 6s
Rendered 954/1591, time remaining: 25m 6s
Rendered 954/1591, time remaining: 25m 6s
Rendered 954/1591, time remaining: 25m 6s
Rendered 954/1591, time remaining: 25m 6s
Rendered 955/1591, time remaining: 25m 42s
Rendered 956/1591, time remaining: 25m 32s
Rendered 957/1591, time remaining: 25m 2s
Rendered 957/1591, time remaining: 25m 2s
Rendered 958/1591, time remaining: 24m 46s
Rendered 958/1591, time remaining: 24m 46s
Rendered 958/1591, time remaining: 24m 46s
Rendered 958/1591, time remaining: 24m 46s
Rendered 958/1591, time remaining: 24m 46s
Rendered 958/1591, time remaining: 24m 46s
Rendered 958/1591, time remaining: 24m 46s
Rendered 958/1591, time remaining: 24m 46s
Rendered 958/1591, time remaining: 24m 46s
Rendered 958/1591, time remaining: 24m 46s
Rendered 958/1591, time remaining: 24m 46s
Rendered 958/1591, time remaining: 24m 46s
Rendered 958/1591, time remaining: 24m 46s
Rendered 958/1591, time remaining: 24m 46s
Rendered 959/1591, time remaining: 25m 12s
Rendered 959/1591, time remaining: 25m 12s
Rendered 959/1591, time remaining: 25m 12s
Rendered 959/1591, time remaining: 25m 12s
Rendered 959/1591, time remaining: 25m 12s
Rendered 959/1591, time remaining: 25m 12s
Rendered 959/1591, time remaining: 25m 12s
Rendered 960/1591, time remaining: 25m 13s
Rendered 961/1591, time remaining: 25m 5s
Rendered 961/1591, time remaining: 25m 5s
Rendered 961/1591, time remaining: 25m 5s
Rendered 961/1591, time remaining: 25m 5s
Rendered 961/1591, time remaining: 25m 5s
Rendered 962/1591, time remaining: 24m 44s
Rendered 962/1591, time remaining: 24m 44s
Rendered 962/1591, time remaining: 24m 44s
Rendered 962/1591, time remaining: 24m 44s
Rendered 962/1591, time remaining: 24m 44s
Rendered 962/1591, time remaining: 24m 44s
Rendered 962/1591, time remaining: 24m 44s
Rendered 962/1591, time remaining: 24m 44s
Rendered 962/1591, time remaining: 24m 44s
Rendered 963/1591, time remaining: 24m 55s
Rendered 963/1591, time remaining: 24m 55s
Rendered 963/1591, time remaining: 24m 55s
Rendered 964/1591, time remaining: 24m 44s
Rendered 964/1591, time remaining: 24m 44s
Rendered 964/1591, time remaining: 24m 44s
Rendered 964/1591, time remaining: 24m 44s
Rendered 964/1591, time remaining: 24m 44s
Rendered 964/1591, time remaining: 24m 44s
Rendered 964/1591, time remaining: 24m 44s
Rendered 964/1591, time remaining: 24m 44s
Rendered 965/1591, time remaining: 24m 56s
Rendered 966/1591, time remaining: 24m 31s
Rendered 966/1591, time remaining: 24m 31s
Rendered 966/1591, time remaining: 24m 31s
Rendered 966/1591, time remaining: 24m 31s
Rendered 966/1591, time remaining: 24m 31s
Rendered 966/1591, time remaining: 24m 31s
Rendered 966/1591, time remaining: 24m 31s
Rendered 966/1591, time remaining: 24m 31s
Rendered 966/1591, time remaining: 24m 31s
Rendered 967/1591, time remaining: 24m 37s
Rendered 967/1591, time remaining: 24m 37s
Rendered 967/1591, time remaining: 24m 37s
Rendered 967/1591, time remaining: 24m 37s
Rendered 967/1591, time remaining: 24m 37s
Rendered 968/1591, time remaining: 24m 32s
Rendered 968/1591, time remaining: 24m 32s
Rendered 968/1591, time remaining: 24m 32s
Rendered 968/1591, time remaining: 24m 32s
Rendered 968/1591, time remaining: 24m 32s
Rendered 968/1591, time remaining: 24m 32s
Rendered 968/1591, time remaining: 24m 32s
Rendered 968/1591, time remaining: 24m 32s
Rendered 969/1591, time remaining: 24m 45s
Rendered 969/1591, time remaining: 24m 45s
Rendered 969/1591, time remaining: 24m 45s
Rendered 969/1591, time remaining: 24m 45s
Rendered 970/1591, time remaining: 24m 41s
Rendered 970/1591, time remaining: 24m 41s
Rendered 970/1591, time remaining: 24m 41s
Rendered 970/1591, time remaining: 24m 41s
Rendered 970/1591, time remaining: 24m 41s
Rendered 970/1591, time remaining: 24m 41s
Rendered 970/1591, time remaining: 24m 41s
Rendered 971/1591, time remaining: 24m 38s
Rendered 971/1591, time remaining: 24m 38s
Rendered 971/1591, time remaining: 24m 38s
Rendered 972/1591, time remaining: 24m 26s
Rendered 972/1591, time remaining: 24m 26s
Rendered 972/1591, time remaining: 24m 26s
Rendered 972/1591, time remaining: 24m 26s
Rendered 972/1591, time remaining: 24m 26s
Rendered 972/1591, time remaining: 24m 26s
Rendered 972/1591, time remaining: 24m 26s
Rendered 972/1591, time remaining: 24m 26s
Rendered 972/1591, time remaining: 24m 26s
Rendered 972/1591, time remaining: 24m 26s
Rendered 972/1591, time remaining: 24m 26s
Rendered 972/1591, time remaining: 24m 26s
Rendered 972/1591, time remaining: 24m 26s
Rendered 972/1591, time remaining: 24m 26s
Rendered 972/1591, time remaining: 24m 26s
Rendered 973/1591, time remaining: 24m 50s
Rendered 974/1591, time remaining: 24m 32s
Rendered 974/1591, time remaining: 24m 32s
Rendered 974/1591, time remaining: 24m 32s
Rendered 974/1591, time remaining: 24m 32s
Rendered 974/1591, time remaining: 24m 32s
Rendered 975/1591, time remaining: 24m 36s
Rendered 975/1591, time remaining: 24m 36s
Rendered 975/1591, time remaining: 24m 36s
Rendered 975/1591, time remaining: 24m 36s
Rendered 975/1591, time remaining: 24m 36s
Rendered 975/1591, time remaining: 24m 36s
Rendered 975/1591, time remaining: 24m 36s
Rendered 975/1591, time remaining: 24m 36s
Rendered 976/1591, time remaining: 24m 31s
Rendered 976/1591, time remaining: 24m 31s
Rendered 976/1591, time remaining: 24m 31s
Rendered 976/1591, time remaining: 24m 31s
Rendered 976/1591, time remaining: 24m 31s
Rendered 976/1591, time remaining: 24m 31s
Rendered 976/1591, time remaining: 24m 31s
Rendered 976/1591, time remaining: 24m 31s
Rendered 977/1591, time remaining: 24m 41s
Rendered 978/1591, time remaining: 24m 25s
Rendered 978/1591, time remaining: 24m 25s
Rendered 978/1591, time remaining: 24m 25s
Rendered 978/1591, time remaining: 24m 25s
Rendered 978/1591, time remaining: 24m 25s
Rendered 978/1591, time remaining: 24m 25s
Rendered 979/1591, time remaining: 24m 16s
Rendered 979/1591, time remaining: 24m 16s
Rendered 979/1591, time remaining: 24m 16s
Rendered 979/1591, time remaining: 24m 16s
Rendered 979/1591, time remaining: 24m 16s
Rendered 979/1591, time remaining: 24m 16s
Rendered 979/1591, time remaining: 24m 16s
Rendered 980/1591, time remaining: 24m 7s
Rendered 980/1591, time remaining: 24m 7s
Rendered 980/1591, time remaining: 24m 7s
Rendered 980/1591, time remaining: 24m 7s
Rendered 980/1591, time remaining: 24m 7s
Rendered 980/1591, time remaining: 24m 7s
Rendered 980/1591, time remaining: 24m 7s
Rendered 980/1591, time remaining: 24m 7s
Rendered 980/1591, time remaining: 24m 7s
Rendered 980/1591, time remaining: 24m 7s
Rendered 980/1591, time remaining: 24m 7s
Rendered 980/1591, time remaining: 24m 7s
Rendered 980/1591, time remaining: 24m 7s
Rendered 981/1591, time remaining: 24m 26s
Rendered 982/1591, time remaining: 24m 21s
Rendered 982/1591, time remaining: 24m 21s
Rendered 982/1591, time remaining: 24m 21s
Rendered 983/1591, time remaining: 24m 16s
Rendered 983/1591, time remaining: 24m 16s
Rendered 983/1591, time remaining: 24m 16s
Rendered 983/1591, time remaining: 24m 16s
Rendered 984/1591, time remaining: 23m 52s
Rendered 984/1591, time remaining: 23m 52s
Rendered 984/1591, time remaining: 23m 52s
Rendered 984/1591, time remaining: 23m 52s
Rendered 984/1591, time remaining: 23m 52s
Rendered 984/1591, time remaining: 23m 52s
Rendered 984/1591, time remaining: 23m 52s
Rendered 984/1591, time remaining: 23m 52s
Rendered 984/1591, time remaining: 23m 52s
Rendered 984/1591, time remaining: 23m 52s
Rendered 985/1591, time remaining: 24m 4s
Rendered 985/1591, time remaining: 24m 4s
Rendered 986/1591, time remaining: 23m 52s
Rendered 986/1591, time remaining: 23m 52s
Rendered 986/1591, time remaining: 23m 52s
Rendered 986/1591, time remaining: 23m 52s
Rendered 986/1591, time remaining: 23m 52s
Rendered 986/1591, time remaining: 23m 52s
Rendered 986/1591, time remaining: 23m 52s
Rendered 986/1591, time remaining: 23m 52s
Rendered 986/1591, time remaining: 23m 52s
Rendered 986/1591, time remaining: 23m 52s
Rendered 986/1591, time remaining: 23m 52s
Rendered 987/1591, time remaining: 24m 11s
Rendered 988/1591, time remaining: 24m 1s
Rendered 988/1591, time remaining: 24m 1s
Rendered 988/1591, time remaining: 24m 1s
Rendered 988/1591, time remaining: 24m 1s
Rendered 988/1591, time remaining: 24m 1s
Rendered 988/1591, time remaining: 24m 1s
Rendered 988/1591, time remaining: 24m 1s
Rendered 988/1591, time remaining: 24m 1s
Rendered 989/1591, time remaining: 23m 58s
Rendered 990/1591, time remaining: 23m 32s
Rendered 990/1591, time remaining: 23m 32s
Rendered 990/1591, time remaining: 23m 32s
Rendered 990/1591, time remaining: 23m 32s
Rendered 990/1591, time remaining: 23m 32s
Rendered 990/1591, time remaining: 23m 32s
Rendered 990/1591, time remaining: 23m 32s
Rendered 990/1591, time remaining: 23m 32s
Rendered 990/1591, time remaining: 23m 32s
Rendered 991/1591, time remaining: 23m 45s
Rendered 992/1591, time remaining: 23m 36s
Rendered 992/1591, time remaining: 23m 36s
Rendered 992/1591, time remaining: 23m 36s
Rendered 992/1591, time remaining: 23m 36s
Rendered 992/1591, time remaining: 23m 36s
Rendered 992/1591, time remaining: 23m 36s
Rendered 992/1591, time remaining: 23m 36s
Rendered 992/1591, time remaining: 23m 36s
Rendered 992/1591, time remaining: 23m 36s
Rendered 992/1591, time remaining: 23m 36s
Rendered 992/1591, time remaining: 23m 36s
Rendered 993/1591, time remaining: 23m 51s
Rendered 994/1591, time remaining: 23m 27s
Rendered 994/1591, time remaining: 23m 27s
Rendered 994/1591, time remaining: 23m 27s
Rendered 994/1591, time remaining: 23m 27s
Rendered 994/1591, time remaining: 23m 27s
Rendered 994/1591, time remaining: 23m 27s
Rendered 994/1591, time remaining: 23m 27s
Rendered 995/1591, time remaining: 23m 36s
Rendered 995/1591, time remaining: 23m 36s
Rendered 996/1591, time remaining: 23m 21s
Rendered 996/1591, time remaining: 23m 21s
Rendered 996/1591, time remaining: 23m 21s
Rendered 996/1591, time remaining: 23m 21s
Rendered 996/1591, time remaining: 23m 21s
Rendered 996/1591, time remaining: 23m 21s
Rendered 996/1591, time remaining: 23m 21s
Rendered 996/1591, time remaining: 23m 21s
Rendered 996/1591, time remaining: 23m 21s
Rendered 996/1591, time remaining: 23m 21s
Rendered 997/1591, time remaining: 23m 35s
Rendered 998/1591, time remaining: 23m 18s
Rendered 998/1591, time remaining: 23m 18s
Rendered 998/1591, time remaining: 23m 18s
Rendered 998/1591, time remaining: 23m 18s
Rendered 998/1591, time remaining: 23m 18s
Rendered 998/1591, time remaining: 23m 18s
Rendered 998/1591, time remaining: 23m 18s
Rendered 998/1591, time remaining: 23m 18s
Rendered 998/1591, time remaining: 23m 18s
Rendered 998/1591, time remaining: 23m 18s
Rendered 998/1591, time remaining: 23m 18s
Rendered 998/1591, time remaining: 23m 18s
Rendered 998/1591, time remaining: 23m 18s
Rendered 998/1591, time remaining: 23m 18s
Rendered 999/1591, time remaining: 23m 33s
Rendered 999/1591, time remaining: 23m 33s
Rendered 1000/1591, time remaining: 23m 7s
Rendered 1000/1591, time remaining: 23m 7s
Rendered 1000/1591, time remaining: 23m 7s
Rendered 1000/1591, time remaining: 23m 7s
Rendered 1000/1591, time remaining: 23m 7s
Rendered 1000/1591, time remaining: 23m 7s
Rendered 1000/1591, time remaining: 23m 7s
Rendered 1001/1591, time remaining: 23m 17s
Rendered 1002/1591, time remaining: 23m 6s
Rendered 1002/1591, time remaining: 23m 6s
Rendered 1002/1591, time remaining: 23m 6s
Rendered 1002/1591, time remaining: 23m 6s
Rendered 1002/1591, time remaining: 23m 6s
Rendered 1002/1591, time remaining: 23m 6s
Rendered 1002/1591, time remaining: 23m 6s
Rendered 1002/1591, time remaining: 23m 6s
Rendered 1002/1591, time remaining: 23m 6s
Rendered 1003/1591, time remaining: 23m 13s
Rendered 1003/1591, time remaining: 23m 13s
Rendered 1004/1591, time remaining: 22m 58s
Rendered 1004/1591, time remaining: 22m 58s
Rendered 1004/1591, time remaining: 22m 58s
Rendered 1004/1591, time remaining: 22m 58s
Rendered 1004/1591, time remaining: 22m 58s
Rendered 1004/1591, time remaining: 22m 58s
Rendered 1004/1591, time remaining: 22m 58s
Rendered 1004/1591, time remaining: 22m 58s
Rendered 1004/1591, time remaining: 22m 58s
Rendered 1004/1591, time remaining: 22m 58s
Rendered 1004/1591, time remaining: 22m 58s
Rendered 1004/1591, time remaining: 22m 58s
Rendered 1004/1591, time remaining: 22m 58s
Rendered 1004/1591, time remaining: 22m 58s
Rendered 1004/1591, time remaining: 22m 58s
Rendered 1005/1591, time remaining: 23m 18s
Rendered 1006/1591, time remaining: 23m 7s
Rendered 1006/1591, time remaining: 23m 7s
Rendered 1006/1591, time remaining: 23m 7s
Rendered 1006/1591, time remaining: 23m 7s
Rendered 1007/1591, time remaining: 23m 7s
Rendered 1007/1591, time remaining: 23m 7s
Rendered 1007/1591, time remaining: 23m 7s
Rendered 1007/1591, time remaining: 23m 7s
Rendered 1007/1591, time remaining: 23m 7s
Rendered 1008/1591, time remaining: 23m 2s
Rendered 1008/1591, time remaining: 23m 2s
Rendered 1008/1591, time remaining: 23m 2s
Rendered 1008/1591, time remaining: 23m 2s
Rendered 1008/1591, time remaining: 23m 2s
Rendered 1008/1591, time remaining: 23m 2s
Rendered 1008/1591, time remaining: 23m 2s
Rendered 1008/1591, time remaining: 23m 2s
Rendered 1008/1591, time remaining: 23m 2s
Rendered 1008/1591, time remaining: 23m 2s
Rendered 1008/1591, time remaining: 23m 2s
Rendered 1008/1591, time remaining: 23m 2s
Rendered 1009/1591, time remaining: 23m 6s
Rendered 1010/1591, time remaining: 22m 44s
Rendered 1010/1591, time remaining: 22m 44s
Rendered 1010/1591, time remaining: 22m 44s
Rendered 1010/1591, time remaining: 22m 44s
Rendered 1010/1591, time remaining: 22m 44s
Rendered 1010/1591, time remaining: 22m 44s
Rendered 1010/1591, time remaining: 22m 44s
Rendered 1011/1591, time remaining: 22m 54s
Rendered 1011/1591, time remaining: 22m 54s
Rendered 1012/1591, time remaining: 22m 51s
Rendered 1012/1591, time remaining: 22m 51s
Rendered 1012/1591, time remaining: 22m 51s
Rendered 1012/1591, time remaining: 22m 51s
Rendered 1012/1591, time remaining: 22m 51s
Rendered 1012/1591, time remaining: 22m 51s
Rendered 1012/1591, time remaining: 22m 51s
Rendered 1012/1591, time remaining: 22m 51s
Rendered 1012/1591, time remaining: 22m 51s
Rendered 1012/1591, time remaining: 22m 51s
Rendered 1012/1591, time remaining: 22m 51s
Rendered 1013/1591, time remaining: 23m 1s
Rendered 1014/1591, time remaining: 22m 40s
Rendered 1014/1591, time remaining: 22m 40s
Rendered 1014/1591, time remaining: 22m 40s
Rendered 1014/1591, time remaining: 22m 40s
Rendered 1014/1591, time remaining: 22m 40s
Rendered 1014/1591, time remaining: 22m 40s
Rendered 1015/1591, time remaining: 22m 45s
Rendered 1015/1591, time remaining: 22m 45s
Rendered 1015/1591, time remaining: 22m 45s
Rendered 1015/1591, time remaining: 22m 45s
Rendered 1015/1591, time remaining: 22m 45s
Rendered 1015/1591, time remaining: 22m 45s
Rendered 1015/1591, time remaining: 22m 45s
Rendered 1015/1591, time remaining: 22m 45s
Rendered 1016/1591, time remaining: 22m 45s
Rendered 1016/1591, time remaining: 22m 45s
Rendered 1016/1591, time remaining: 22m 45s
Rendered 1016/1591, time remaining: 22m 45s
Rendered 1016/1591, time remaining: 22m 45s
Rendered 1016/1591, time remaining: 22m 45s
Rendered 1016/1591, time remaining: 22m 45s
Rendered 1016/1591, time remaining: 22m 45s
Rendered 1017/1591, time remaining: 22m 51s
Rendered 1017/1591, time remaining: 22m 51s
Rendered 1018/1591, time remaining: 22m 39s
Rendered 1018/1591, time remaining: 22m 39s
Rendered 1018/1591, time remaining: 22m 39s
Rendered 1018/1591, time remaining: 22m 39s
Rendered 1018/1591, time remaining: 22m 39s
Rendered 1018/1591, time remaining: 22m 39s
Rendered 1018/1591, time remaining: 22m 39s
Rendered 1018/1591, time remaining: 22m 39s
Rendered 1019/1591, time remaining: 22m 37s
Rendered 1019/1591, time remaining: 22m 37s
Rendered 1019/1591, time remaining: 22m 37s
Rendered 1019/1591, time remaining: 22m 37s
Rendered 1020/1591, time remaining: 22m 23s
Rendered 1020/1591, time remaining: 22m 23s
Rendered 1020/1591, time remaining: 22m 23s
Rendered 1020/1591, time remaining: 22m 23s
Rendered 1020/1591, time remaining: 22m 23s
Rendered 1020/1591, time remaining: 22m 23s
Rendered 1021/1591, time remaining: 22m 30s
Rendered 1021/1591, time remaining: 22m 30s
Rendered 1021/1591, time remaining: 22m 30s
Rendered 1022/1591, time remaining: 22m 22s
Rendered 1022/1591, time remaining: 22m 22s
Rendered 1022/1591, time remaining: 22m 22s
Rendered 1022/1591, time remaining: 22m 22s
Rendered 1022/1591, time remaining: 22m 22s
Rendered 1022/1591, time remaining: 22m 22s
Rendered 1022/1591, time remaining: 22m 22s
Rendered 1022/1591, time remaining: 22m 22s
Rendered 1022/1591, time remaining: 22m 22s
Rendered 1022/1591, time remaining: 22m 22s
Rendered 1022/1591, time remaining: 22m 22s
Rendered 1022/1591, time remaining: 22m 22s
Rendered 1022/1591, time remaining: 22m 22s
Rendered 1023/1591, time remaining: 22m 30s
Rendered 1024/1591, time remaining: 22m 6s
Rendered 1024/1591, time remaining: 22m 6s
Rendered 1024/1591, time remaining: 22m 6s
Rendered 1024/1591, time remaining: 22m 6s
Rendered 1024/1591, time remaining: 22m 6s
Rendered 1024/1591, time remaining: 22m 6s
Rendered 1025/1591, time remaining: 22m 12s
Rendered 1026/1591, time remaining: 22m 9s
Rendered 1026/1591, time remaining: 22m 9s
Rendered 1026/1591, time remaining: 22m 9s
Rendered 1026/1591, time remaining: 22m 9s
Rendered 1026/1591, time remaining: 22m 9s
Rendered 1026/1591, time remaining: 22m 9s
Rendered 1026/1591, time remaining: 22m 9s
Rendered 1026/1591, time remaining: 22m 9s
Rendered 1026/1591, time remaining: 22m 9s
Rendered 1027/1591, time remaining: 22m 12s
Rendered 1027/1591, time remaining: 22m 12s
Rendered 1027/1591, time remaining: 22m 12s
Rendered 1027/1591, time remaining: 22m 12s
Rendered 1028/1591, time remaining: 21m 59s
Rendered 1028/1591, time remaining: 21m 59s
Rendered 1028/1591, time remaining: 21m 59s
Rendered 1028/1591, time remaining: 21m 59s
Rendered 1028/1591, time remaining: 21m 59s
Rendered 1028/1591, time remaining: 21m 59s
Rendered 1028/1591, time remaining: 21m 59s
Rendered 1028/1591, time remaining: 21m 59s
Rendered 1028/1591, time remaining: 21m 59s
Rendered 1029/1591, time remaining: 22m 6s
Rendered 1029/1591, time remaining: 22m 6s
Rendered 1029/1591, time remaining: 22m 6s
Rendered 1030/1591, time remaining: 22m 4s
Rendered 1030/1591, time remaining: 22m 4s
Rendered 1030/1591, time remaining: 22m 4s
Rendered 1030/1591, time remaining: 22m 4s
Rendered 1030/1591, time remaining: 22m 4s
Rendered 1030/1591, time remaining: 22m 4s
Rendered 1030/1591, time remaining: 22m 4s
Rendered 1030/1591, time remaining: 22m 4s
Rendered 1030/1591, time remaining: 22m 4s
Rendered 1030/1591, time remaining: 22m 4s
Rendered 1030/1591, time remaining: 22m 4s
Rendered 1031/1591, time remaining: 22m 13s
Rendered 1032/1591, time remaining: 22m 0s
Rendered 1032/1591, time remaining: 22m 0s
Rendered 1032/1591, time remaining: 22m 0s
Rendered 1032/1591, time remaining: 22m 0s
Rendered 1032/1591, time remaining: 22m 0s
Rendered 1032/1591, time remaining: 22m 0s
Rendered 1033/1591, time remaining: 21m 55s
Rendered 1033/1591, time remaining: 21m 55s
Rendered 1033/1591, time remaining: 21m 55s
Rendered 1033/1591, time remaining: 21m 55s
Rendered 1033/1591, time remaining: 21m 55s
Rendered 1033/1591, time remaining: 21m 55s
Rendered 1034/1591, time remaining: 22m 1s
Rendered 1034/1591, time remaining: 22m 1s
Rendered 1034/1591, time remaining: 22m 1s
Rendered 1034/1591, time remaining: 22m 1s
Rendered 1034/1591, time remaining: 22m 1s
Rendered 1034/1591, time remaining: 22m 1s
Rendered 1034/1591, time remaining: 22m 1s
Rendered 1034/1591, time remaining: 22m 1s
Rendered 1034/1591, time remaining: 22m 1s
Rendered 1034/1591, time remaining: 22m 1s
Rendered 1034/1591, time remaining: 22m 1s
Rendered 1035/1591, time remaining: 22m 8s
Rendered 1035/1591, time remaining: 22m 8s
Rendered 1035/1591, time remaining: 22m 8s
Rendered 1035/1591, time remaining: 22m 8s
Rendered 1035/1591, time remaining: 22m 8s
Rendered 1035/1591, time remaining: 22m 8s
Rendered 1036/1591, time remaining: 22m 0s
Rendered 1036/1591, time remaining: 22m 0s
Rendered 1036/1591, time remaining: 22m 0s
Rendered 1036/1591, time remaining: 22m 0s
Rendered 1036/1591, time remaining: 22m 0s
Rendered 1037/1591, time remaining: 21m 56s
Rendered 1037/1591, time remaining: 21m 56s
Rendered 1037/1591, time remaining: 21m 56s
Rendered 1037/1591, time remaining: 21m 56s
Rendered 1038/1591, time remaining: 21m 47s
Rendered 1038/1591, time remaining: 21m 47s
Rendered 1038/1591, time remaining: 21m 47s
Rendered 1038/1591, time remaining: 21m 47s
Rendered 1038/1591, time remaining: 21m 47s
Rendered 1038/1591, time remaining: 21m 47s
Rendered 1038/1591, time remaining: 21m 47s
Rendered 1038/1591, time remaining: 21m 47s
Rendered 1038/1591, time remaining: 21m 47s
Rendered 1038/1591, time remaining: 21m 47s
Rendered 1038/1591, time remaining: 21m 47s
Rendered 1039/1591, time remaining: 22m 3s
Rendered 1039/1591, time remaining: 22m 3s
Rendered 1039/1591, time remaining: 22m 3s
Rendered 1039/1591, time remaining: 22m 3s
Rendered 1039/1591, time remaining: 22m 3s
Rendered 1039/1591, time remaining: 22m 3s
Rendered 1039/1591, time remaining: 22m 3s
Rendered 1039/1591, time remaining: 22m 3s
Rendered 1039/1591, time remaining: 22m 3s
Rendered 1039/1591, time remaining: 22m 3s
Rendered 1039/1591, time remaining: 22m 3s
Rendered 1039/1591, time remaining: 22m 3s
Rendered 1039/1591, time remaining: 22m 3s
Rendered 1040/1591, time remaining: 22m 13s
Rendered 1041/1591, time remaining: 22m 8s
Rendered 1041/1591, time remaining: 22m 8s
Rendered 1041/1591, time remaining: 22m 8s
Rendered 1042/1591, time remaining: 21m 54s
Rendered 1042/1591, time remaining: 21m 54s
Rendered 1042/1591, time remaining: 21m 54s
Rendered 1042/1591, time remaining: 21m 54s
Rendered 1043/1591, time remaining: 21m 54s
Rendered 1043/1591, time remaining: 21m 54s
Rendered 1043/1591, time remaining: 21m 54s
Rendered 1043/1591, time remaining: 21m 54s
Rendered 1043/1591, time remaining: 21m 54s
Rendered 1043/1591, time remaining: 21m 54s
Rendered 1043/1591, time remaining: 21m 54s
Rendered 1043/1591, time remaining: 21m 54s
Rendered 1043/1591, time remaining: 21m 54s
Rendered 1043/1591, time remaining: 21m 54s
Rendered 1043/1591, time remaining: 21m 54s
Rendered 1043/1591, time remaining: 21m 54s
Rendered 1043/1591, time remaining: 21m 54s
Rendered 1043/1591, time remaining: 21m 54s
Rendered 1043/1591, time remaining: 21m 54s
Rendered 1044/1591, time remaining: 22m 8s
Rendered 1044/1591, time remaining: 22m 8s
Rendered 1044/1591, time remaining: 22m 8s
Rendered 1044/1591, time remaining: 22m 8s
Rendered 1045/1591, time remaining: 22m 3s
Rendered 1045/1591, time remaining: 22m 3s
Rendered 1045/1591, time remaining: 22m 3s
Rendered 1046/1591, time remaining: 21m 55s
Rendered 1046/1591, time remaining: 21m 55s
Rendered 1046/1591, time remaining: 21m 55s
Rendered 1047/1591, time remaining: 21m 50s
Rendered 1047/1591, time remaining: 21m 50s
Rendered 1047/1591, time remaining: 21m 50s
Rendered 1047/1591, time remaining: 21m 50s
Rendered 1047/1591, time remaining: 21m 50s
Rendered 1047/1591, time remaining: 21m 50s
Rendered 1047/1591, time remaining: 21m 50s
Rendered 1047/1591, time remaining: 21m 50s
Rendered 1047/1591, time remaining: 21m 50s
Rendered 1047/1591, time remaining: 21m 50s
Rendered 1047/1591, time remaining: 21m 50s
Rendered 1047/1591, time remaining: 21m 50s
Rendered 1047/1591, time remaining: 21m 50s
Rendered 1047/1591, time remaining: 21m 50s
Rendered 1047/1591, time remaining: 21m 50s
Rendered 1047/1591, time remaining: 21m 50s
Rendered 1047/1591, time remaining: 21m 50s
Rendered 1047/1591, time remaining: 21m 50s
Rendered 1047/1591, time remaining: 21m 50s
Rendered 1048/1591, time remaining: 22m 11s
Rendered 1048/1591, time remaining: 22m 11s
Rendered 1048/1591, time remaining: 22m 11s
Rendered 1048/1591, time remaining: 22m 11s
Rendered 1049/1591, time remaining: 22m 0s
Rendered 1050/1591, time remaining: 21m 53s
Rendered 1050/1591, time remaining: 21m 53s
Rendered 1050/1591, time remaining: 21m 53s
Rendered 1050/1591, time remaining: 21m 53s
Rendered 1050/1591, time remaining: 21m 53s
Rendered 1050/1591, time remaining: 21m 53s
Rendered 1051/1591, time remaining: 21m 47s
Rendered 1051/1591, time remaining: 21m 47s
Rendered 1051/1591, time remaining: 21m 47s
Rendered 1051/1591, time remaining: 21m 47s
Rendered 1051/1591, time remaining: 21m 47s
Rendered 1051/1591, time remaining: 21m 47s
Rendered 1051/1591, time remaining: 21m 47s
Rendered 1052/1591, time remaining: 21m 55s
Rendered 1052/1591, time remaining: 21m 55s
Rendered 1052/1591, time remaining: 21m 55s
Rendered 1052/1591, time remaining: 21m 55s
Rendered 1052/1591, time remaining: 21m 55s
Rendered 1052/1591, time remaining: 21m 55s
Rendered 1052/1591, time remaining: 21m 55s
Rendered 1052/1591, time remaining: 21m 55s
Rendered 1053/1591, time remaining: 21m 49s
Rendered 1053/1591, time remaining: 21m 49s
Rendered 1053/1591, time remaining: 21m 49s
Rendered 1053/1591, time remaining: 21m 49s
Rendered 1053/1591, time remaining: 21m 49s
Rendered 1054/1591, time remaining: 21m 46s
Rendered 1054/1591, time remaining: 21m 46s
Rendered 1054/1591, time remaining: 21m 46s
Rendered 1055/1591, time remaining: 21m 36s
Rendered 1055/1591, time remaining: 21m 36s
Rendered 1055/1591, time remaining: 21m 36s
Rendered 1055/1591, time remaining: 21m 36s
Rendered 1055/1591, time remaining: 21m 36s
Rendered 1055/1591, time remaining: 21m 36s
Rendered 1056/1591, time remaining: 21m 42s
Rendered 1056/1591, time remaining: 21m 42s
Rendered 1056/1591, time remaining: 21m 42s
Rendered 1056/1591, time remaining: 21m 42s
Rendered 1056/1591, time remaining: 21m 42s
Rendered 1056/1591, time remaining: 21m 42s
Rendered 1056/1591, time remaining: 21m 42s
Rendered 1056/1591, time remaining: 21m 42s
Rendered 1056/1591, time remaining: 21m 42s
Rendered 1056/1591, time remaining: 21m 42s
Rendered 1056/1591, time remaining: 21m 42s
Rendered 1056/1591, time remaining: 21m 42s
Rendered 1056/1591, time remaining: 21m 42s
Rendered 1056/1591, time remaining: 21m 42s
Rendered 1056/1591, time remaining: 21m 42s
Rendered 1056/1591, time remaining: 21m 42s
Rendered 1056/1591, time remaining: 21m 42s
Rendered 1057/1591, time remaining: 21m 57s
Rendered 1058/1591, time remaining: 21m 46s
Rendered 1058/1591, time remaining: 21m 46s
Rendered 1058/1591, time remaining: 21m 46s
Rendered 1059/1591, time remaining: 21m 34s
Rendered 1059/1591, time remaining: 21m 34s
Rendered 1059/1591, time remaining: 21m 34s
Rendered 1059/1591, time remaining: 21m 34s
Rendered 1060/1591, time remaining: 21m 37s
Rendered 1060/1591, time remaining: 21m 37s
Rendered 1060/1591, time remaining: 21m 37s
Rendered 1060/1591, time remaining: 21m 37s
Rendered 1060/1591, time remaining: 21m 37s
Rendered 1060/1591, time remaining: 21m 37s
Rendered 1060/1591, time remaining: 21m 37s
Rendered 1060/1591, time remaining: 21m 37s
Rendered 1060/1591, time remaining: 21m 37s
Rendered 1060/1591, time remaining: 21m 37s
Rendered 1060/1591, time remaining: 21m 37s
Rendered 1060/1591, time remaining: 21m 37s
Rendered 1060/1591, time remaining: 21m 37s
Rendered 1060/1591, time remaining: 21m 37s
Rendered 1060/1591, time remaining: 21m 37s
Rendered 1061/1591, time remaining: 21m 51s
Rendered 1062/1591, time remaining: 21m 38s
Rendered 1062/1591, time remaining: 21m 38s
Rendered 1062/1591, time remaining: 21m 38s
Rendered 1062/1591, time remaining: 21m 38s
Rendered 1063/1591, time remaining: 21m 30s
Rendered 1063/1591, time remaining: 21m 30s
Rendered 1064/1591, time remaining: 21m 29s
Rendered 1064/1591, time remaining: 21m 29s
Rendered 1064/1591, time remaining: 21m 29s
Rendered 1064/1591, time remaining: 21m 29s
Rendered 1064/1591, time remaining: 21m 29s
Rendered 1064/1591, time remaining: 21m 29s
Rendered 1064/1591, time remaining: 21m 29s
Rendered 1064/1591, time remaining: 21m 29s
Rendered 1065/1591, time remaining: 21m 32s
Rendered 1065/1591, time remaining: 21m 32s
Rendered 1065/1591, time remaining: 21m 32s
Rendered 1065/1591, time remaining: 21m 32s
Rendered 1065/1591, time remaining: 21m 32s
Rendered 1065/1591, time remaining: 21m 32s
Rendered 1065/1591, time remaining: 21m 32s
Rendered 1066/1591, time remaining: 21m 31s
Rendered 1066/1591, time remaining: 21m 31s
Rendered 1066/1591, time remaining: 21m 31s
Rendered 1066/1591, time remaining: 21m 31s
Rendered 1066/1591, time remaining: 21m 31s
Rendered 1066/1591, time remaining: 21m 31s
Rendered 1066/1591, time remaining: 21m 31s
Rendered 1066/1591, time remaining: 21m 31s
Rendered 1067/1591, time remaining: 21m 17s
Rendered 1068/1591, time remaining: 21m 14s
Rendered 1068/1591, time remaining: 21m 14s
Rendered 1068/1591, time remaining: 21m 14s
Rendered 1068/1591, time remaining: 21m 14s
Rendered 1068/1591, time remaining: 21m 14s
Rendered 1068/1591, time remaining: 21m 14s
Rendered 1069/1591, time remaining: 21m 19s
Rendered 1069/1591, time remaining: 21m 19s
Rendered 1069/1591, time remaining: 21m 19s
Rendered 1069/1591, time remaining: 21m 19s
Rendered 1069/1591, time remaining: 21m 19s
Rendered 1069/1591, time remaining: 21m 19s
Rendered 1069/1591, time remaining: 21m 19s
Rendered 1070/1591, time remaining: 21m 22s
Rendered 1070/1591, time remaining: 21m 22s
Rendered 1070/1591, time remaining: 21m 22s
Rendered 1070/1591, time remaining: 21m 22s
Rendered 1070/1591, time remaining: 21m 22s
Rendered 1070/1591, time remaining: 21m 22s
Rendered 1070/1591, time remaining: 21m 22s
Rendered 1070/1591, time remaining: 21m 22s
Rendered 1070/1591, time remaining: 21m 22s
Rendered 1070/1591, time remaining: 21m 22s
Rendered 1070/1591, time remaining: 21m 22s
Rendered 1070/1591, time remaining: 21m 22s
Rendered 1070/1591, time remaining: 21m 22s
Rendered 1071/1591, time remaining: 21m 19s
Rendered 1072/1591, time remaining: 21m 16s
Rendered 1072/1591, time remaining: 21m 16s
Rendered 1072/1591, time remaining: 21m 16s
Rendered 1073/1591, time remaining: 21m 11s
Rendered 1073/1591, time remaining: 21m 11s
Rendered 1073/1591, time remaining: 21m 11s
Rendered 1073/1591, time remaining: 21m 11s
Rendered 1073/1591, time remaining: 21m 11s
Rendered 1073/1591, time remaining: 21m 11s
Rendered 1074/1591, time remaining: 21m 15s
Rendered 1074/1591, time remaining: 21m 15s
Rendered 1074/1591, time remaining: 21m 15s
Rendered 1074/1591, time remaining: 21m 15s
Rendered 1074/1591, time remaining: 21m 15s
Rendered 1074/1591, time remaining: 21m 15s
Rendered 1074/1591, time remaining: 21m 15s
Rendered 1074/1591, time remaining: 21m 15s
Rendered 1074/1591, time remaining: 21m 15s
Rendered 1074/1591, time remaining: 21m 15s
Rendered 1074/1591, time remaining: 21m 15s
Rendered 1074/1591, time remaining: 21m 15s
Rendered 1075/1591, time remaining: 21m 8s
Rendered 1075/1591, time remaining: 21m 8s
Rendered 1075/1591, time remaining: 21m 8s
Rendered 1075/1591, time remaining: 21m 8s
Rendered 1075/1591, time remaining: 21m 8s
Rendered 1075/1591, time remaining: 21m 8s
Rendered 1075/1591, time remaining: 21m 8s
Rendered 1076/1591, time remaining: 21m 15s
Rendered 1076/1591, time remaining: 21m 15s
Rendered 1076/1591, time remaining: 21m 15s
Rendered 1076/1591, time remaining: 21m 15s
Rendered 1076/1591, time remaining: 21m 15s
Rendered 1076/1591, time remaining: 21m 15s
Rendered 1076/1591, time remaining: 21m 15s
Rendered 1076/1591, time remaining: 21m 15s
Rendered 1077/1591, time remaining: 21m 19s
Rendered 1078/1591, time remaining: 21m 10s
Rendered 1078/1591, time remaining: 21m 10s
Rendered 1078/1591, time remaining: 21m 10s
Rendered 1078/1591, time remaining: 21m 10s
Rendered 1078/1591, time remaining: 21m 10s
Rendered 1078/1591, time remaining: 21m 10s
Rendered 1078/1591, time remaining: 21m 10s
Rendered 1078/1591, time remaining: 21m 10s
Rendered 1078/1591, time remaining: 21m 10s
Rendered 1079/1591, time remaining: 21m 8s
Rendered 1079/1591, time remaining: 21m 8s
Rendered 1080/1591, time remaining: 21m 3s
Rendered 1080/1591, time remaining: 21m 3s
Rendered 1080/1591, time remaining: 21m 3s
Rendered 1080/1591, time remaining: 21m 3s
Rendered 1080/1591, time remaining: 21m 3s
Rendered 1080/1591, time remaining: 21m 3s
Rendered 1080/1591, time remaining: 21m 3s
Rendered 1080/1591, time remaining: 21m 3s
Rendered 1080/1591, time remaining: 21m 3s
Rendered 1080/1591, time remaining: 21m 3s
Rendered 1080/1591, time remaining: 21m 3s
Rendered 1080/1591, time remaining: 21m 3s
Rendered 1080/1591, time remaining: 21m 3s
Rendered 1080/1591, time remaining: 21m 3s
Rendered 1080/1591, time remaining: 21m 3s
Rendered 1080/1591, time remaining: 21m 3s
Rendered 1080/1591, time remaining: 21m 3s
Rendered 1080/1591, time remaining: 21m 3s
Rendered 1081/1591, time remaining: 21m 15s
Rendered 1081/1591, time remaining: 21m 15s
Rendered 1081/1591, time remaining: 21m 15s
Rendered 1082/1591, time remaining: 21m 16s
Rendered 1083/1591, time remaining: 21m 5s
Rendered 1083/1591, time remaining: 21m 5s
Rendered 1083/1591, time remaining: 21m 5s
Rendered 1083/1591, time remaining: 21m 5s
Rendered 1083/1591, time remaining: 21m 5s
Rendered 1083/1591, time remaining: 21m 5s
Rendered 1084/1591, time remaining: 21m 8s
Rendered 1084/1591, time remaining: 21m 8s
Rendered 1084/1591, time remaining: 21m 8s
Rendered 1084/1591, time remaining: 21m 8s
Rendered 1084/1591, time remaining: 21m 8s
Rendered 1084/1591, time remaining: 21m 8s
Rendered 1084/1591, time remaining: 21m 8s
Rendered 1084/1591, time remaining: 21m 8s
Rendered 1084/1591, time remaining: 21m 8s
Rendered 1084/1591, time remaining: 21m 8s
Rendered 1084/1591, time remaining: 21m 8s
Rendered 1085/1591, time remaining: 21m 12s
Rendered 1085/1591, time remaining: 21m 12s
Rendered 1085/1591, time remaining: 21m 12s
Rendered 1085/1591, time remaining: 21m 12s
Rendered 1085/1591, time remaining: 21m 12s
Rendered 1085/1591, time remaining: 21m 12s
Rendered 1085/1591, time remaining: 21m 12s
Rendered 1085/1591, time remaining: 21m 12s
Rendered 1085/1591, time remaining: 21m 12s
Rendered 1086/1591, time remaining: 21m 8s
Rendered 1087/1591, time remaining: 21m 3s
Rendered 1087/1591, time remaining: 21m 3s
Rendered 1087/1591, time remaining: 21m 3s
Rendered 1087/1591, time remaining: 21m 3s
Rendered 1088/1591, time remaining: 20m 57s
Rendered 1088/1591, time remaining: 20m 57s
Rendered 1088/1591, time remaining: 20m 57s
Rendered 1088/1591, time remaining: 20m 57s
Rendered 1088/1591, time remaining: 20m 57s
Rendered 1089/1591, time remaining: 20m 49s
Rendered 1089/1591, time remaining: 20m 49s
Rendered 1089/1591, time remaining: 20m 49s
Rendered 1089/1591, time remaining: 20m 49s
Rendered 1089/1591, time remaining: 20m 49s
Rendered 1089/1591, time remaining: 20m 49s
Rendered 1089/1591, time remaining: 20m 49s
Rendered 1089/1591, time remaining: 20m 49s
Rendered 1089/1591, time remaining: 20m 49s
Rendered 1089/1591, time remaining: 20m 49s
Rendered 1089/1591, time remaining: 20m 49s
Rendered 1089/1591, time remaining: 20m 49s
Rendered 1089/1591, time remaining: 20m 49s
Rendered 1089/1591, time remaining: 20m 49s
Rendered 1090/1591, time remaining: 21m 9s
Rendered 1090/1591, time remaining: 21m 9s
Rendered 1090/1591, time remaining: 21m 9s
Rendered 1090/1591, time remaining: 21m 9s
Rendered 1090/1591, time remaining: 21m 9s
Rendered 1091/1591, time remaining: 21m 5s
Rendered 1092/1591, time remaining: 20m 53s
Rendered 1092/1591, time remaining: 20m 53s
Rendered 1092/1591, time remaining: 20m 53s
Rendered 1092/1591, time remaining: 20m 53s
Rendered 1092/1591, time remaining: 20m 53s
Rendered 1093/1591, time remaining: 20m 48s
Rendered 1093/1591, time remaining: 20m 48s
Rendered 1093/1591, time remaining: 20m 48s
Rendered 1093/1591, time remaining: 20m 48s
Rendered 1093/1591, time remaining: 20m 48s
Rendered 1093/1591, time remaining: 20m 48s
Rendered 1093/1591, time remaining: 20m 48s
Rendered 1093/1591, time remaining: 20m 48s
Rendered 1093/1591, time remaining: 20m 48s
Rendered 1093/1591, time remaining: 20m 48s
Rendered 1093/1591, time remaining: 20m 48s
Rendered 1093/1591, time remaining: 20m 48s
Rendered 1093/1591, time remaining: 20m 48s
Rendered 1094/1591, time remaining: 21m 4s
Rendered 1094/1591, time remaining: 21m 4s
Rendered 1094/1591, time remaining: 21m 4s
Rendered 1095/1591, time remaining: 20m 57s
Rendered 1095/1591, time remaining: 20m 57s
Rendered 1095/1591, time remaining: 20m 57s
Rendered 1096/1591, time remaining: 20m 47s
Rendered 1096/1591, time remaining: 20m 47s
Rendered 1097/1591, time remaining: 20m 36s
Rendered 1097/1591, time remaining: 20m 36s
Rendered 1097/1591, time remaining: 20m 36s
Rendered 1097/1591, time remaining: 20m 36s
Rendered 1097/1591, time remaining: 20m 36s
Rendered 1097/1591, time remaining: 20m 36s
Rendered 1097/1591, time remaining: 20m 36s
Rendered 1097/1591, time remaining: 20m 36s
Rendered 1097/1591, time remaining: 20m 36s
Rendered 1097/1591, time remaining: 20m 36s
Rendered 1097/1591, time remaining: 20m 36s
Rendered 1097/1591, time remaining: 20m 36s
Rendered 1097/1591, time remaining: 20m 36s
Rendered 1098/1591, time remaining: 20m 50s
Rendered 1098/1591, time remaining: 20m 50s
Rendered 1098/1591, time remaining: 20m 50s
Rendered 1099/1591, time remaining: 20m 45s
Rendered 1099/1591, time remaining: 20m 45s
Rendered 1099/1591, time remaining: 20m 45s
Rendered 1099/1591, time remaining: 20m 45s
Rendered 1099/1591, time remaining: 20m 45s
Rendered 1099/1591, time remaining: 20m 45s
Rendered 1099/1591, time remaining: 20m 45s
Rendered 1100/1591, time remaining: 20m 30s
Rendered 1100/1591, time remaining: 20m 30s
Rendered 1101/1591, time remaining: 20m 14s
Rendered 1101/1591, time remaining: 20m 14s
Rendered 1101/1591, time remaining: 20m 14s
Rendered 1101/1591, time remaining: 20m 14s
Rendered 1101/1591, time remaining: 20m 14s
Rendered 1101/1591, time remaining: 20m 14s
Rendered 1101/1591, time remaining: 20m 14s
Rendered 1101/1591, time remaining: 20m 14s
Rendered 1101/1591, time remaining: 20m 14s
Rendered 1101/1591, time remaining: 20m 14s
Rendered 1101/1591, time remaining: 20m 14s
Rendered 1101/1591, time remaining: 20m 14s
Rendered 1101/1591, time remaining: 20m 14s
Rendered 1101/1591, time remaining: 20m 14s
Rendered 1102/1591, time remaining: 20m 33s
Rendered 1103/1591, time remaining: 20m 30s
Rendered 1103/1591, time remaining: 20m 30s
Rendered 1103/1591, time remaining: 20m 30s
Rendered 1103/1591, time remaining: 20m 30s
Rendered 1103/1591, time remaining: 20m 30s
Rendered 1104/1591, time remaining: 20m 22s
Rendered 1104/1591, time remaining: 20m 22s
Rendered 1104/1591, time remaining: 20m 22s
Rendered 1104/1591, time remaining: 20m 22s
Rendered 1104/1591, time remaining: 20m 22s
Rendered 1104/1591, time remaining: 20m 22s
Rendered 1105/1591, time remaining: 19m 55s
Rendered 1105/1591, time remaining: 19m 55s
Rendered 1105/1591, time remaining: 19m 55s
Rendered 1105/1591, time remaining: 19m 55s
Rendered 1105/1591, time remaining: 19m 55s
Rendered 1105/1591, time remaining: 19m 55s
Rendered 1105/1591, time remaining: 19m 55s
Rendered 1106/1591, time remaining: 20m 3s
Rendered 1106/1591, time remaining: 20m 3s
Rendered 1106/1591, time remaining: 20m 3s
Rendered 1106/1591, time remaining: 20m 3s
Rendered 1106/1591, time remaining: 20m 3s
Rendered 1106/1591, time remaining: 20m 3s
Rendered 1106/1591, time remaining: 20m 3s
Rendered 1106/1591, time remaining: 20m 3s
Rendered 1106/1591, time remaining: 20m 3s
Rendered 1107/1591, time remaining: 20m 13s
Rendered 1107/1591, time remaining: 20m 13s
Rendered 1107/1591, time remaining: 20m 13s
Rendered 1107/1591, time remaining: 20m 13s
Rendered 1108/1591, time remaining: 20m 14s
Rendered 1108/1591, time remaining: 20m 14s
Rendered 1108/1591, time remaining: 20m 14s
Rendered 1108/1591, time remaining: 20m 14s
Rendered 1109/1591, time remaining: 19m 55s
Rendered 1109/1591, time remaining: 19m 55s
Rendered 1109/1591, time remaining: 19m 55s
Rendered 1109/1591, time remaining: 19m 55s
Rendered 1109/1591, time remaining: 19m 55s
Rendered 1110/1591, time remaining: 19m 50s
Rendered 1110/1591, time remaining: 19m 50s
Rendered 1110/1591, time remaining: 19m 50s
Rendered 1110/1591, time remaining: 19m 50s
Rendered 1110/1591, time remaining: 19m 50s
Rendered 1110/1591, time remaining: 19m 50s
Rendered 1110/1591, time remaining: 19m 50s
Rendered 1110/1591, time remaining: 19m 50s
Rendered 1110/1591, time remaining: 19m 50s
Rendered 1111/1591, time remaining: 20m 1s
Rendered 1111/1591, time remaining: 20m 1s
Rendered 1111/1591, time remaining: 20m 1s
Rendered 1111/1591, time remaining: 20m 1s
Rendered 1111/1591, time remaining: 20m 1s
Rendered 1112/1591, time remaining: 19m 58s
Rendered 1112/1591, time remaining: 19m 58s
Rendered 1112/1591, time remaining: 19m 58s
Rendered 1112/1591, time remaining: 19m 58s
Rendered 1112/1591, time remaining: 19m 58s
Rendered 1112/1591, time remaining: 19m 58s
Rendered 1112/1591, time remaining: 19m 58s
Rendered 1113/1591, time remaining: 19m 51s
Rendered 1114/1591, time remaining: 19m 45s
Rendered 1114/1591, time remaining: 19m 45s
Rendered 1114/1591, time remaining: 19m 45s
Rendered 1114/1591, time remaining: 19m 45s
Rendered 1114/1591, time remaining: 19m 45s
Rendered 1114/1591, time remaining: 19m 45s
Rendered 1114/1591, time remaining: 19m 45s
Rendered 1114/1591, time remaining: 19m 45s
Rendered 1114/1591, time remaining: 19m 45s
Rendered 1114/1591, time remaining: 19m 45s
Rendered 1114/1591, time remaining: 19m 45s
Rendered 1115/1591, time remaining: 19m 48s
Rendered 1115/1591, time remaining: 19m 48s
Rendered 1115/1591, time remaining: 19m 48s
Rendered 1116/1591, time remaining: 19m 49s
Rendered 1116/1591, time remaining: 19m 49s
Rendered 1116/1591, time remaining: 19m 49s
Rendered 1116/1591, time remaining: 19m 49s
Rendered 1116/1591, time remaining: 19m 49s
Rendered 1116/1591, time remaining: 19m 49s
Rendered 1116/1591, time remaining: 19m 49s
Rendered 1116/1591, time remaining: 19m 49s
Rendered 1117/1591, time remaining: 19m 46s
Rendered 1117/1591, time remaining: 19m 46s
Rendered 1117/1591, time remaining: 19m 46s
Rendered 1118/1591, time remaining: 19m 40s
Rendered 1118/1591, time remaining: 19m 40s
Rendered 1118/1591, time remaining: 19m 40s
Rendered 1118/1591, time remaining: 19m 40s
Rendered 1118/1591, time remaining: 19m 40s
Rendered 1118/1591, time remaining: 19m 40s
Rendered 1118/1591, time remaining: 19m 40s
Rendered 1119/1591, time remaining: 19m 35s
Rendered 1119/1591, time remaining: 19m 35s
Rendered 1119/1591, time remaining: 19m 35s
Rendered 1119/1591, time remaining: 19m 35s
Rendered 1119/1591, time remaining: 19m 35s
Rendered 1119/1591, time remaining: 19m 35s
Rendered 1119/1591, time remaining: 19m 35s
Rendered 1119/1591, time remaining: 19m 35s
Rendered 1119/1591, time remaining: 19m 35s
Rendered 1119/1591, time remaining: 19m 35s
Rendered 1120/1591, time remaining: 19m 42s
Rendered 1120/1591, time remaining: 19m 42s
Rendered 1120/1591, time remaining: 19m 42s
Rendered 1120/1591, time remaining: 19m 42s
Rendered 1120/1591, time remaining: 19m 42s
Rendered 1120/1591, time remaining: 19m 42s
Rendered 1120/1591, time remaining: 19m 42s
Rendered 1120/1591, time remaining: 19m 42s
Rendered 1121/1591, time remaining: 19m 42s
Rendered 1121/1591, time remaining: 19m 42s
Rendered 1121/1591, time remaining: 19m 42s
Rendered 1122/1591, time remaining: 19m 38s
Rendered 1122/1591, time remaining: 19m 38s
Rendered 1122/1591, time remaining: 19m 38s
Rendered 1123/1591, time remaining: 19m 18s
Rendered 1123/1591, time remaining: 19m 18s
Rendered 1123/1591, time remaining: 19m 18s
Rendered 1123/1591, time remaining: 19m 18s
Rendered 1123/1591, time remaining: 19m 18s
Rendered 1123/1591, time remaining: 19m 18s
Rendered 1123/1591, time remaining: 19m 18s
Rendered 1123/1591, time remaining: 19m 18s
Rendered 1123/1591, time remaining: 19m 18s
Rendered 1123/1591, time remaining: 19m 18s
Rendered 1123/1591, time remaining: 19m 18s
Rendered 1123/1591, time remaining: 19m 18s
Rendered 1123/1591, time remaining: 19m 18s
Rendered 1124/1591, time remaining: 19m 34s
Rendered 1124/1591, time remaining: 19m 34s
Rendered 1124/1591, time remaining: 19m 34s
Rendered 1124/1591, time remaining: 19m 34s
Rendered 1124/1591, time remaining: 19m 34s
Rendered 1124/1591, time remaining: 19m 34s
Rendered 1124/1591, time remaining: 19m 34s
Rendered 1125/1591, time remaining: 19m 34s
Rendered 1125/1591, time remaining: 19m 34s
Rendered 1125/1591, time remaining: 19m 34s
Rendered 1125/1591, time remaining: 19m 34s
Rendered 1125/1591, time remaining: 19m 34s
Rendered 1126/1591, time remaining: 19m 29s
Rendered 1126/1591, time remaining: 19m 29s
Rendered 1127/1591, time remaining: 19m 17s
Rendered 1127/1591, time remaining: 19m 17s
Rendered 1127/1591, time remaining: 19m 17s
Rendered 1127/1591, time remaining: 19m 17s
Rendered 1127/1591, time remaining: 19m 17s
Rendered 1127/1591, time remaining: 19m 17s
Rendered 1127/1591, time remaining: 19m 17s
Rendered 1128/1591, time remaining: 19m 23s
Rendered 1128/1591, time remaining: 19m 23s
Rendered 1128/1591, time remaining: 19m 23s
Rendered 1128/1591, time remaining: 19m 23s
Rendered 1128/1591, time remaining: 19m 23s
Rendered 1128/1591, time remaining: 19m 23s
Rendered 1128/1591, time remaining: 19m 23s
Rendered 1128/1591, time remaining: 19m 23s
Rendered 1128/1591, time remaining: 19m 23s
Rendered 1128/1591, time remaining: 19m 23s
Rendered 1128/1591, time remaining: 19m 23s
Rendered 1128/1591, time remaining: 19m 23s
Rendered 1128/1591, time remaining: 19m 23s
Rendered 1128/1591, time remaining: 19m 23s
Rendered 1128/1591, time remaining: 19m 23s
Rendered 1129/1591, time remaining: 19m 34s
Rendered 1130/1591, time remaining: 19m 21s
Rendered 1130/1591, time remaining: 19m 21s
Rendered 1131/1591, time remaining: 19m 3s
Rendered 1131/1591, time remaining: 19m 3s
Rendered 1131/1591, time remaining: 19m 3s
Rendered 1131/1591, time remaining: 19m 3s
Rendered 1131/1591, time remaining: 19m 3s
Rendered 1131/1591, time remaining: 19m 3s
Rendered 1131/1591, time remaining: 19m 3s
Rendered 1131/1591, time remaining: 19m 3s
Rendered 1132/1591, time remaining: 19m 10s
Rendered 1132/1591, time remaining: 19m 10s
Rendered 1132/1591, time remaining: 19m 10s
Rendered 1132/1591, time remaining: 19m 10s
Rendered 1132/1591, time remaining: 19m 10s
Rendered 1132/1591, time remaining: 19m 10s
Rendered 1132/1591, time remaining: 19m 10s
Rendered 1132/1591, time remaining: 19m 10s
Rendered 1132/1591, time remaining: 19m 10s
Rendered 1133/1591, time remaining: 19m 19s
Rendered 1133/1591, time remaining: 19m 19s
Rendered 1133/1591, time remaining: 19m 19s
Rendered 1133/1591, time remaining: 19m 19s
Rendered 1133/1591, time remaining: 19m 19s
Rendered 1133/1591, time remaining: 19m 19s
Rendered 1133/1591, time remaining: 19m 19s
Rendered 1134/1591, time remaining: 19m 20s
Rendered 1135/1591, time remaining: 19m 2s
Rendered 1135/1591, time remaining: 19m 2s
Rendered 1135/1591, time remaining: 19m 2s
Rendered 1135/1591, time remaining: 19m 2s
Rendered 1135/1591, time remaining: 19m 2s
Rendered 1135/1591, time remaining: 19m 2s
Rendered 1135/1591, time remaining: 19m 2s
Rendered 1135/1591, time remaining: 19m 2s
Rendered 1135/1591, time remaining: 19m 2s
Rendered 1135/1591, time remaining: 19m 2s
Rendered 1135/1591, time remaining: 19m 2s
Rendered 1135/1591, time remaining: 19m 2s
Rendered 1135/1591, time remaining: 19m 2s
Rendered 1136/1591, time remaining: 19m 18s
Rendered 1137/1591, time remaining: 18m 59s
Rendered 1137/1591, time remaining: 18m 59s
Rendered 1137/1591, time remaining: 18m 59s
Rendered 1137/1591, time remaining: 18m 59s
Rendered 1137/1591, time remaining: 18m 59s
Rendered 1137/1591, time remaining: 18m 59s
Rendered 1138/1591, time remaining: 19m 5s
Rendered 1138/1591, time remaining: 19m 5s
Rendered 1138/1591, time remaining: 19m 5s
Rendered 1138/1591, time remaining: 19m 5s
Rendered 1138/1591, time remaining: 19m 5s
Rendered 1138/1591, time remaining: 19m 5s
Rendered 1139/1591, time remaining: 19m 0s
Rendered 1139/1591, time remaining: 19m 0s
Rendered 1139/1591, time remaining: 19m 0s
Rendered 1139/1591, time remaining: 19m 0s
Rendered 1139/1591, time remaining: 19m 0s
Rendered 1139/1591, time remaining: 19m 0s
Rendered 1139/1591, time remaining: 19m 0s
Rendered 1139/1591, time remaining: 19m 0s
Rendered 1139/1591, time remaining: 19m 0s
Rendered 1139/1591, time remaining: 19m 0s
Rendered 1140/1591, time remaining: 19m 10s
Rendered 1141/1591, time remaining: 18m 56s
Rendered 1141/1591, time remaining: 18m 56s
Rendered 1141/1591, time remaining: 18m 56s
Rendered 1141/1591, time remaining: 18m 56s
Rendered 1141/1591, time remaining: 18m 56s
Rendered 1141/1591, time remaining: 18m 56s
Rendered 1141/1591, time remaining: 18m 56s
Rendered 1141/1591, time remaining: 18m 56s
Rendered 1141/1591, time remaining: 18m 56s
Rendered 1142/1591, time remaining: 19m 4s
Rendered 1142/1591, time remaining: 19m 4s
Rendered 1143/1591, time remaining: 18m 48s
Rendered 1143/1591, time remaining: 18m 48s
Rendered 1143/1591, time remaining: 18m 48s
Rendered 1143/1591, time remaining: 18m 48s
Rendered 1143/1591, time remaining: 18m 48s
Rendered 1143/1591, time remaining: 18m 48s
Rendered 1143/1591, time remaining: 18m 48s
Rendered 1143/1591, time remaining: 18m 48s
Rendered 1143/1591, time remaining: 18m 48s
Rendered 1143/1591, time remaining: 18m 48s
Rendered 1143/1591, time remaining: 18m 48s
Rendered 1143/1591, time remaining: 18m 48s
Rendered 1143/1591, time remaining: 18m 48s
Rendered 1143/1591, time remaining: 18m 48s
Rendered 1144/1591, time remaining: 19m 6s
Rendered 1144/1591, time remaining: 19m 6s
Rendered 1144/1591, time remaining: 19m 6s
Rendered 1144/1591, time remaining: 19m 6s
Rendered 1144/1591, time remaining: 19m 6s
Rendered 1145/1591, time remaining: 19m 0s
Rendered 1145/1591, time remaining: 19m 0s
Rendered 1146/1591, time remaining: 18m 59s
Rendered 1146/1591, time remaining: 18m 59s
Rendered 1146/1591, time remaining: 18m 59s
Rendered 1147/1591, time remaining: 18m 44s
Rendered 1147/1591, time remaining: 18m 44s
Rendered 1147/1591, time remaining: 18m 44s
Rendered 1147/1591, time remaining: 18m 44s
Rendered 1147/1591, time remaining: 18m 44s
Rendered 1147/1591, time remaining: 18m 44s
Rendered 1147/1591, time remaining: 18m 44s
Rendered 1147/1591, time remaining: 18m 44s
Rendered 1147/1591, time remaining: 18m 44s
Rendered 1147/1591, time remaining: 18m 44s
Rendered 1147/1591, time remaining: 18m 44s
Rendered 1147/1591, time remaining: 18m 44s
Rendered 1147/1591, time remaining: 18m 44s
Rendered 1147/1591, time remaining: 18m 44s
Rendered 1147/1591, time remaining: 18m 44s
Rendered 1147/1591, time remaining: 18m 44s
Rendered 1148/1591, time remaining: 19m 4s
Rendered 1149/1591, time remaining: 18m 44s
Rendered 1149/1591, time remaining: 18m 44s
Rendered 1149/1591, time remaining: 18m 44s
Rendered 1150/1591, time remaining: 18m 42s
Rendered 1150/1591, time remaining: 18m 42s
Rendered 1150/1591, time remaining: 18m 42s
Rendered 1150/1591, time remaining: 18m 42s
Rendered 1151/1591, time remaining: 18m 35s
Rendered 1151/1591, time remaining: 18m 35s
Rendered 1151/1591, time remaining: 18m 35s
Rendered 1151/1591, time remaining: 18m 35s
Rendered 1151/1591, time remaining: 18m 35s
Rendered 1151/1591, time remaining: 18m 35s
Rendered 1151/1591, time remaining: 18m 35s
Rendered 1151/1591, time remaining: 18m 35s
Rendered 1151/1591, time remaining: 18m 35s
Rendered 1151/1591, time remaining: 18m 35s
Rendered 1151/1591, time remaining: 18m 35s
Rendered 1151/1591, time remaining: 18m 35s
Rendered 1152/1591, time remaining: 18m 48s
Rendered 1152/1591, time remaining: 18m 48s
Rendered 1152/1591, time remaining: 18m 48s
Rendered 1152/1591, time remaining: 18m 48s
Rendered 1153/1591, time remaining: 18m 38s
Rendered 1153/1591, time remaining: 18m 38s
Rendered 1154/1591, time remaining: 18m 36s
Rendered 1154/1591, time remaining: 18m 36s
Rendered 1154/1591, time remaining: 18m 36s
Rendered 1154/1591, time remaining: 18m 36s
Rendered 1154/1591, time remaining: 18m 36s
Rendered 1155/1591, time remaining: 18m 20s
Rendered 1155/1591, time remaining: 18m 20s
Rendered 1155/1591, time remaining: 18m 20s
Rendered 1155/1591, time remaining: 18m 20s
Rendered 1155/1591, time remaining: 18m 20s
Rendered 1155/1591, time remaining: 18m 20s
Rendered 1155/1591, time remaining: 18m 20s
Rendered 1156/1591, time remaining: 18m 25s
Rendered 1156/1591, time remaining: 18m 25s
Rendered 1156/1591, time remaining: 18m 25s
Rendered 1156/1591, time remaining: 18m 25s
Rendered 1156/1591, time remaining: 18m 25s
Rendered 1156/1591, time remaining: 18m 25s
Rendered 1157/1591, time remaining: 18m 26s
Rendered 1157/1591, time remaining: 18m 26s
Rendered 1158/1591, time remaining: 18m 19s
Rendered 1158/1591, time remaining: 18m 19s
Rendered 1158/1591, time remaining: 18m 19s
Rendered 1158/1591, time remaining: 18m 19s
Rendered 1158/1591, time remaining: 18m 19s
Rendered 1158/1591, time remaining: 18m 19s
Rendered 1159/1591, time remaining: 18m 7s
Rendered 1159/1591, time remaining: 18m 7s
Rendered 1159/1591, time remaining: 18m 7s
Rendered 1159/1591, time remaining: 18m 7s
Rendered 1159/1591, time remaining: 18m 7s
Rendered 1159/1591, time remaining: 18m 7s
Rendered 1159/1591, time remaining: 18m 7s
Rendered 1160/1591, time remaining: 18m 14s
Rendered 1160/1591, time remaining: 18m 14s
Rendered 1160/1591, time remaining: 18m 14s
Rendered 1160/1591, time remaining: 18m 14s
Rendered 1160/1591, time remaining: 18m 14s
Rendered 1160/1591, time remaining: 18m 14s
Rendered 1160/1591, time remaining: 18m 14s
Rendered 1161/1591, time remaining: 18m 11s
Rendered 1161/1591, time remaining: 18m 11s
Rendered 1162/1591, time remaining: 18m 9s
Rendered 1162/1591, time remaining: 18m 9s
Rendered 1162/1591, time remaining: 18m 9s
Rendered 1162/1591, time remaining: 18m 9s
Rendered 1163/1591, time remaining: 17m 56s
Rendered 1163/1591, time remaining: 17m 56s
Rendered 1163/1591, time remaining: 17m 56s
Rendered 1163/1591, time remaining: 17m 56s
Rendered 1163/1591, time remaining: 17m 56s
Rendered 1164/1591, time remaining: 18m 0s
Rendered 1164/1591, time remaining: 18m 0s
Rendered 1164/1591, time remaining: 18m 0s
Rendered 1164/1591, time remaining: 18m 0s
Rendered 1164/1591, time remaining: 18m 0s
Rendered 1164/1591, time remaining: 18m 0s
Rendered 1164/1591, time remaining: 18m 0s
Rendered 1164/1591, time remaining: 18m 0s
Rendered 1165/1591, time remaining: 18m 0s
Rendered 1165/1591, time remaining: 18m 0s
Rendered 1165/1591, time remaining: 18m 0s
Rendered 1165/1591, time remaining: 18m 0s
Rendered 1165/1591, time remaining: 18m 0s
Rendered 1166/1591, time remaining: 17m 52s
Rendered 1166/1591, time remaining: 17m 52s
Rendered 1166/1591, time remaining: 17m 52s
Rendered 1167/1591, time remaining: 17m 43s
Rendered 1167/1591, time remaining: 17m 43s
Rendered 1167/1591, time remaining: 17m 43s
Rendered 1167/1591, time remaining: 17m 43s
Rendered 1167/1591, time remaining: 17m 43s
Rendered 1167/1591, time remaining: 17m 43s
Rendered 1167/1591, time remaining: 17m 43s
Rendered 1167/1591, time remaining: 17m 43s
Rendered 1167/1591, time remaining: 17m 43s
Rendered 1168/1591, time remaining: 17m 52s
Rendered 1168/1591, time remaining: 17m 52s
Rendered 1168/1591, time remaining: 17m 52s
Rendered 1168/1591, time remaining: 17m 52s
Rendered 1168/1591, time remaining: 17m 52s
Rendered 1168/1591, time remaining: 17m 52s
Rendered 1169/1591, time remaining: 17m 45s
Rendered 1169/1591, time remaining: 17m 45s
Rendered 1169/1591, time remaining: 17m 45s
Rendered 1170/1591, time remaining: 17m 41s
Rendered 1170/1591, time remaining: 17m 41s
Rendered 1170/1591, time remaining: 17m 41s
Rendered 1170/1591, time remaining: 17m 41s
Rendered 1171/1591, time remaining: 17m 35s
Rendered 1171/1591, time remaining: 17m 35s
Rendered 1171/1591, time remaining: 17m 35s
Rendered 1171/1591, time remaining: 17m 35s
Rendered 1171/1591, time remaining: 17m 35s
Rendered 1171/1591, time remaining: 17m 35s
Rendered 1171/1591, time remaining: 17m 35s
Rendered 1171/1591, time remaining: 17m 35s
Rendered 1171/1591, time remaining: 17m 35s
Rendered 1172/1591, time remaining: 17m 42s
Rendered 1172/1591, time remaining: 17m 42s
Rendered 1172/1591, time remaining: 17m 42s
Rendered 1172/1591, time remaining: 17m 42s
Rendered 1172/1591, time remaining: 17m 42s
Rendered 1172/1591, time remaining: 17m 42s
Rendered 1172/1591, time remaining: 17m 42s
Rendered 1173/1591, time remaining: 17m 31s
Rendered 1173/1591, time remaining: 17m 31s
Rendered 1173/1591, time remaining: 17m 31s
Rendered 1174/1591, time remaining: 17m 32s
Rendered 1174/1591, time remaining: 17m 32s
Rendered 1174/1591, time remaining: 17m 32s
Rendered 1174/1591, time remaining: 17m 32s
Rendered 1175/1591, time remaining: 17m 27s
Rendered 1175/1591, time remaining: 17m 27s
Rendered 1175/1591, time remaining: 17m 27s
Rendered 1175/1591, time remaining: 17m 27s
Rendered 1175/1591, time remaining: 17m 27s
Rendered 1175/1591, time remaining: 17m 27s
Rendered 1175/1591, time remaining: 17m 27s
Rendered 1175/1591, time remaining: 17m 27s
Rendered 1175/1591, time remaining: 17m 27s
Rendered 1176/1591, time remaining: 17m 33s
Rendered 1176/1591, time remaining: 17m 33s
Rendered 1176/1591, time remaining: 17m 33s
Rendered 1176/1591, time remaining: 17m 33s
Rendered 1176/1591, time remaining: 17m 33s
Rendered 1176/1591, time remaining: 17m 33s
Rendered 1177/1591, time remaining: 17m 27s
Rendered 1177/1591, time remaining: 17m 27s
Rendered 1177/1591, time remaining: 17m 27s
Rendered 1177/1591, time remaining: 17m 27s
Rendered 1178/1591, time remaining: 17m 25s
Rendered 1178/1591, time remaining: 17m 25s
Rendered 1178/1591, time remaining: 17m 25s
Rendered 1178/1591, time remaining: 17m 25s
Rendered 1179/1591, time remaining: 17m 16s
Rendered 1179/1591, time remaining: 17m 16s
Rendered 1179/1591, time remaining: 17m 16s
Rendered 1179/1591, time remaining: 17m 16s
Rendered 1179/1591, time remaining: 17m 16s
Rendered 1179/1591, time remaining: 17m 16s
Rendered 1179/1591, time remaining: 17m 16s
Rendered 1179/1591, time remaining: 17m 16s
Rendered 1179/1591, time remaining: 17m 16s
Rendered 1180/1591, time remaining: 17m 21s
Rendered 1180/1591, time remaining: 17m 21s
Rendered 1180/1591, time remaining: 17m 21s
Rendered 1180/1591, time remaining: 17m 21s
Rendered 1180/1591, time remaining: 17m 21s
Rendered 1181/1591, time remaining: 17m 11s
Rendered 1181/1591, time remaining: 17m 11s
Rendered 1181/1591, time remaining: 17m 11s
Rendered 1181/1591, time remaining: 17m 11s
Rendered 1182/1591, time remaining: 17m 11s
Rendered 1182/1591, time remaining: 17m 11s
Rendered 1182/1591, time remaining: 17m 11s
Rendered 1182/1591, time remaining: 17m 11s
Rendered 1182/1591, time remaining: 17m 11s
Rendered 1182/1591, time remaining: 17m 11s
Rendered 1182/1591, time remaining: 17m 11s
Rendered 1182/1591, time remaining: 17m 11s
Rendered 1182/1591, time remaining: 17m 11s
Rendered 1183/1591, time remaining: 17m 14s
Rendered 1183/1591, time remaining: 17m 14s
Rendered 1184/1591, time remaining: 17m 5s
Rendered 1184/1591, time remaining: 17m 5s
Rendered 1184/1591, time remaining: 17m 5s
Rendered 1184/1591, time remaining: 17m 5s
Rendered 1184/1591, time remaining: 17m 5s
Rendered 1185/1591, time remaining: 16m 55s
Rendered 1185/1591, time remaining: 16m 55s
Rendered 1185/1591, time remaining: 16m 55s
Rendered 1185/1591, time remaining: 16m 55s
Rendered 1185/1591, time remaining: 16m 55s
Rendered 1185/1591, time remaining: 16m 55s
Rendered 1185/1591, time remaining: 16m 55s
Rendered 1185/1591, time remaining: 16m 55s
Rendered 1186/1591, time remaining: 16m 56s
Rendered 1186/1591, time remaining: 16m 56s
Rendered 1186/1591, time remaining: 16m 56s
Rendered 1186/1591, time remaining: 16m 56s
Rendered 1186/1591, time remaining: 16m 56s
Rendered 1186/1591, time remaining: 16m 56s
Rendered 1187/1591, time remaining: 16m 54s
Rendered 1187/1591, time remaining: 16m 54s
Rendered 1187/1591, time remaining: 16m 54s
Rendered 1188/1591, time remaining: 16m 50s
Rendered 1188/1591, time remaining: 16m 50s
Rendered 1188/1591, time remaining: 16m 50s
Rendered 1188/1591, time remaining: 16m 50s
Rendered 1188/1591, time remaining: 16m 50s
Rendered 1188/1591, time remaining: 16m 50s
Rendered 1188/1591, time remaining: 16m 50s
Rendered 1188/1591, time remaining: 16m 50s
Rendered 1189/1591, time remaining: 16m 44s
Rendered 1189/1591, time remaining: 16m 44s
Rendered 1189/1591, time remaining: 16m 44s
Rendered 1189/1591, time remaining: 16m 44s
Rendered 1190/1591, time remaining: 16m 29s
Rendered 1190/1591, time remaining: 16m 29s
Rendered 1190/1591, time remaining: 16m 29s
Rendered 1190/1591, time remaining: 16m 29s
Rendered 1191/1591, time remaining: 16m 31s
Rendered 1191/1591, time remaining: 16m 31s
Rendered 1191/1591, time remaining: 16m 31s
Rendered 1191/1591, time remaining: 16m 31s
Rendered 1191/1591, time remaining: 16m 31s
Rendered 1191/1591, time remaining: 16m 31s
Rendered 1191/1591, time remaining: 16m 31s
Rendered 1191/1591, time remaining: 16m 31s
Rendered 1191/1591, time remaining: 16m 31s
Rendered 1192/1591, time remaining: 16m 36s
Rendered 1192/1591, time remaining: 16m 36s
Rendered 1192/1591, time remaining: 16m 36s
Rendered 1192/1591, time remaining: 16m 36s
Rendered 1192/1591, time remaining: 16m 36s
Rendered 1193/1591, time remaining: 16m 35s
Rendered 1193/1591, time remaining: 16m 35s
Rendered 1193/1591, time remaining: 16m 35s
Rendered 1194/1591, time remaining: 16m 16s
Rendered 1194/1591, time remaining: 16m 16s
Rendered 1194/1591, time remaining: 16m 16s
Rendered 1194/1591, time remaining: 16m 16s
Rendered 1194/1591, time remaining: 16m 16s
Rendered 1194/1591, time remaining: 16m 16s
Rendered 1194/1591, time remaining: 16m 16s
Rendered 1194/1591, time remaining: 16m 16s
Rendered 1195/1591, time remaining: 16m 19s
Rendered 1195/1591, time remaining: 16m 19s
Rendered 1195/1591, time remaining: 16m 19s
Rendered 1195/1591, time remaining: 16m 19s
Rendered 1195/1591, time remaining: 16m 19s
Rendered 1195/1591, time remaining: 16m 19s
Rendered 1195/1591, time remaining: 16m 19s
Rendered 1195/1591, time remaining: 16m 19s
Rendered 1195/1591, time remaining: 16m 19s
Rendered 1196/1591, time remaining: 16m 24s
Rendered 1196/1591, time remaining: 16m 24s
Rendered 1197/1591, time remaining: 16m 22s
Rendered 1197/1591, time remaining: 16m 22s
Rendered 1197/1591, time remaining: 16m 22s
Rendered 1197/1591, time remaining: 16m 22s
Rendered 1197/1591, time remaining: 16m 22s
Rendered 1197/1591, time remaining: 16m 22s
Rendered 1198/1591, time remaining: 16m 2s
Rendered 1198/1591, time remaining: 16m 2s
Rendered 1198/1591, time remaining: 16m 2s
Rendered 1198/1591, time remaining: 16m 2s
Rendered 1199/1591, time remaining: 15m 59s
Rendered 1199/1591, time remaining: 15m 59s
Rendered 1199/1591, time remaining: 15m 59s
Rendered 1199/1591, time remaining: 15m 59s
Rendered 1199/1591, time remaining: 15m 59s
Rendered 1199/1591, time remaining: 15m 59s
Rendered 1199/1591, time remaining: 15m 59s
Rendered 1199/1591, time remaining: 15m 59s
Rendered 1199/1591, time remaining: 15m 59s
Rendered 1199/1591, time remaining: 15m 59s
Rendered 1200/1591, time remaining: 16m 8s
Rendered 1200/1591, time remaining: 16m 8s
Rendered 1200/1591, time remaining: 16m 8s
Rendered 1200/1591, time remaining: 16m 8s
Rendered 1200/1591, time remaining: 16m 8s
Rendered 1201/1591, time remaining: 16m 4s
Rendered 1201/1591, time remaining: 16m 4s
Rendered 1201/1591, time remaining: 16m 4s
Rendered 1202/1591, time remaining: 15m 57s
Rendered 1202/1591, time remaining: 15m 57s
Rendered 1202/1591, time remaining: 15m 57s
Rendered 1202/1591, time remaining: 15m 57s
Rendered 1202/1591, time remaining: 15m 57s
Rendered 1202/1591, time remaining: 15m 57s
Rendered 1202/1591, time remaining: 15m 57s
Rendered 1202/1591, time remaining: 15m 57s
Rendered 1202/1591, time remaining: 15m 57s
Rendered 1203/1591, time remaining: 15m 56s
Rendered 1203/1591, time remaining: 15m 56s
Rendered 1203/1591, time remaining: 15m 56s
Rendered 1203/1591, time remaining: 15m 56s
Rendered 1204/1591, time remaining: 15m 52s
Rendered 1204/1591, time remaining: 15m 52s
Rendered 1204/1591, time remaining: 15m 52s
Rendered 1204/1591, time remaining: 15m 52s
Rendered 1204/1591, time remaining: 15m 52s
Rendered 1204/1591, time remaining: 15m 52s
Rendered 1204/1591, time remaining: 15m 52s
Rendered 1204/1591, time remaining: 15m 52s
Rendered 1205/1591, time remaining: 15m 56s
Rendered 1206/1591, time remaining: 15m 47s
Rendered 1206/1591, time remaining: 15m 47s
Rendered 1206/1591, time remaining: 15m 47s
Rendered 1206/1591, time remaining: 15m 47s
Rendered 1206/1591, time remaining: 15m 47s
Rendered 1206/1591, time remaining: 15m 47s
Rendered 1206/1591, time remaining: 15m 47s
Rendered 1207/1591, time remaining: 15m 31s
Rendered 1207/1591, time remaining: 15m 31s
Rendered 1208/1591, time remaining: 15m 30s
Rendered 1208/1591, time remaining: 15m 30s
Rendered 1208/1591, time remaining: 15m 30s
Rendered 1208/1591, time remaining: 15m 30s
Rendered 1208/1591, time remaining: 15m 30s
Rendered 1208/1591, time remaining: 15m 30s
Rendered 1208/1591, time remaining: 15m 30s
Rendered 1208/1591, time remaining: 15m 30s
Rendered 1208/1591, time remaining: 15m 30s
Rendered 1208/1591, time remaining: 15m 30s
Rendered 1208/1591, time remaining: 15m 30s
Rendered 1208/1591, time remaining: 15m 30s
Rendered 1208/1591, time remaining: 15m 30s
Rendered 1208/1591, time remaining: 15m 30s
Rendered 1209/1591, time remaining: 15m 43s
Rendered 1210/1591, time remaining: 15m 37s
Rendered 1210/1591, time remaining: 15m 37s
Rendered 1210/1591, time remaining: 15m 37s
Rendered 1210/1591, time remaining: 15m 37s
Rendered 1210/1591, time remaining: 15m 37s
Rendered 1211/1591, time remaining: 15m 21s
Rendered 1211/1591, time remaining: 15m 21s
Rendered 1212/1591, time remaining: 15m 20s
Rendered 1212/1591, time remaining: 15m 20s
Rendered 1212/1591, time remaining: 15m 20s
Rendered 1212/1591, time remaining: 15m 20s
Rendered 1212/1591, time remaining: 15m 20s
Rendered 1212/1591, time remaining: 15m 20s
Rendered 1212/1591, time remaining: 15m 20s
Rendered 1212/1591, time remaining: 15m 20s
Rendered 1212/1591, time remaining: 15m 20s
Rendered 1212/1591, time remaining: 15m 20s
Rendered 1213/1591, time remaining: 15m 25s
Rendered 1213/1591, time remaining: 15m 25s
Rendered 1213/1591, time remaining: 15m 25s
Rendered 1214/1591, time remaining: 15m 24s
Rendered 1214/1591, time remaining: 15m 24s
Rendered 1214/1591, time remaining: 15m 24s
Rendered 1214/1591, time remaining: 15m 24s
Rendered 1214/1591, time remaining: 15m 24s
Rendered 1214/1591, time remaining: 15m 24s
Rendered 1215/1591, time remaining: 15m 17s
Rendered 1215/1591, time remaining: 15m 17s
Rendered 1215/1591, time remaining: 15m 17s
Rendered 1216/1591, time remaining: 15m 12s
Rendered 1216/1591, time remaining: 15m 12s
Rendered 1216/1591, time remaining: 15m 12s
Rendered 1216/1591, time remaining: 15m 12s
Rendered 1216/1591, time remaining: 15m 12s
Rendered 1216/1591, time remaining: 15m 12s
Rendered 1216/1591, time remaining: 15m 12s
Rendered 1216/1591, time remaining: 15m 12s
Rendered 1216/1591, time remaining: 15m 12s
Rendered 1217/1591, time remaining: 15m 11s
Rendered 1217/1591, time remaining: 15m 11s
Rendered 1218/1591, time remaining: 15m 9s
Rendered 1218/1591, time remaining: 15m 9s
Rendered 1218/1591, time remaining: 15m 9s
Rendered 1218/1591, time remaining: 15m 9s
Rendered 1218/1591, time remaining: 15m 9s
Rendered 1219/1591, time remaining: 15m 5s
Rendered 1219/1591, time remaining: 15m 5s
Rendered 1219/1591, time remaining: 15m 5s
Rendered 1219/1591, time remaining: 15m 5s
Rendered 1219/1591, time remaining: 15m 5s
Rendered 1219/1591, time remaining: 15m 5s
Rendered 1219/1591, time remaining: 15m 5s
Rendered 1220/1591, time remaining: 15m 2s
Rendered 1220/1591, time remaining: 15m 2s
Rendered 1220/1591, time remaining: 15m 2s
Rendered 1220/1591, time remaining: 15m 2s
Rendered 1220/1591, time remaining: 15m 2s
Rendered 1220/1591, time remaining: 15m 2s
Rendered 1220/1591, time remaining: 15m 2s
Rendered 1220/1591, time remaining: 15m 2s
Rendered 1221/1591, time remaining: 14m 53s
Rendered 1222/1591, time remaining: 14m 51s
Rendered 1222/1591, time remaining: 14m 51s
Rendered 1222/1591, time remaining: 14m 51s
Rendered 1222/1591, time remaining: 14m 51s
Rendered 1222/1591, time remaining: 14m 51s
Rendered 1222/1591, time remaining: 14m 51s
Rendered 1222/1591, time remaining: 14m 51s
Rendered 1222/1591, time remaining: 14m 51s
Rendered 1222/1591, time remaining: 14m 51s
Rendered 1222/1591, time remaining: 14m 51s
Rendered 1223/1591, time remaining: 14m 57s
Rendered 1223/1591, time remaining: 14m 57s
Rendered 1223/1591, time remaining: 14m 57s
Rendered 1223/1591, time remaining: 14m 57s
Rendered 1224/1591, time remaining: 14m 53s
Rendered 1224/1591, time remaining: 14m 53s
Rendered 1224/1591, time remaining: 14m 53s
Rendered 1224/1591, time remaining: 14m 53s
Rendered 1224/1591, time remaining: 14m 53s
Rendered 1224/1591, time remaining: 14m 53s
Rendered 1224/1591, time remaining: 14m 53s
Rendered 1225/1591, time remaining: 14m 44s
Rendered 1225/1591, time remaining: 14m 44s
Rendered 1225/1591, time remaining: 14m 44s
Rendered 1226/1591, time remaining: 14m 37s
Rendered 1226/1591, time remaining: 14m 37s
Rendered 1226/1591, time remaining: 14m 37s
Rendered 1226/1591, time remaining: 14m 37s
Rendered 1226/1591, time remaining: 14m 37s
Rendered 1226/1591, time remaining: 14m 37s
Rendered 1227/1591, time remaining: 14m 32s
Rendered 1227/1591, time remaining: 14m 32s
Rendered 1227/1591, time remaining: 14m 32s
Rendered 1227/1591, time remaining: 14m 32s
Rendered 1227/1591, time remaining: 14m 32s
Rendered 1227/1591, time remaining: 14m 32s
Rendered 1228/1591, time remaining: 14m 36s
Rendered 1228/1591, time remaining: 14m 36s
Rendered 1228/1591, time remaining: 14m 36s
Rendered 1228/1591, time remaining: 14m 36s
Rendered 1228/1591, time remaining: 14m 36s
Rendered 1228/1591, time remaining: 14m 36s
Rendered 1228/1591, time remaining: 14m 36s
Rendered 1228/1591, time remaining: 14m 36s
Rendered 1228/1591, time remaining: 14m 36s
Rendered 1228/1591, time remaining: 14m 36s
Rendered 1228/1591, time remaining: 14m 36s
Rendered 1228/1591, time remaining: 14m 36s
Rendered 1228/1591, time remaining: 14m 36s
Rendered 1228/1591, time remaining: 14m 36s
Rendered 1229/1591, time remaining: 14m 39s
Rendered 1230/1591, time remaining: 14m 36s
Rendered 1230/1591, time remaining: 14m 36s
Rendered 1231/1591, time remaining: 14m 15s
Rendered 1231/1591, time remaining: 14m 15s
Rendered 1231/1591, time remaining: 14m 15s
Rendered 1231/1591, time remaining: 14m 15s
Rendered 1232/1591, time remaining: 14m 13s
Rendered 1232/1591, time remaining: 14m 13s
Rendered 1232/1591, time remaining: 14m 13s
Rendered 1232/1591, time remaining: 14m 13s
Rendered 1232/1591, time remaining: 14m 13s
Rendered 1232/1591, time remaining: 14m 13s
Rendered 1232/1591, time remaining: 14m 13s
Rendered 1232/1591, time remaining: 14m 13s
Rendered 1232/1591, time remaining: 14m 13s
Rendered 1232/1591, time remaining: 14m 13s
Rendered 1232/1591, time remaining: 14m 13s
Rendered 1233/1591, time remaining: 14m 23s
Rendered 1233/1591, time remaining: 14m 23s
Rendered 1233/1591, time remaining: 14m 23s
Rendered 1233/1591, time remaining: 14m 23s
Rendered 1233/1591, time remaining: 14m 23s
Rendered 1234/1591, time remaining: 14m 19s
Rendered 1235/1591, time remaining: 14m 5s
Rendered 1235/1591, time remaining: 14m 5s
Rendered 1235/1591, time remaining: 14m 5s
Rendered 1235/1591, time remaining: 14m 5s
Rendered 1235/1591, time remaining: 14m 5s
Rendered 1236/1591, time remaining: 13m 58s
Rendered 1236/1591, time remaining: 13m 58s
Rendered 1236/1591, time remaining: 13m 58s
Rendered 1236/1591, time remaining: 13m 58s
Rendered 1236/1591, time remaining: 13m 58s
Rendered 1236/1591, time remaining: 13m 58s
Rendered 1236/1591, time remaining: 13m 58s
Rendered 1236/1591, time remaining: 13m 58s
Rendered 1236/1591, time remaining: 13m 58s
Rendered 1237/1591, time remaining: 14m 5s
Rendered 1237/1591, time remaining: 14m 5s
Rendered 1237/1591, time remaining: 14m 5s
Rendered 1237/1591, time remaining: 14m 5s
Rendered 1237/1591, time remaining: 14m 5s
Rendered 1237/1591, time remaining: 14m 5s
Rendered 1237/1591, time remaining: 14m 5s
Rendered 1237/1591, time remaining: 14m 5s
Rendered 1237/1591, time remaining: 14m 5s
Rendered 1237/1591, time remaining: 14m 5s
Rendered 1237/1591, time remaining: 14m 5s
Rendered 1238/1591, time remaining: 14m 10s
Rendered 1239/1591, time remaining: 14m 4s
Rendered 1239/1591, time remaining: 14m 4s
Rendered 1239/1591, time remaining: 14m 4s
Rendered 1239/1591, time remaining: 14m 4s
Rendered 1239/1591, time remaining: 14m 4s
Rendered 1239/1591, time remaining: 14m 4s
Rendered 1239/1591, time remaining: 14m 4s
Rendered 1240/1591, time remaining: 13m 52s
Rendered 1240/1591, time remaining: 13m 52s
Rendered 1241/1591, time remaining: 13m 47s
Rendered 1241/1591, time remaining: 13m 47s
Rendered 1241/1591, time remaining: 13m 47s
Rendered 1241/1591, time remaining: 13m 47s
Rendered 1241/1591, time remaining: 13m 47s
Rendered 1241/1591, time remaining: 13m 47s
Rendered 1241/1591, time remaining: 13m 47s
Rendered 1241/1591, time remaining: 13m 47s
Rendered 1241/1591, time remaining: 13m 47s
Rendered 1241/1591, time remaining: 13m 47s
Rendered 1241/1591, time remaining: 13m 47s
Rendered 1242/1591, time remaining: 13m 56s
Rendered 1242/1591, time remaining: 13m 56s
Rendered 1242/1591, time remaining: 13m 56s
Rendered 1242/1591, time remaining: 13m 56s
Rendered 1243/1591, time remaining: 13m 52s
Rendered 1243/1591, time remaining: 13m 52s
Rendered 1243/1591, time remaining: 13m 52s
Rendered 1243/1591, time remaining: 13m 52s
Rendered 1243/1591, time remaining: 13m 52s
Rendered 1243/1591, time remaining: 13m 52s
Rendered 1244/1591, time remaining: 13m 42s
Rendered 1244/1591, time remaining: 13m 42s
Rendered 1244/1591, time remaining: 13m 42s
Rendered 1244/1591, time remaining: 13m 42s
Rendered 1245/1591, time remaining: 13m 41s
Rendered 1245/1591, time remaining: 13m 41s
Rendered 1245/1591, time remaining: 13m 41s
Rendered 1245/1591, time remaining: 13m 41s
Rendered 1245/1591, time remaining: 13m 41s
Rendered 1245/1591, time remaining: 13m 41s
Rendered 1245/1591, time remaining: 13m 41s
Rendered 1245/1591, time remaining: 13m 41s
Rendered 1245/1591, time remaining: 13m 41s
Rendered 1245/1591, time remaining: 13m 41s
Rendered 1245/1591, time remaining: 13m 41s
Rendered 1245/1591, time remaining: 13m 41s
Rendered 1246/1591, time remaining: 13m 48s
Rendered 1246/1591, time remaining: 13m 48s
Rendered 1246/1591, time remaining: 13m 48s
Rendered 1246/1591, time remaining: 13m 48s
Rendered 1246/1591, time remaining: 13m 48s
Rendered 1247/1591, time remaining: 13m 50s
Rendered 1247/1591, time remaining: 13m 50s
Rendered 1247/1591, time remaining: 13m 50s
Rendered 1247/1591, time remaining: 13m 50s
Rendered 1248/1591, time remaining: 13m 37s
Rendered 1248/1591, time remaining: 13m 37s
Rendered 1249/1591, time remaining: 13m 33s
Rendered 1249/1591, time remaining: 13m 33s
Rendered 1249/1591, time remaining: 13m 33s
Rendered 1249/1591, time remaining: 13m 33s
Rendered 1249/1591, time remaining: 13m 33s
Rendered 1249/1591, time remaining: 13m 33s
Rendered 1249/1591, time remaining: 13m 33s
Rendered 1249/1591, time remaining: 13m 33s
Rendered 1249/1591, time remaining: 13m 33s
Rendered 1249/1591, time remaining: 13m 33s
Rendered 1249/1591, time remaining: 13m 33s
Rendered 1249/1591, time remaining: 13m 33s
Rendered 1250/1591, time remaining: 13m 37s
Rendered 1250/1591, time remaining: 13m 37s
Rendered 1250/1591, time remaining: 13m 37s
Rendered 1250/1591, time remaining: 13m 37s
Rendered 1250/1591, time remaining: 13m 37s
Rendered 1250/1591, time remaining: 13m 37s
Rendered 1250/1591, time remaining: 13m 37s
Rendered 1251/1591, time remaining: 13m 41s
Rendered 1251/1591, time remaining: 13m 41s
Rendered 1252/1591, time remaining: 13m 25s
Rendered 1252/1591, time remaining: 13m 25s
Rendered 1252/1591, time remaining: 13m 25s
Rendered 1253/1591, time remaining: 13m 24s
Rendered 1253/1591, time remaining: 13m 24s
Rendered 1253/1591, time remaining: 13m 24s
Rendered 1253/1591, time remaining: 13m 24s
Rendered 1253/1591, time remaining: 13m 24s
Rendered 1253/1591, time remaining: 13m 24s
Rendered 1253/1591, time remaining: 13m 24s
Rendered 1253/1591, time remaining: 13m 24s
Rendered 1253/1591, time remaining: 13m 24s
Rendered 1253/1591, time remaining: 13m 24s
Rendered 1253/1591, time remaining: 13m 24s
Rendered 1253/1591, time remaining: 13m 24s
Rendered 1253/1591, time remaining: 13m 24s
Rendered 1253/1591, time remaining: 13m 24s
Rendered 1253/1591, time remaining: 13m 24s
Rendered 1254/1591, time remaining: 13m 33s
Rendered 1254/1591, time remaining: 13m 33s
Rendered 1254/1591, time remaining: 13m 33s
Rendered 1254/1591, time remaining: 13m 33s
Rendered 1254/1591, time remaining: 13m 33s
Rendered 1255/1591, time remaining: 13m 29s
Rendered 1255/1591, time remaining: 13m 29s
Rendered 1255/1591, time remaining: 13m 29s
Rendered 1256/1591, time remaining: 13m 23s
Rendered 1256/1591, time remaining: 13m 23s
Rendered 1256/1591, time remaining: 13m 23s
Rendered 1256/1591, time remaining: 13m 23s
Rendered 1257/1591, time remaining: 13m 15s
Rendered 1257/1591, time remaining: 13m 15s
Rendered 1257/1591, time remaining: 13m 15s
Rendered 1257/1591, time remaining: 13m 15s
Rendered 1257/1591, time remaining: 13m 15s
Rendered 1257/1591, time remaining: 13m 15s
Rendered 1257/1591, time remaining: 13m 15s
Rendered 1257/1591, time remaining: 13m 15s
Rendered 1257/1591, time remaining: 13m 15s
Rendered 1258/1591, time remaining: 13m 18s
Rendered 1258/1591, time remaining: 13m 18s
Rendered 1258/1591, time remaining: 13m 18s
Rendered 1258/1591, time remaining: 13m 18s
Rendered 1258/1591, time remaining: 13m 18s
Rendered 1258/1591, time remaining: 13m 18s
Rendered 1258/1591, time remaining: 13m 18s
Rendered 1259/1591, time remaining: 13m 19s
Rendered 1259/1591, time remaining: 13m 19s
Rendered 1259/1591, time remaining: 13m 19s
Rendered 1260/1591, time remaining: 13m 14s
Rendered 1260/1591, time remaining: 13m 14s
Rendered 1260/1591, time remaining: 13m 14s
Rendered 1260/1591, time remaining: 13m 14s
Rendered 1260/1591, time remaining: 13m 14s
Rendered 1260/1591, time remaining: 13m 14s
Rendered 1260/1591, time remaining: 13m 14s
Rendered 1260/1591, time remaining: 13m 14s
Rendered 1261/1591, time remaining: 13m 10s
Rendered 1261/1591, time remaining: 13m 10s
Rendered 1261/1591, time remaining: 13m 10s
Rendered 1261/1591, time remaining: 13m 10s
Rendered 1261/1591, time remaining: 13m 10s
Rendered 1261/1591, time remaining: 13m 10s
Rendered 1261/1591, time remaining: 13m 10s
Rendered 1261/1591, time remaining: 13m 10s
Rendered 1261/1591, time remaining: 13m 10s
Rendered 1261/1591, time remaining: 13m 10s
Rendered 1262/1591, time remaining: 13m 15s
Rendered 1262/1591, time remaining: 13m 15s
Rendered 1262/1591, time remaining: 13m 15s
Rendered 1263/1591, time remaining: 13m 7s
Rendered 1263/1591, time remaining: 13m 7s
Rendered 1263/1591, time remaining: 13m 7s
Rendered 1263/1591, time remaining: 13m 7s
Rendered 1264/1591, time remaining: 13m 8s
Rendered 1264/1591, time remaining: 13m 8s
Rendered 1264/1591, time remaining: 13m 8s
Rendered 1264/1591, time remaining: 13m 8s
Rendered 1264/1591, time remaining: 13m 8s
Rendered 1264/1591, time remaining: 13m 8s
Rendered 1264/1591, time remaining: 13m 8s
Rendered 1265/1591, time remaining: 13m 1s
Rendered 1265/1591, time remaining: 13m 1s
Rendered 1265/1591, time remaining: 13m 1s
Rendered 1265/1591, time remaining: 13m 1s
Rendered 1265/1591, time remaining: 13m 1s
Rendered 1265/1591, time remaining: 13m 1s
Rendered 1265/1591, time remaining: 13m 1s
Rendered 1265/1591, time remaining: 13m 1s
Rendered 1266/1591, time remaining: 13m 4s
Rendered 1266/1591, time remaining: 13m 4s
Rendered 1266/1591, time remaining: 13m 4s
Rendered 1267/1591, time remaining: 12m 56s
Rendered 1267/1591, time remaining: 12m 56s
Rendered 1267/1591, time remaining: 12m 56s
Rendered 1267/1591, time remaining: 12m 56s
Rendered 1267/1591, time remaining: 12m 56s
Rendered 1268/1591, time remaining: 12m 56s
Rendered 1268/1591, time remaining: 12m 56s
Rendered 1268/1591, time remaining: 12m 56s
Rendered 1268/1591, time remaining: 12m 56s
Rendered 1268/1591, time remaining: 12m 56s
Rendered 1268/1591, time remaining: 12m 56s
Rendered 1268/1591, time remaining: 12m 56s
Rendered 1268/1591, time remaining: 12m 56s
Rendered 1269/1591, time remaining: 12m 55s
Rendered 1269/1591, time remaining: 12m 55s
Rendered 1269/1591, time remaining: 12m 55s
Rendered 1269/1591, time remaining: 12m 55s
Rendered 1269/1591, time remaining: 12m 55s
Rendered 1269/1591, time remaining: 12m 55s
Rendered 1269/1591, time remaining: 12m 55s
Rendered 1269/1591, time remaining: 12m 55s
Rendered 1269/1591, time remaining: 12m 55s
Rendered 1269/1591, time remaining: 12m 55s
Rendered 1269/1591, time remaining: 12m 55s
Rendered 1269/1591, time remaining: 12m 55s
Rendered 1270/1591, time remaining: 12m 55s
Rendered 1271/1591, time remaining: 12m 45s
Rendered 1271/1591, time remaining: 12m 45s
Rendered 1272/1591, time remaining: 12m 42s
Rendered 1272/1591, time remaining: 12m 42s
Rendered 1272/1591, time remaining: 12m 42s
Rendered 1272/1591, time remaining: 12m 42s
Rendered 1272/1591, time remaining: 12m 42s
Rendered 1273/1591, time remaining: 12m 40s
Rendered 1273/1591, time remaining: 12m 40s
Rendered 1273/1591, time remaining: 12m 40s
Rendered 1273/1591, time remaining: 12m 40s
Rendered 1273/1591, time remaining: 12m 40s
Rendered 1273/1591, time remaining: 12m 40s
Rendered 1273/1591, time remaining: 12m 40s
Rendered 1273/1591, time remaining: 12m 40s
Rendered 1273/1591, time remaining: 12m 40s
Rendered 1273/1591, time remaining: 12m 40s
Rendered 1273/1591, time remaining: 12m 40s
Rendered 1273/1591, time remaining: 12m 40s
Rendered 1273/1591, time remaining: 12m 40s
Rendered 1273/1591, time remaining: 12m 40s
Rendered 1273/1591, time remaining: 12m 40s
Rendered 1273/1591, time remaining: 12m 40s
Rendered 1273/1591, time remaining: 12m 40s
Rendered 1273/1591, time remaining: 12m 40s
Rendered 1273/1591, time remaining: 12m 40s
Rendered 1274/1591, time remaining: 12m 45s
Rendered 1275/1591, time remaining: 12m 36s
Rendered 1276/1591, time remaining: 12m 29s
Rendered 1276/1591, time remaining: 12m 29s
Rendered 1276/1591, time remaining: 12m 29s
Rendered 1277/1591, time remaining: 12m 28s
Rendered 1277/1591, time remaining: 12m 28s
Rendered 1277/1591, time remaining: 12m 28s
Rendered 1277/1591, time remaining: 12m 28s
Rendered 1277/1591, time remaining: 12m 28s
Rendered 1277/1591, time remaining: 12m 28s
Rendered 1277/1591, time remaining: 12m 28s
Rendered 1277/1591, time remaining: 12m 28s
Rendered 1277/1591, time remaining: 12m 28s
Rendered 1277/1591, time remaining: 12m 28s
Rendered 1277/1591, time remaining: 12m 28s
Rendered 1277/1591, time remaining: 12m 28s
Rendered 1277/1591, time remaining: 12m 28s
Rendered 1277/1591, time remaining: 12m 28s
Rendered 1277/1591, time remaining: 12m 28s
Rendered 1277/1591, time remaining: 12m 28s
Rendered 1278/1591, time remaining: 12m 36s
Rendered 1279/1591, time remaining: 12m 19s
Rendered 1279/1591, time remaining: 12m 19s
Rendered 1279/1591, time remaining: 12m 19s
Rendered 1279/1591, time remaining: 12m 19s
Rendered 1279/1591, time remaining: 12m 19s
Rendered 1279/1591, time remaining: 12m 19s
Rendered 1280/1591, time remaining: 12m 21s
Rendered 1280/1591, time remaining: 12m 21s
Rendered 1280/1591, time remaining: 12m 21s
Rendered 1280/1591, time remaining: 12m 21s
Rendered 1280/1591, time remaining: 12m 21s
Rendered 1280/1591, time remaining: 12m 21s
Rendered 1280/1591, time remaining: 12m 21s
Rendered 1280/1591, time remaining: 12m 21s
Rendered 1281/1591, time remaining: 12m 25s
Rendered 1281/1591, time remaining: 12m 25s
Rendered 1281/1591, time remaining: 12m 25s
Rendered 1281/1591, time remaining: 12m 25s
Rendered 1281/1591, time remaining: 12m 25s
Rendered 1281/1591, time remaining: 12m 25s
Rendered 1281/1591, time remaining: 12m 25s
Rendered 1281/1591, time remaining: 12m 25s
Rendered 1282/1591, time remaining: 12m 22s
Rendered 1282/1591, time remaining: 12m 22s
Rendered 1282/1591, time remaining: 12m 22s
Rendered 1282/1591, time remaining: 12m 22s
Rendered 1282/1591, time remaining: 12m 22s
Rendered 1282/1591, time remaining: 12m 22s
Rendered 1282/1591, time remaining: 12m 22s
Rendered 1282/1591, time remaining: 12m 22s
Rendered 1282/1591, time remaining: 12m 22s
Rendered 1282/1591, time remaining: 12m 22s
Rendered 1283/1591, time remaining: 12m 20s
Rendered 1283/1591, time remaining: 12m 20s
Rendered 1283/1591, time remaining: 12m 20s
Rendered 1283/1591, time remaining: 12m 20s
Rendered 1284/1591, time remaining: 12m 16s
Rendered 1284/1591, time remaining: 12m 16s
Rendered 1284/1591, time remaining: 12m 16s
Rendered 1284/1591, time remaining: 12m 16s
Rendered 1285/1591, time remaining: 12m 17s
Rendered 1285/1591, time remaining: 12m 17s
Rendered 1285/1591, time remaining: 12m 17s
Rendered 1285/1591, time remaining: 12m 17s
Rendered 1285/1591, time remaining: 12m 17s
Rendered 1286/1591, time remaining: 12m 6s
Rendered 1286/1591, time remaining: 12m 6s
Rendered 1286/1591, time remaining: 12m 6s
Rendered 1286/1591, time remaining: 12m 6s
Rendered 1286/1591, time remaining: 12m 6s
Rendered 1286/1591, time remaining: 12m 6s
Rendered 1286/1591, time remaining: 12m 6s
Rendered 1286/1591, time remaining: 12m 6s
Rendered 1286/1591, time remaining: 12m 6s
Rendered 1286/1591, time remaining: 12m 6s
Rendered 1286/1591, time remaining: 12m 6s
Rendered 1286/1591, time remaining: 12m 6s
Rendered 1286/1591, time remaining: 12m 6s
Rendered 1286/1591, time remaining: 12m 6s
Rendered 1286/1591, time remaining: 12m 6s
Rendered 1286/1591, time remaining: 12m 6s
Rendered 1287/1591, time remaining: 12m 18s
Rendered 1288/1591, time remaining: 12m 10s
Rendered 1288/1591, time remaining: 12m 10s
Rendered 1288/1591, time remaining: 12m 10s
Rendered 1288/1591, time remaining: 12m 10s
Rendered 1289/1591, time remaining: 12m 6s
Rendered 1289/1591, time remaining: 12m 6s
Rendered 1289/1591, time remaining: 12m 6s
Rendered 1289/1591, time remaining: 12m 6s
Rendered 1289/1591, time remaining: 12m 6s
Rendered 1290/1591, time remaining: 11m 59s
Rendered 1290/1591, time remaining: 11m 59s
Rendered 1290/1591, time remaining: 11m 59s
Rendered 1290/1591, time remaining: 11m 59s
Rendered 1290/1591, time remaining: 11m 59s
Rendered 1290/1591, time remaining: 11m 59s
Rendered 1290/1591, time remaining: 11m 59s
Rendered 1290/1591, time remaining: 11m 59s
Rendered 1290/1591, time remaining: 11m 59s
Rendered 1290/1591, time remaining: 11m 59s
Rendered 1290/1591, time remaining: 11m 59s
Rendered 1290/1591, time remaining: 11m 59s
Rendered 1291/1591, time remaining: 12m 8s
Rendered 1292/1591, time remaining: 11m 58s
Rendered 1292/1591, time remaining: 11m 58s
Rendered 1292/1591, time remaining: 11m 58s
Rendered 1292/1591, time remaining: 11m 58s
Rendered 1292/1591, time remaining: 11m 58s
Rendered 1292/1591, time remaining: 11m 58s
Rendered 1292/1591, time remaining: 11m 58s
Rendered 1292/1591, time remaining: 11m 58s
Rendered 1293/1591, time remaining: 12m 2s
Rendered 1293/1591, time remaining: 12m 2s
Rendered 1293/1591, time remaining: 12m 2s
Rendered 1293/1591, time remaining: 12m 2s
Rendered 1293/1591, time remaining: 12m 2s
Rendered 1293/1591, time remaining: 12m 2s
Rendered 1294/1591, time remaining: 11m 50s
Rendered 1294/1591, time remaining: 11m 50s
Rendered 1294/1591, time remaining: 11m 50s
Rendered 1294/1591, time remaining: 11m 50s
Rendered 1294/1591, time remaining: 11m 50s
Rendered 1294/1591, time remaining: 11m 50s
Rendered 1294/1591, time remaining: 11m 50s
Rendered 1294/1591, time remaining: 11m 50s
Rendered 1295/1591, time remaining: 11m 51s
Rendered 1295/1591, time remaining: 11m 51s
Rendered 1295/1591, time remaining: 11m 51s
Rendered 1296/1591, time remaining: 11m 49s
Rendered 1296/1591, time remaining: 11m 49s
Rendered 1296/1591, time remaining: 11m 49s
Rendered 1296/1591, time remaining: 11m 49s
Rendered 1296/1591, time remaining: 11m 49s
Rendered 1296/1591, time remaining: 11m 49s
Rendered 1296/1591, time remaining: 11m 49s
Rendered 1296/1591, time remaining: 11m 49s
Rendered 1296/1591, time remaining: 11m 49s
Rendered 1296/1591, time remaining: 11m 49s
Rendered 1296/1591, time remaining: 11m 49s
Rendered 1296/1591, time remaining: 11m 49s
Rendered 1296/1591, time remaining: 11m 49s
Rendered 1297/1591, time remaining: 11m 58s
Rendered 1297/1591, time remaining: 11m 58s
Rendered 1298/1591, time remaining: 11m 40s
Rendered 1298/1591, time remaining: 11m 40s
Rendered 1298/1591, time remaining: 11m 40s
Rendered 1298/1591, time remaining: 11m 40s
Rendered 1298/1591, time remaining: 11m 40s
Rendered 1298/1591, time remaining: 11m 40s
Rendered 1299/1591, time remaining: 11m 44s
Rendered 1299/1591, time remaining: 11m 44s
Rendered 1300/1591, time remaining: 11m 40s
Rendered 1300/1591, time remaining: 11m 40s
Rendered 1300/1591, time remaining: 11m 40s
Rendered 1300/1591, time remaining: 11m 40s
Rendered 1300/1591, time remaining: 11m 40s
Rendered 1300/1591, time remaining: 11m 40s
Rendered 1300/1591, time remaining: 11m 40s
Rendered 1300/1591, time remaining: 11m 40s
Rendered 1300/1591, time remaining: 11m 40s
Rendered 1300/1591, time remaining: 11m 40s
Rendered 1300/1591, time remaining: 11m 40s
Rendered 1301/1591, time remaining: 11m 44s
Rendered 1301/1591, time remaining: 11m 44s
Rendered 1302/1591, time remaining: 11m 33s
Rendered 1302/1591, time remaining: 11m 33s
Rendered 1302/1591, time remaining: 11m 33s
Rendered 1302/1591, time remaining: 11m 33s
Rendered 1302/1591, time remaining: 11m 33s
Rendered 1302/1591, time remaining: 11m 33s
Rendered 1302/1591, time remaining: 11m 33s
Rendered 1302/1591, time remaining: 11m 33s
Rendered 1302/1591, time remaining: 11m 33s
Rendered 1302/1591, time remaining: 11m 33s
Rendered 1302/1591, time remaining: 11m 33s
Rendered 1302/1591, time remaining: 11m 33s
Rendered 1302/1591, time remaining: 11m 33s
Rendered 1302/1591, time remaining: 11m 33s
Rendered 1303/1591, time remaining: 11m 40s
Rendered 1304/1591, time remaining: 11m 36s
Rendered 1304/1591, time remaining: 11m 36s
Rendered 1304/1591, time remaining: 11m 36s
Rendered 1304/1591, time remaining: 11m 36s
Rendered 1304/1591, time remaining: 11m 36s
Rendered 1304/1591, time remaining: 11m 36s
Rendered 1304/1591, time remaining: 11m 36s
Rendered 1305/1591, time remaining: 11m 35s
Rendered 1305/1591, time remaining: 11m 35s
Rendered 1306/1591, time remaining: 11m 29s
Rendered 1306/1591, time remaining: 11m 29s
Rendered 1306/1591, time remaining: 11m 29s
Rendered 1306/1591, time remaining: 11m 29s
Rendered 1306/1591, time remaining: 11m 29s
Rendered 1306/1591, time remaining: 11m 29s
Rendered 1306/1591, time remaining: 11m 29s
Rendered 1306/1591, time remaining: 11m 29s
Rendered 1306/1591, time remaining: 11m 29s
Rendered 1306/1591, time remaining: 11m 29s
Rendered 1306/1591, time remaining: 11m 29s
Rendered 1307/1591, time remaining: 11m 31s
Rendered 1307/1591, time remaining: 11m 31s
Rendered 1308/1591, time remaining: 11m 29s
Rendered 1308/1591, time remaining: 11m 29s
Rendered 1308/1591, time remaining: 11m 29s
Rendered 1308/1591, time remaining: 11m 29s
Rendered 1308/1591, time remaining: 11m 29s
Rendered 1308/1591, time remaining: 11m 29s
Rendered 1308/1591, time remaining: 11m 29s
Rendered 1308/1591, time remaining: 11m 29s
Rendered 1308/1591, time remaining: 11m 29s
Rendered 1308/1591, time remaining: 11m 29s
Rendered 1308/1591, time remaining: 11m 29s
Rendered 1309/1591, time remaining: 11m 31s
Rendered 1309/1591, time remaining: 11m 31s
Rendered 1310/1591, time remaining: 11m 24s
Rendered 1310/1591, time remaining: 11m 24s
Rendered 1310/1591, time remaining: 11m 24s
Rendered 1310/1591, time remaining: 11m 24s
Rendered 1310/1591, time remaining: 11m 24s
Rendered 1310/1591, time remaining: 11m 24s
Rendered 1310/1591, time remaining: 11m 24s
Rendered 1310/1591, time remaining: 11m 24s
Rendered 1310/1591, time remaining: 11m 24s
Rendered 1311/1591, time remaining: 11m 23s
Rendered 1311/1591, time remaining: 11m 23s
Rendered 1311/1591, time remaining: 11m 23s
Rendered 1312/1591, time remaining: 11m 22s
Rendered 1312/1591, time remaining: 11m 22s
Rendered 1312/1591, time remaining: 11m 22s
Rendered 1312/1591, time remaining: 11m 22s
Rendered 1312/1591, time remaining: 11m 22s
Rendered 1312/1591, time remaining: 11m 22s
Rendered 1313/1591, time remaining: 11m 21s
Rendered 1313/1591, time remaining: 11m 21s
Rendered 1313/1591, time remaining: 11m 21s
Rendered 1313/1591, time remaining: 11m 21s
Rendered 1313/1591, time remaining: 11m 21s
Rendered 1313/1591, time remaining: 11m 21s
Rendered 1313/1591, time remaining: 11m 21s
Rendered 1314/1591, time remaining: 11m 21s
Rendered 1314/1591, time remaining: 11m 21s
Rendered 1314/1591, time remaining: 11m 21s
Rendered 1314/1591, time remaining: 11m 21s
Rendered 1314/1591, time remaining: 11m 21s
Rendered 1314/1591, time remaining: 11m 21s
Rendered 1314/1591, time remaining: 11m 21s
Rendered 1314/1591, time remaining: 11m 21s
Rendered 1315/1591, time remaining: 11m 17s
Rendered 1315/1591, time remaining: 11m 17s
Rendered 1315/1591, time remaining: 11m 17s
Rendered 1315/1591, time remaining: 11m 17s
Rendered 1316/1591, time remaining: 11m 14s
Rendered 1316/1591, time remaining: 11m 14s
Rendered 1316/1591, time remaining: 11m 14s
Rendered 1316/1591, time remaining: 11m 14s
Rendered 1316/1591, time remaining: 11m 14s
Rendered 1316/1591, time remaining: 11m 14s
Rendered 1316/1591, time remaining: 11m 14s
Rendered 1316/1591, time remaining: 11m 14s
Rendered 1317/1591, time remaining: 11m 16s
Rendered 1317/1591, time remaining: 11m 16s
Rendered 1318/1591, time remaining: 11m 7s
Rendered 1318/1591, time remaining: 11m 7s
Rendered 1318/1591, time remaining: 11m 7s
Rendered 1318/1591, time remaining: 11m 7s
Rendered 1318/1591, time remaining: 11m 7s
Rendered 1319/1591, time remaining: 11m 5s
Rendered 1319/1591, time remaining: 11m 5s
Rendered 1319/1591, time remaining: 11m 5s
Rendered 1319/1591, time remaining: 11m 5s
Rendered 1319/1591, time remaining: 11m 5s
Rendered 1319/1591, time remaining: 11m 5s
Rendered 1319/1591, time remaining: 11m 5s
Rendered 1319/1591, time remaining: 11m 5s
Rendered 1320/1591, time remaining: 11m 6s
Rendered 1320/1591, time remaining: 11m 6s
Rendered 1320/1591, time remaining: 11m 6s
Rendered 1320/1591, time remaining: 11m 6s
Rendered 1320/1591, time remaining: 11m 6s
Rendered 1320/1591, time remaining: 11m 6s
Rendered 1320/1591, time remaining: 11m 6s
Rendered 1321/1591, time remaining: 11m 7s
Rendered 1321/1591, time remaining: 11m 7s
Rendered 1322/1591, time remaining: 10m 58s
Rendered 1322/1591, time remaining: 10m 58s
Rendered 1322/1591, time remaining: 10m 58s
Rendered 1322/1591, time remaining: 10m 58s
Rendered 1322/1591, time remaining: 10m 58s
Rendered 1322/1591, time remaining: 10m 58s
Rendered 1322/1591, time remaining: 10m 58s
Rendered 1322/1591, time remaining: 10m 58s
Rendered 1322/1591, time remaining: 10m 58s
Rendered 1322/1591, time remaining: 10m 58s
Rendered 1322/1591, time remaining: 10m 58s
Rendered 1322/1591, time remaining: 10m 58s
Rendered 1323/1591, time remaining: 11m 0s
Rendered 1324/1591, time remaining: 10m 55s
Rendered 1324/1591, time remaining: 10m 55s
Rendered 1324/1591, time remaining: 10m 55s
Rendered 1324/1591, time remaining: 10m 55s
Rendered 1324/1591, time remaining: 10m 55s
Rendered 1324/1591, time remaining: 10m 55s
Rendered 1324/1591, time remaining: 10m 55s
Rendered 1325/1591, time remaining: 10m 56s
Rendered 1325/1591, time remaining: 10m 56s
Rendered 1325/1591, time remaining: 10m 56s
Rendered 1325/1591, time remaining: 10m 56s
Rendered 1326/1591, time remaining: 10m 49s
Rendered 1326/1591, time remaining: 10m 49s
Rendered 1326/1591, time remaining: 10m 49s
Rendered 1326/1591, time remaining: 10m 49s
Rendered 1326/1591, time remaining: 10m 49s
Rendered 1326/1591, time remaining: 10m 49s
Rendered 1326/1591, time remaining: 10m 49s
Rendered 1326/1591, time remaining: 10m 49s
Rendered 1326/1591, time remaining: 10m 49s
Rendered 1326/1591, time remaining: 10m 49s
Rendered 1327/1591, time remaining: 10m 51s
Rendered 1328/1591, time remaining: 10m 45s
Rendered 1328/1591, time remaining: 10m 45s
Rendered 1328/1591, time remaining: 10m 45s
Rendered 1328/1591, time remaining: 10m 45s
Rendered 1328/1591, time remaining: 10m 45s
Rendered 1329/1591, time remaining: 10m 43s
Rendered 1329/1591, time remaining: 10m 43s
Rendered 1329/1591, time remaining: 10m 43s
Rendered 1329/1591, time remaining: 10m 43s
Rendered 1330/1591, time remaining: 10m 37s
Rendered 1330/1591, time remaining: 10m 37s
Rendered 1330/1591, time remaining: 10m 37s
Rendered 1330/1591, time remaining: 10m 37s
Rendered 1330/1591, time remaining: 10m 37s
Rendered 1330/1591, time remaining: 10m 37s
Rendered 1330/1591, time remaining: 10m 37s
Rendered 1330/1591, time remaining: 10m 37s
Rendered 1330/1591, time remaining: 10m 37s
Rendered 1331/1591, time remaining: 10m 38s
Rendered 1331/1591, time remaining: 10m 38s
Rendered 1331/1591, time remaining: 10m 38s
Rendered 1331/1591, time remaining: 10m 38s
Rendered 1332/1591, time remaining: 10m 36s
Rendered 1332/1591, time remaining: 10m 36s
Rendered 1332/1591, time remaining: 10m 36s
Rendered 1332/1591, time remaining: 10m 36s
Rendered 1332/1591, time remaining: 10m 36s
Rendered 1332/1591, time remaining: 10m 36s
Rendered 1333/1591, time remaining: 10m 30s
Rendered 1333/1591, time remaining: 10m 30s
Rendered 1333/1591, time remaining: 10m 30s
Rendered 1334/1591, time remaining: 10m 29s
Rendered 1334/1591, time remaining: 10m 29s
Rendered 1334/1591, time remaining: 10m 29s
Rendered 1334/1591, time remaining: 10m 29s
Rendered 1334/1591, time remaining: 10m 29s
Rendered 1334/1591, time remaining: 10m 29s
Rendered 1334/1591, time remaining: 10m 29s
Rendered 1334/1591, time remaining: 10m 29s
Rendered 1335/1591, time remaining: 10m 29s
Rendered 1335/1591, time remaining: 10m 29s
Rendered 1335/1591, time remaining: 10m 29s
Rendered 1335/1591, time remaining: 10m 29s
Rendered 1335/1591, time remaining: 10m 29s
Rendered 1335/1591, time remaining: 10m 29s
Rendered 1335/1591, time remaining: 10m 29s
Rendered 1335/1591, time remaining: 10m 29s
Rendered 1335/1591, time remaining: 10m 29s
Rendered 1336/1591, time remaining: 10m 26s
Rendered 1336/1591, time remaining: 10m 26s
Rendered 1337/1591, time remaining: 10m 22s
Rendered 1337/1591, time remaining: 10m 22s
Rendered 1337/1591, time remaining: 10m 22s
Rendered 1338/1591, time remaining: 10m 20s
Rendered 1338/1591, time remaining: 10m 20s
Rendered 1338/1591, time remaining: 10m 20s
Rendered 1338/1591, time remaining: 10m 20s
Rendered 1338/1591, time remaining: 10m 20s
Rendered 1339/1591, time remaining: 10m 14s
Rendered 1339/1591, time remaining: 10m 14s
Rendered 1339/1591, time remaining: 10m 14s
Rendered 1339/1591, time remaining: 10m 14s
Rendered 1339/1591, time remaining: 10m 14s
Rendered 1339/1591, time remaining: 10m 14s
Rendered 1339/1591, time remaining: 10m 14s
Rendered 1339/1591, time remaining: 10m 14s
Rendered 1339/1591, time remaining: 10m 14s
Rendered 1340/1591, time remaining: 10m 16s
Rendered 1340/1591, time remaining: 10m 16s
Rendered 1340/1591, time remaining: 10m 16s
Rendered 1340/1591, time remaining: 10m 16s
Rendered 1340/1591, time remaining: 10m 16s
Rendered 1341/1591, time remaining: 10m 14s
Rendered 1341/1591, time remaining: 10m 14s
Rendered 1342/1591, time remaining: 10m 6s
Rendered 1342/1591, time remaining: 10m 6s
Rendered 1342/1591, time remaining: 10m 6s
Rendered 1342/1591, time remaining: 10m 6s
Rendered 1343/1591, time remaining: 10m 3s
Rendered 1343/1591, time remaining: 10m 3s
Rendered 1343/1591, time remaining: 10m 3s
Rendered 1343/1591, time remaining: 10m 3s
Rendered 1343/1591, time remaining: 10m 3s
Rendered 1343/1591, time remaining: 10m 3s
Rendered 1343/1591, time remaining: 10m 3s
Rendered 1344/1591, time remaining: 10m 3s
Rendered 1344/1591, time remaining: 10m 3s
Rendered 1344/1591, time remaining: 10m 3s
Rendered 1344/1591, time remaining: 10m 3s
Rendered 1344/1591, time remaining: 10m 3s
Rendered 1344/1591, time remaining: 10m 3s
Rendered 1344/1591, time remaining: 10m 3s
Rendered 1345/1591, time remaining: 10m 0s
Rendered 1345/1591, time remaining: 10m 0s
Rendered 1345/1591, time remaining: 10m 0s
Rendered 1345/1591, time remaining: 10m 0s
Rendered 1345/1591, time remaining: 10m 0s
Rendered 1346/1591, time remaining: 9m 55s
Rendered 1346/1591, time remaining: 9m 55s
Rendered 1347/1591, time remaining: 9m 52s
Rendered 1347/1591, time remaining: 9m 52s
Rendered 1347/1591, time remaining: 9m 52s
Rendered 1347/1591, time remaining: 9m 52s
Rendered 1347/1591, time remaining: 9m 52s
Rendered 1348/1591, time remaining: 9m 49s
Rendered 1348/1591, time remaining: 9m 49s
Rendered 1348/1591, time remaining: 9m 49s
Rendered 1348/1591, time remaining: 9m 49s
Rendered 1348/1591, time remaining: 9m 49s
Rendered 1348/1591, time remaining: 9m 49s
Rendered 1349/1591, time remaining: 9m 48s
Rendered 1349/1591, time remaining: 9m 48s
Rendered 1349/1591, time remaining: 9m 48s
Rendered 1349/1591, time remaining: 9m 48s
Rendered 1349/1591, time remaining: 9m 48s
Rendered 1349/1591, time remaining: 9m 48s
Rendered 1349/1591, time remaining: 9m 48s
Rendered 1350/1591, time remaining: 9m 43s
Rendered 1350/1591, time remaining: 9m 43s
Rendered 1351/1591, time remaining: 9m 38s
Rendered 1351/1591, time remaining: 9m 38s
Rendered 1351/1591, time remaining: 9m 38s
Rendered 1351/1591, time remaining: 9m 38s
Rendered 1351/1591, time remaining: 9m 38s
Rendered 1351/1591, time remaining: 9m 38s
Rendered 1352/1591, time remaining: 9m 38s
Rendered 1352/1591, time remaining: 9m 38s
Rendered 1352/1591, time remaining: 9m 38s
Rendered 1352/1591, time remaining: 9m 38s
Rendered 1352/1591, time remaining: 9m 38s
Rendered 1352/1591, time remaining: 9m 38s
Rendered 1352/1591, time remaining: 9m 38s
Rendered 1352/1591, time remaining: 9m 38s
Rendered 1352/1591, time remaining: 9m 38s
Rendered 1353/1591, time remaining: 9m 36s
Rendered 1353/1591, time remaining: 9m 36s
Rendered 1353/1591, time remaining: 9m 36s
Rendered 1353/1591, time remaining: 9m 36s
Rendered 1354/1591, time remaining: 9m 34s
Rendered 1354/1591, time remaining: 9m 34s
Rendered 1354/1591, time remaining: 9m 34s
Rendered 1354/1591, time remaining: 9m 34s
Rendered 1354/1591, time remaining: 9m 34s
Rendered 1354/1591, time remaining: 9m 34s
Rendered 1355/1591, time remaining: 9m 29s
Rendered 1355/1591, time remaining: 9m 29s
Rendered 1355/1591, time remaining: 9m 29s
Rendered 1356/1591, time remaining: 9m 28s
Rendered 1356/1591, time remaining: 9m 28s
Rendered 1356/1591, time remaining: 9m 28s
Rendered 1356/1591, time remaining: 9m 28s
Rendered 1356/1591, time remaining: 9m 28s
Rendered 1356/1591, time remaining: 9m 28s
Rendered 1357/1591, time remaining: 9m 26s
Rendered 1357/1591, time remaining: 9m 26s
Rendered 1357/1591, time remaining: 9m 26s
Rendered 1357/1591, time remaining: 9m 26s
Rendered 1357/1591, time remaining: 9m 26s
Rendered 1357/1591, time remaining: 9m 26s
Rendered 1357/1591, time remaining: 9m 26s
Rendered 1357/1591, time remaining: 9m 26s
Rendered 1358/1591, time remaining: 9m 28s
Rendered 1358/1591, time remaining: 9m 28s
Rendered 1358/1591, time remaining: 9m 28s
Rendered 1358/1591, time remaining: 9m 28s
Rendered 1359/1591, time remaining: 9m 17s
Rendered 1359/1591, time remaining: 9m 17s
Rendered 1359/1591, time remaining: 9m 17s
Rendered 1359/1591, time remaining: 9m 17s
Rendered 1360/1591, time remaining: 9m 17s
Rendered 1360/1591, time remaining: 9m 17s
Rendered 1360/1591, time remaining: 9m 17s
Rendered 1360/1591, time remaining: 9m 17s
Rendered 1361/1591, time remaining: 9m 14s
Rendered 1361/1591, time remaining: 9m 14s
Rendered 1361/1591, time remaining: 9m 14s
Rendered 1361/1591, time remaining: 9m 14s
Rendered 1361/1591, time remaining: 9m 14s
Rendered 1362/1591, time remaining: 9m 14s
Rendered 1362/1591, time remaining: 9m 14s
Rendered 1362/1591, time remaining: 9m 14s
Rendered 1362/1591, time remaining: 9m 14s
Rendered 1362/1591, time remaining: 9m 14s
Rendered 1362/1591, time remaining: 9m 14s
Rendered 1362/1591, time remaining: 9m 14s
Rendered 1362/1591, time remaining: 9m 14s
Rendered 1362/1591, time remaining: 9m 14s
Rendered 1362/1591, time remaining: 9m 14s
Rendered 1362/1591, time remaining: 9m 14s
Rendered 1362/1591, time remaining: 9m 14s
Rendered 1363/1591, time remaining: 9m 13s
Rendered 1364/1591, time remaining: 9m 9s
Rendered 1364/1591, time remaining: 9m 9s
Rendered 1364/1591, time remaining: 9m 9s
Rendered 1365/1591, time remaining: 9m 4s
Rendered 1365/1591, time remaining: 9m 4s
Rendered 1365/1591, time remaining: 9m 4s
Rendered 1366/1591, time remaining: 9m 2s
Rendered 1366/1591, time remaining: 9m 2s
Rendered 1366/1591, time remaining: 9m 2s
Rendered 1366/1591, time remaining: 9m 2s
Rendered 1366/1591, time remaining: 9m 2s
Rendered 1366/1591, time remaining: 9m 2s
Rendered 1366/1591, time remaining: 9m 2s
Rendered 1366/1591, time remaining: 9m 2s
Rendered 1366/1591, time remaining: 9m 2s
Rendered 1366/1591, time remaining: 9m 2s
Rendered 1366/1591, time remaining: 9m 2s
Rendered 1366/1591, time remaining: 9m 2s
Rendered 1366/1591, time remaining: 9m 2s
Rendered 1367/1591, time remaining: 9m 2s
Rendered 1367/1591, time remaining: 9m 2s
Rendered 1367/1591, time remaining: 9m 2s
Rendered 1367/1591, time remaining: 9m 2s
Rendered 1367/1591, time remaining: 9m 2s
Rendered 1367/1591, time remaining: 9m 2s
Rendered 1368/1591, time remaining: 9m 4s
Rendered 1368/1591, time remaining: 9m 4s
Rendered 1368/1591, time remaining: 9m 4s
Rendered 1369/1591, time remaining: 8m 59s
Rendered 1370/1591, time remaining: 8m 53s
Rendered 1370/1591, time remaining: 8m 53s
Rendered 1370/1591, time remaining: 8m 53s
Rendered 1370/1591, time remaining: 8m 53s
Rendered 1370/1591, time remaining: 8m 53s
Rendered 1370/1591, time remaining: 8m 53s
Rendered 1371/1591, time remaining: 8m 49s
Rendered 1371/1591, time remaining: 8m 49s
Rendered 1371/1591, time remaining: 8m 49s
Rendered 1371/1591, time remaining: 8m 49s
Rendered 1371/1591, time remaining: 8m 49s
Rendered 1371/1591, time remaining: 8m 49s
Rendered 1371/1591, time remaining: 8m 49s
Rendered 1371/1591, time remaining: 8m 49s
Rendered 1371/1591, time remaining: 8m 49s
Rendered 1371/1591, time remaining: 8m 49s
Rendered 1371/1591, time remaining: 8m 49s
Rendered 1371/1591, time remaining: 8m 49s
Rendered 1371/1591, time remaining: 8m 49s
Rendered 1371/1591, time remaining: 8m 49s
Rendered 1372/1591, time remaining: 8m 56s
Rendered 1373/1591, time remaining: 8m 47s
Rendered 1373/1591, time remaining: 8m 47s
Rendered 1373/1591, time remaining: 8m 47s
Rendered 1374/1591, time remaining: 8m 43s
Rendered 1374/1591, time remaining: 8m 43s
Rendered 1374/1591, time remaining: 8m 43s
Rendered 1375/1591, time remaining: 8m 38s
Rendered 1375/1591, time remaining: 8m 38s
Rendered 1375/1591, time remaining: 8m 38s
Rendered 1375/1591, time remaining: 8m 38s
Rendered 1375/1591, time remaining: 8m 38s
Rendered 1375/1591, time remaining: 8m 38s
Rendered 1375/1591, time remaining: 8m 38s
Rendered 1375/1591, time remaining: 8m 38s
Rendered 1375/1591, time remaining: 8m 38s
Rendered 1375/1591, time remaining: 8m 38s
Rendered 1375/1591, time remaining: 8m 38s
Rendered 1375/1591, time remaining: 8m 38s
Rendered 1375/1591, time remaining: 8m 38s
Rendered 1376/1591, time remaining: 8m 43s
Rendered 1377/1591, time remaining: 8m 36s
Rendered 1377/1591, time remaining: 8m 36s
Rendered 1377/1591, time remaining: 8m 36s
Rendered 1377/1591, time remaining: 8m 36s
Rendered 1377/1591, time remaining: 8m 36s
Rendered 1377/1591, time remaining: 8m 36s
Rendered 1377/1591, time remaining: 8m 36s
Rendered 1378/1591, time remaining: 8m 35s
Rendered 1379/1591, time remaining: 8m 24s
Rendered 1379/1591, time remaining: 8m 24s
Rendered 1379/1591, time remaining: 8m 24s
Rendered 1379/1591, time remaining: 8m 24s
Rendered 1379/1591, time remaining: 8m 24s
Rendered 1379/1591, time remaining: 8m 24s
Rendered 1379/1591, time remaining: 8m 24s
Rendered 1379/1591, time remaining: 8m 24s
Rendered 1379/1591, time remaining: 8m 24s
Rendered 1379/1591, time remaining: 8m 24s
Rendered 1379/1591, time remaining: 8m 24s
Rendered 1380/1591, time remaining: 8m 29s
Rendered 1380/1591, time remaining: 8m 29s
Rendered 1380/1591, time remaining: 8m 29s
Rendered 1380/1591, time remaining: 8m 29s
Rendered 1380/1591, time remaining: 8m 29s
Rendered 1381/1591, time remaining: 8m 28s
Rendered 1381/1591, time remaining: 8m 28s
Rendered 1381/1591, time remaining: 8m 28s
Rendered 1381/1591, time remaining: 8m 28s
Rendered 1381/1591, time remaining: 8m 28s
Rendered 1381/1591, time remaining: 8m 28s
Rendered 1381/1591, time remaining: 8m 28s
Rendered 1381/1591, time remaining: 8m 28s
Rendered 1381/1591, time remaining: 8m 28s
Rendered 1381/1591, time remaining: 8m 28s
Rendered 1382/1591, time remaining: 8m 30s
Rendered 1383/1591, time remaining: 8m 21s
Rendered 1383/1591, time remaining: 8m 21s
Rendered 1383/1591, time remaining: 8m 21s
Rendered 1383/1591, time remaining: 8m 21s
Rendered 1383/1591, time remaining: 8m 21s
Rendered 1383/1591, time remaining: 8m 21s
Rendered 1383/1591, time remaining: 8m 21s
Rendered 1383/1591, time remaining: 8m 21s
Rendered 1384/1591, time remaining: 8m 20s
Rendered 1384/1591, time remaining: 8m 20s
Rendered 1384/1591, time remaining: 8m 20s
Rendered 1384/1591, time remaining: 8m 20s
Rendered 1384/1591, time remaining: 8m 20s
Rendered 1385/1591, time remaining: 8m 20s
Rendered 1385/1591, time remaining: 8m 20s
Rendered 1385/1591, time remaining: 8m 20s
Rendered 1385/1591, time remaining: 8m 20s
Rendered 1385/1591, time remaining: 8m 20s
Rendered 1385/1591, time remaining: 8m 20s
Rendered 1385/1591, time remaining: 8m 20s
Rendered 1385/1591, time remaining: 8m 20s
Rendered 1385/1591, time remaining: 8m 20s
Rendered 1385/1591, time remaining: 8m 20s
Rendered 1386/1591, time remaining: 8m 21s
Rendered 1386/1591, time remaining: 8m 21s
Rendered 1386/1591, time remaining: 8m 21s
Rendered 1386/1591, time remaining: 8m 21s
Rendered 1386/1591, time remaining: 8m 21s
Rendered 1387/1591, time remaining: 8m 16s
Rendered 1387/1591, time remaining: 8m 16s
Rendered 1387/1591, time remaining: 8m 16s
Rendered 1387/1591, time remaining: 8m 16s
Rendered 1388/1591, time remaining: 8m 9s
Rendered 1388/1591, time remaining: 8m 9s
Rendered 1388/1591, time remaining: 8m 9s
Rendered 1388/1591, time remaining: 8m 9s
Rendered 1389/1591, time remaining: 8m 9s
Rendered 1389/1591, time remaining: 8m 9s
Rendered 1389/1591, time remaining: 8m 9s
Rendered 1389/1591, time remaining: 8m 9s
Rendered 1389/1591, time remaining: 8m 9s
Rendered 1389/1591, time remaining: 8m 9s
Rendered 1390/1591, time remaining: 8m 6s
Rendered 1390/1591, time remaining: 8m 6s
Rendered 1390/1591, time remaining: 8m 6s
Rendered 1390/1591, time remaining: 8m 6s
Rendered 1390/1591, time remaining: 8m 6s
Rendered 1390/1591, time remaining: 8m 6s
Rendered 1391/1591, time remaining: 8m 6s
Rendered 1391/1591, time remaining: 8m 6s
Rendered 1391/1591, time remaining: 8m 6s
Rendered 1391/1591, time remaining: 8m 6s
Rendered 1391/1591, time remaining: 8m 6s
Rendered 1391/1591, time remaining: 8m 6s
Rendered 1391/1591, time remaining: 8m 6s
Rendered 1391/1591, time remaining: 8m 6s
Rendered 1391/1591, time remaining: 8m 6s
Rendered 1392/1591, time remaining: 8m 2s
Rendered 1392/1591, time remaining: 8m 2s
Rendered 1392/1591, time remaining: 8m 2s
Rendered 1392/1591, time remaining: 8m 2s
Rendered 1392/1591, time remaining: 8m 2s
Rendered 1392/1591, time remaining: 8m 2s
Rendered 1393/1591, time remaining: 8m 1s
Rendered 1394/1591, time remaining: 7m 55s
Rendered 1394/1591, time remaining: 7m 55s
Rendered 1394/1591, time remaining: 7m 55s
Rendered 1394/1591, time remaining: 7m 55s
Rendered 1394/1591, time remaining: 7m 55s
Rendered 1394/1591, time remaining: 7m 55s
Rendered 1394/1591, time remaining: 7m 55s
Rendered 1394/1591, time remaining: 7m 55s
Rendered 1395/1591, time remaining: 7m 56s
Rendered 1395/1591, time remaining: 7m 56s
Rendered 1395/1591, time remaining: 7m 56s
Rendered 1395/1591, time remaining: 7m 56s
Rendered 1395/1591, time remaining: 7m 56s
Rendered 1395/1591, time remaining: 7m 56s
Rendered 1395/1591, time remaining: 7m 56s
Rendered 1395/1591, time remaining: 7m 56s
Rendered 1395/1591, time remaining: 7m 56s
Rendered 1395/1591, time remaining: 7m 56s
Rendered 1395/1591, time remaining: 7m 56s
Rendered 1396/1591, time remaining: 7m 53s
Rendered 1396/1591, time remaining: 7m 53s
Rendered 1396/1591, time remaining: 7m 53s
Rendered 1396/1591, time remaining: 7m 53s
Rendered 1396/1591, time remaining: 7m 53s
Rendered 1396/1591, time remaining: 7m 53s
Rendered 1396/1591, time remaining: 7m 53s
Rendered 1396/1591, time remaining: 7m 53s
Rendered 1396/1591, time remaining: 7m 53s
Rendered 1397/1591, time remaining: 7m 52s
Rendered 1398/1591, time remaining: 7m 48s
Rendered 1398/1591, time remaining: 7m 48s
Rendered 1398/1591, time remaining: 7m 48s
Rendered 1398/1591, time remaining: 7m 48s
Rendered 1399/1591, time remaining: 7m 47s
Rendered 1399/1591, time remaining: 7m 47s
Rendered 1399/1591, time remaining: 7m 47s
Rendered 1400/1591, time remaining: 7m 39s
Rendered 1400/1591, time remaining: 7m 39s
Rendered 1400/1591, time remaining: 7m 39s
Rendered 1400/1591, time remaining: 7m 39s
Rendered 1400/1591, time remaining: 7m 39s
Rendered 1400/1591, time remaining: 7m 39s
Rendered 1400/1591, time remaining: 7m 39s
Rendered 1400/1591, time remaining: 7m 39s
Rendered 1400/1591, time remaining: 7m 39s
Rendered 1400/1591, time remaining: 7m 39s
Rendered 1400/1591, time remaining: 7m 39s
Rendered 1400/1591, time remaining: 7m 39s
Rendered 1400/1591, time remaining: 7m 39s
Rendered 1400/1591, time remaining: 7m 39s
Rendered 1401/1591, time remaining: 7m 41s
Rendered 1401/1591, time remaining: 7m 41s
Rendered 1401/1591, time remaining: 7m 41s
Rendered 1401/1591, time remaining: 7m 41s
Rendered 1401/1591, time remaining: 7m 41s
Rendered 1401/1591, time remaining: 7m 41s
Rendered 1402/1591, time remaining: 7m 41s
Rendered 1403/1591, time remaining: 7m 37s
Rendered 1403/1591, time remaining: 7m 37s
Rendered 1403/1591, time remaining: 7m 37s
Rendered 1403/1591, time remaining: 7m 37s
Rendered 1404/1591, time remaining: 7m 28s
Rendered 1404/1591, time remaining: 7m 28s
Rendered 1404/1591, time remaining: 7m 28s
Rendered 1404/1591, time remaining: 7m 28s
Rendered 1404/1591, time remaining: 7m 28s
Rendered 1404/1591, time remaining: 7m 28s
Rendered 1404/1591, time remaining: 7m 28s
Rendered 1404/1591, time remaining: 7m 28s
Rendered 1405/1591, time remaining: 7m 28s
Rendered 1405/1591, time remaining: 7m 28s
Rendered 1405/1591, time remaining: 7m 28s
Rendered 1405/1591, time remaining: 7m 28s
Rendered 1405/1591, time remaining: 7m 28s
Rendered 1405/1591, time remaining: 7m 28s
Rendered 1405/1591, time remaining: 7m 28s
Rendered 1405/1591, time remaining: 7m 28s
Rendered 1405/1591, time remaining: 7m 28s
Rendered 1405/1591, time remaining: 7m 28s
Rendered 1405/1591, time remaining: 7m 28s
Rendered 1405/1591, time remaining: 7m 28s
Rendered 1406/1591, time remaining: 7m 31s
Rendered 1407/1591, time remaining: 7m 26s
Rendered 1407/1591, time remaining: 7m 26s
Rendered 1407/1591, time remaining: 7m 26s
Rendered 1408/1591, time remaining: 7m 20s
Rendered 1408/1591, time remaining: 7m 20s
Rendered 1408/1591, time remaining: 7m 20s
Rendered 1409/1591, time remaining: 7m 15s
Rendered 1409/1591, time remaining: 7m 15s
Rendered 1409/1591, time remaining: 7m 15s
Rendered 1409/1591, time remaining: 7m 15s
Rendered 1409/1591, time remaining: 7m 15s
Rendered 1409/1591, time remaining: 7m 15s
Rendered 1409/1591, time remaining: 7m 15s
Rendered 1409/1591, time remaining: 7m 15s
Rendered 1409/1591, time remaining: 7m 15s
Rendered 1409/1591, time remaining: 7m 15s
Rendered 1409/1591, time remaining: 7m 15s
Rendered 1409/1591, time remaining: 7m 15s
Rendered 1409/1591, time remaining: 7m 15s
Rendered 1409/1591, time remaining: 7m 15s
Rendered 1409/1591, time remaining: 7m 15s
Rendered 1410/1591, time remaining: 7m 20s
Rendered 1411/1591, time remaining: 7m 14s
Rendered 1411/1591, time remaining: 7m 14s
Rendered 1411/1591, time remaining: 7m 14s
Rendered 1411/1591, time remaining: 7m 14s
Rendered 1411/1591, time remaining: 7m 14s
Rendered 1412/1591, time remaining: 7m 8s
Rendered 1412/1591, time remaining: 7m 8s
Rendered 1412/1591, time remaining: 7m 8s
Rendered 1412/1591, time remaining: 7m 8s
Rendered 1413/1591, time remaining: 7m 6s
Rendered 1413/1591, time remaining: 7m 6s
Rendered 1413/1591, time remaining: 7m 6s
Rendered 1413/1591, time remaining: 7m 6s
Rendered 1413/1591, time remaining: 7m 6s
Rendered 1413/1591, time remaining: 7m 6s
Rendered 1413/1591, time remaining: 7m 6s
Rendered 1413/1591, time remaining: 7m 6s
Rendered 1414/1591, time remaining: 7m 6s
Rendered 1414/1591, time remaining: 7m 6s
Rendered 1414/1591, time remaining: 7m 6s
Rendered 1414/1591, time remaining: 7m 6s
Rendered 1414/1591, time remaining: 7m 6s
Rendered 1414/1591, time remaining: 7m 6s
Rendered 1414/1591, time remaining: 7m 6s
Rendered 1414/1591, time remaining: 7m 6s
Rendered 1415/1591, time remaining: 7m 5s
Rendered 1415/1591, time remaining: 7m 5s
Rendered 1416/1591, time remaining: 6m 59s
Rendered 1416/1591, time remaining: 6m 59s
Rendered 1416/1591, time remaining: 6m 59s
Rendered 1416/1591, time remaining: 6m 59s
Rendered 1416/1591, time remaining: 6m 59s
Rendered 1416/1591, time remaining: 6m 59s
Rendered 1416/1591, time remaining: 6m 59s
Rendered 1416/1591, time remaining: 6m 59s
Rendered 1416/1591, time remaining: 6m 59s
Rendered 1417/1591, time remaining: 7m 0s
Rendered 1417/1591, time remaining: 7m 0s
Rendered 1417/1591, time remaining: 7m 0s
Rendered 1417/1591, time remaining: 7m 0s
Rendered 1417/1591, time remaining: 7m 0s
Rendered 1418/1591, time remaining: 6m 57s
Rendered 1418/1591, time remaining: 6m 57s
Rendered 1418/1591, time remaining: 6m 57s
Rendered 1418/1591, time remaining: 6m 57s
Rendered 1418/1591, time remaining: 6m 57s
Rendered 1419/1591, time remaining: 6m 53s
Rendered 1419/1591, time remaining: 6m 53s
Rendered 1419/1591, time remaining: 6m 53s
Rendered 1419/1591, time remaining: 6m 53s
Rendered 1419/1591, time remaining: 6m 53s
Rendered 1419/1591, time remaining: 6m 53s
Rendered 1419/1591, time remaining: 6m 53s
Rendered 1420/1591, time remaining: 6m 48s
Rendered 1420/1591, time remaining: 6m 48s
Rendered 1420/1591, time remaining: 6m 48s
Rendered 1420/1591, time remaining: 6m 48s
Rendered 1420/1591, time remaining: 6m 48s
Rendered 1420/1591, time remaining: 6m 48s
Rendered 1420/1591, time remaining: 6m 48s
Rendered 1420/1591, time remaining: 6m 48s
Rendered 1420/1591, time remaining: 6m 48s
Rendered 1420/1591, time remaining: 6m 48s
Rendered 1420/1591, time remaining: 6m 48s
Rendered 1421/1591, time remaining: 6m 51s
Rendered 1422/1591, time remaining: 6m 48s
Rendered 1422/1591, time remaining: 6m 48s
Rendered 1422/1591, time remaining: 6m 48s
Rendered 1422/1591, time remaining: 6m 48s
Rendered 1422/1591, time remaining: 6m 48s
Rendered 1422/1591, time remaining: 6m 48s
Rendered 1422/1591, time remaining: 6m 48s
Rendered 1422/1591, time remaining: 6m 48s
Rendered 1422/1591, time remaining: 6m 48s
Rendered 1423/1591, time remaining: 6m 48s
Rendered 1423/1591, time remaining: 6m 48s
Rendered 1423/1591, time remaining: 6m 48s
Rendered 1423/1591, time remaining: 6m 48s
Rendered 1424/1591, time remaining: 6m 37s
Rendered 1424/1591, time remaining: 6m 37s
Rendered 1424/1591, time remaining: 6m 37s
Rendered 1424/1591, time remaining: 6m 37s
Rendered 1424/1591, time remaining: 6m 37s
Rendered 1425/1591, time remaining: 6m 37s
Rendered 1425/1591, time remaining: 6m 37s
Rendered 1425/1591, time remaining: 6m 37s
Rendered 1425/1591, time remaining: 6m 37s
Rendered 1425/1591, time remaining: 6m 37s
Rendered 1425/1591, time remaining: 6m 37s
Rendered 1425/1591, time remaining: 6m 37s
Rendered 1425/1591, time remaining: 6m 37s
Rendered 1426/1591, time remaining: 6m 39s
Rendered 1426/1591, time remaining: 6m 39s
Rendered 1426/1591, time remaining: 6m 39s
Rendered 1426/1591, time remaining: 6m 39s
Rendered 1426/1591, time remaining: 6m 39s
Rendered 1426/1591, time remaining: 6m 39s
Rendered 1426/1591, time remaining: 6m 39s
Rendered 1427/1591, time remaining: 6m 38s
Rendered 1427/1591, time remaining: 6m 38s
Rendered 1427/1591, time remaining: 6m 38s
Rendered 1428/1591, time remaining: 6m 28s
Rendered 1428/1591, time remaining: 6m 28s
Rendered 1428/1591, time remaining: 6m 28s
Rendered 1428/1591, time remaining: 6m 28s
Rendered 1428/1591, time remaining: 6m 28s
Rendered 1429/1591, time remaining: 6m 28s
Rendered 1429/1591, time remaining: 6m 28s
Rendered 1429/1591, time remaining: 6m 28s
Rendered 1429/1591, time remaining: 6m 28s
Rendered 1429/1591, time remaining: 6m 28s
Rendered 1429/1591, time remaining: 6m 28s
Rendered 1430/1591, time remaining: 6m 26s
Rendered 1430/1591, time remaining: 6m 26s
Rendered 1430/1591, time remaining: 6m 26s
Rendered 1430/1591, time remaining: 6m 26s
Rendered 1430/1591, time remaining: 6m 26s
Rendered 1430/1591, time remaining: 6m 26s
Rendered 1430/1591, time remaining: 6m 26s
Rendered 1430/1591, time remaining: 6m 26s
Rendered 1431/1591, time remaining: 6m 23s
Rendered 1431/1591, time remaining: 6m 23s
Rendered 1431/1591, time remaining: 6m 23s
Rendered 1431/1591, time remaining: 6m 23s
Rendered 1431/1591, time remaining: 6m 23s
Rendered 1432/1591, time remaining: 6m 20s
Rendered 1432/1591, time remaining: 6m 20s
Rendered 1432/1591, time remaining: 6m 20s
Rendered 1433/1591, time remaining: 6m 14s
Rendered 1433/1591, time remaining: 6m 14s
Rendered 1433/1591, time remaining: 6m 14s
Rendered 1433/1591, time remaining: 6m 14s
Rendered 1433/1591, time remaining: 6m 14s
Rendered 1434/1591, time remaining: 6m 12s
Rendered 1434/1591, time remaining: 6m 12s
Rendered 1434/1591, time remaining: 6m 12s
Rendered 1434/1591, time remaining: 6m 12s
Rendered 1434/1591, time remaining: 6m 12s
Rendered 1434/1591, time remaining: 6m 12s
Rendered 1434/1591, time remaining: 6m 12s
Rendered 1434/1591, time remaining: 6m 12s
Rendered 1435/1591, time remaining: 6m 11s
Rendered 1435/1591, time remaining: 6m 11s
Rendered 1435/1591, time remaining: 6m 11s
Rendered 1435/1591, time remaining: 6m 11s
Rendered 1435/1591, time remaining: 6m 11s
Rendered 1435/1591, time remaining: 6m 11s
Rendered 1435/1591, time remaining: 6m 11s
Rendered 1436/1591, time remaining: 6m 10s
Rendered 1436/1591, time remaining: 6m 10s
Rendered 1436/1591, time remaining: 6m 10s
Rendered 1436/1591, time remaining: 6m 10s
Rendered 1436/1591, time remaining: 6m 10s
Rendered 1436/1591, time remaining: 6m 10s
Rendered 1437/1591, time remaining: 6m 3s
Rendered 1437/1591, time remaining: 6m 3s
Rendered 1438/1591, time remaining: 6m 1s
Rendered 1438/1591, time remaining: 6m 1s
Rendered 1438/1591, time remaining: 6m 1s
Rendered 1438/1591, time remaining: 6m 1s
Rendered 1439/1591, time remaining: 5m 58s
Rendered 1439/1591, time remaining: 5m 58s
Rendered 1439/1591, time remaining: 5m 58s
Rendered 1439/1591, time remaining: 5m 58s
Rendered 1439/1591, time remaining: 5m 58s
Rendered 1439/1591, time remaining: 5m 58s
Rendered 1439/1591, time remaining: 5m 58s
Rendered 1439/1591, time remaining: 5m 58s
Rendered 1439/1591, time remaining: 5m 58s
Rendered 1439/1591, time remaining: 5m 58s
Rendered 1439/1591, time remaining: 5m 58s
Rendered 1439/1591, time remaining: 5m 58s
Rendered 1440/1591, time remaining: 5m 59s
Rendered 1440/1591, time remaining: 5m 59s
Rendered 1441/1591, time remaining: 5m 53s
Rendered 1441/1591, time remaining: 5m 53s
Rendered 1441/1591, time remaining: 5m 53s
Rendered 1441/1591, time remaining: 5m 53s
Rendered 1441/1591, time remaining: 5m 53s
Rendered 1441/1591, time remaining: 5m 53s
Rendered 1441/1591, time remaining: 5m 53s
Rendered 1442/1591, time remaining: 5m 53s
Rendered 1443/1591, time remaining: 5m 47s
Rendered 1443/1591, time remaining: 5m 47s
Rendered 1443/1591, time remaining: 5m 47s
Rendered 1443/1591, time remaining: 5m 47s
Rendered 1443/1591, time remaining: 5m 47s
Rendered 1443/1591, time remaining: 5m 47s
Rendered 1443/1591, time remaining: 5m 47s
Rendered 1443/1591, time remaining: 5m 47s
Rendered 1444/1591, time remaining: 5m 45s
Rendered 1444/1591, time remaining: 5m 45s
Rendered 1444/1591, time remaining: 5m 45s
Rendered 1444/1591, time remaining: 5m 45s
Rendered 1444/1591, time remaining: 5m 45s
Rendered 1444/1591, time remaining: 5m 45s
Rendered 1444/1591, time remaining: 5m 45s
Rendered 1444/1591, time remaining: 5m 45s
Rendered 1444/1591, time remaining: 5m 45s
Rendered 1444/1591, time remaining: 5m 45s
Rendered 1445/1591, time remaining: 5m 44s
Rendered 1445/1591, time remaining: 5m 44s
Rendered 1445/1591, time remaining: 5m 44s
Rendered 1445/1591, time remaining: 5m 44s
Rendered 1445/1591, time remaining: 5m 44s
Rendered 1446/1591, time remaining: 5m 43s
Rendered 1447/1591, time remaining: 5m 35s
Rendered 1447/1591, time remaining: 5m 35s
Rendered 1447/1591, time remaining: 5m 35s
Rendered 1447/1591, time remaining: 5m 35s
Rendered 1448/1591, time remaining: 5m 34s
Rendered 1448/1591, time remaining: 5m 34s
Rendered 1448/1591, time remaining: 5m 34s
Rendered 1448/1591, time remaining: 5m 34s
Rendered 1448/1591, time remaining: 5m 34s
Rendered 1448/1591, time remaining: 5m 34s
Rendered 1448/1591, time remaining: 5m 34s
Rendered 1448/1591, time remaining: 5m 34s
Rendered 1448/1591, time remaining: 5m 34s
Rendered 1449/1591, time remaining: 5m 32s
Rendered 1449/1591, time remaining: 5m 32s
Rendered 1449/1591, time remaining: 5m 32s
Rendered 1449/1591, time remaining: 5m 32s
Rendered 1449/1591, time remaining: 5m 32s
Rendered 1449/1591, time remaining: 5m 32s
Rendered 1449/1591, time remaining: 5m 32s
Rendered 1449/1591, time remaining: 5m 32s
Rendered 1449/1591, time remaining: 5m 32s
Rendered 1449/1591, time remaining: 5m 32s
Rendered 1449/1591, time remaining: 5m 32s
Rendered 1449/1591, time remaining: 5m 32s
Rendered 1449/1591, time remaining: 5m 32s
Rendered 1450/1591, time remaining: 5m 35s
Rendered 1450/1591, time remaining: 5m 35s
Rendered 1451/1591, time remaining: 5m 29s
Rendered 1451/1591, time remaining: 5m 29s
Rendered 1452/1591, time remaining: 5m 27s
Rendered 1452/1591, time remaining: 5m 27s
Rendered 1452/1591, time remaining: 5m 27s
Rendered 1452/1591, time remaining: 5m 27s
Rendered 1452/1591, time remaining: 5m 27s
Rendered 1453/1591, time remaining: 5m 20s
Rendered 1453/1591, time remaining: 5m 20s
Rendered 1453/1591, time remaining: 5m 20s
Rendered 1453/1591, time remaining: 5m 20s
Rendered 1453/1591, time remaining: 5m 20s
Rendered 1453/1591, time remaining: 5m 20s
Rendered 1453/1591, time remaining: 5m 20s
Rendered 1453/1591, time remaining: 5m 20s
Rendered 1453/1591, time remaining: 5m 20s
Rendered 1454/1591, time remaining: 5m 21s
Rendered 1454/1591, time remaining: 5m 21s
Rendered 1454/1591, time remaining: 5m 21s
Rendered 1454/1591, time remaining: 5m 21s
Rendered 1455/1591, time remaining: 5m 18s
Rendered 1455/1591, time remaining: 5m 18s
Rendered 1455/1591, time remaining: 5m 18s
Rendered 1455/1591, time remaining: 5m 18s
Rendered 1455/1591, time remaining: 5m 18s
Rendered 1455/1591, time remaining: 5m 18s
Rendered 1455/1591, time remaining: 5m 18s
Rendered 1455/1591, time remaining: 5m 18s
Rendered 1456/1591, time remaining: 5m 18s
Rendered 1457/1591, time remaining: 5m 11s
Rendered 1457/1591, time remaining: 5m 11s
Rendered 1457/1591, time remaining: 5m 11s
Rendered 1457/1591, time remaining: 5m 11s
Rendered 1457/1591, time remaining: 5m 11s
Rendered 1457/1591, time remaining: 5m 11s
Rendered 1457/1591, time remaining: 5m 11s
Rendered 1457/1591, time remaining: 5m 11s
Rendered 1458/1591, time remaining: 5m 11s
Rendered 1458/1591, time remaining: 5m 11s
Rendered 1458/1591, time remaining: 5m 11s
Rendered 1458/1591, time remaining: 5m 11s
Rendered 1458/1591, time remaining: 5m 11s
Rendered 1459/1591, time remaining: 5m 6s
Rendered 1459/1591, time remaining: 5m 6s
Rendered 1459/1591, time remaining: 5m 6s
Rendered 1459/1591, time remaining: 5m 6s
Rendered 1459/1591, time remaining: 5m 6s
Rendered 1459/1591, time remaining: 5m 6s
Rendered 1459/1591, time remaining: 5m 6s
Rendered 1459/1591, time remaining: 5m 6s
Rendered 1459/1591, time remaining: 5m 6s
Rendered 1459/1591, time remaining: 5m 6s
Rendered 1459/1591, time remaining: 5m 6s
Rendered 1459/1591, time remaining: 5m 6s
Rendered 1459/1591, time remaining: 5m 6s
Rendered 1460/1591, time remaining: 5m 9s
Rendered 1461/1591, time remaining: 5m 3s
Rendered 1461/1591, time remaining: 5m 3s
Rendered 1461/1591, time remaining: 5m 3s
Rendered 1461/1591, time remaining: 5m 3s
Rendered 1462/1591, time remaining: 5m 1s
Rendered 1462/1591, time remaining: 5m 1s
Rendered 1463/1591, time remaining: 4m 57s
Rendered 1463/1591, time remaining: 4m 57s
Rendered 1463/1591, time remaining: 4m 57s
Rendered 1463/1591, time remaining: 4m 57s
Rendered 1463/1591, time remaining: 4m 57s
Rendered 1463/1591, time remaining: 4m 57s
Rendered 1463/1591, time remaining: 4m 57s
Rendered 1463/1591, time remaining: 4m 57s
Rendered 1463/1591, time remaining: 4m 57s
Rendered 1463/1591, time remaining: 4m 57s
Rendered 1463/1591, time remaining: 4m 57s
Rendered 1463/1591, time remaining: 4m 57s
Rendered 1463/1591, time remaining: 4m 57s
Rendered 1464/1591, time remaining: 4m 57s
Rendered 1464/1591, time remaining: 4m 57s
Rendered 1464/1591, time remaining: 4m 57s
Rendered 1464/1591, time remaining: 4m 57s
Rendered 1464/1591, time remaining: 4m 57s
Rendered 1464/1591, time remaining: 4m 57s
Rendered 1464/1591, time remaining: 4m 57s
Rendered 1465/1591, time remaining: 4m 55s
Rendered 1465/1591, time remaining: 4m 55s
Rendered 1465/1591, time remaining: 4m 55s
Rendered 1466/1591, time remaining: 4m 52s
Rendered 1467/1591, time remaining: 4m 47s
Rendered 1467/1591, time remaining: 4m 47s
Rendered 1467/1591, time remaining: 4m 47s
Rendered 1467/1591, time remaining: 4m 47s
Rendered 1467/1591, time remaining: 4m 47s
Rendered 1467/1591, time remaining: 4m 47s
Rendered 1467/1591, time remaining: 4m 47s
Rendered 1467/1591, time remaining: 4m 47s
Rendered 1468/1591, time remaining: 4m 47s
Rendered 1468/1591, time remaining: 4m 47s
Rendered 1468/1591, time remaining: 4m 47s
Rendered 1468/1591, time remaining: 4m 47s
Rendered 1468/1591, time remaining: 4m 47s
Rendered 1468/1591, time remaining: 4m 47s
Rendered 1468/1591, time remaining: 4m 47s
Rendered 1468/1591, time remaining: 4m 47s
Rendered 1468/1591, time remaining: 4m 47s
Rendered 1468/1591, time remaining: 4m 47s
Rendered 1468/1591, time remaining: 4m 47s
Rendered 1468/1591, time remaining: 4m 47s
Rendered 1469/1591, time remaining: 4m 47s
Rendered 1469/1591, time remaining: 4m 47s
Rendered 1469/1591, time remaining: 4m 47s
Rendered 1469/1591, time remaining: 4m 47s
Rendered 1469/1591, time remaining: 4m 47s
Rendered 1469/1591, time remaining: 4m 47s
Rendered 1469/1591, time remaining: 4m 47s
Rendered 1470/1591, time remaining: 4m 44s
Rendered 1471/1591, time remaining: 4m 40s
Rendered 1471/1591, time remaining: 4m 40s
Rendered 1471/1591, time remaining: 4m 40s
Rendered 1472/1591, time remaining: 4m 37s
Rendered 1472/1591, time remaining: 4m 37s
Rendered 1472/1591, time remaining: 4m 37s
Rendered 1472/1591, time remaining: 4m 37s
Rendered 1472/1591, time remaining: 4m 37s
Rendered 1473/1591, time remaining: 4m 33s
Rendered 1473/1591, time remaining: 4m 33s
Rendered 1473/1591, time remaining: 4m 33s
Rendered 1473/1591, time remaining: 4m 33s
Rendered 1473/1591, time remaining: 4m 33s
Rendered 1473/1591, time remaining: 4m 33s
Rendered 1473/1591, time remaining: 4m 33s
Rendered 1473/1591, time remaining: 4m 33s
Rendered 1473/1591, time remaining: 4m 33s
Rendered 1473/1591, time remaining: 4m 33s
Rendered 1473/1591, time remaining: 4m 33s
Rendered 1473/1591, time remaining: 4m 33s
Rendered 1473/1591, time remaining: 4m 33s
Rendered 1473/1591, time remaining: 4m 33s
Rendered 1473/1591, time remaining: 4m 33s
Rendered 1474/1591, time remaining: 4m 36s
Rendered 1474/1591, time remaining: 4m 36s
Rendered 1474/1591, time remaining: 4m 36s
Rendered 1474/1591, time remaining: 4m 36s
Rendered 1475/1591, time remaining: 4m 32s
Rendered 1476/1591, time remaining: 4m 29s
Rendered 1476/1591, time remaining: 4m 29s
Rendered 1476/1591, time remaining: 4m 29s
Rendered 1477/1591, time remaining: 4m 24s
Rendered 1477/1591, time remaining: 4m 24s
Rendered 1477/1591, time remaining: 4m 24s
Rendered 1477/1591, time remaining: 4m 24s
Rendered 1477/1591, time remaining: 4m 24s
Rendered 1477/1591, time remaining: 4m 24s
Rendered 1477/1591, time remaining: 4m 24s
Rendered 1477/1591, time remaining: 4m 24s
Rendered 1477/1591, time remaining: 4m 24s
Rendered 1477/1591, time remaining: 4m 24s
Rendered 1477/1591, time remaining: 4m 24s
Rendered 1478/1591, time remaining: 4m 25s
Rendered 1478/1591, time remaining: 4m 25s
Rendered 1478/1591, time remaining: 4m 25s
Rendered 1478/1591, time remaining: 4m 25s
Rendered 1478/1591, time remaining: 4m 25s
Rendered 1478/1591, time remaining: 4m 25s
Rendered 1478/1591, time remaining: 4m 25s
Rendered 1478/1591, time remaining: 4m 25s
Rendered 1478/1591, time remaining: 4m 25s
Rendered 1478/1591, time remaining: 4m 25s
Rendered 1478/1591, time remaining: 4m 25s
Rendered 1478/1591, time remaining: 4m 25s
Rendered 1478/1591, time remaining: 4m 25s
Rendered 1478/1591, time remaining: 4m 25s
Rendered 1478/1591, time remaining: 4m 25s
Rendered 1478/1591, time remaining: 4m 25s
Rendered 1479/1591, time remaining: 4m 27s
Rendered 1480/1591, time remaining: 4m 24s
Rendered 1481/1591, time remaining: 4m 18s
Rendered 1481/1591, time remaining: 4m 18s
Rendered 1481/1591, time remaining: 4m 18s
Rendered 1481/1591, time remaining: 4m 18s
Rendered 1481/1591, time remaining: 4m 18s
Rendered 1481/1591, time remaining: 4m 18s
Rendered 1482/1591, time remaining: 4m 16s
Rendered 1482/1591, time remaining: 4m 16s
Rendered 1482/1591, time remaining: 4m 16s
Rendered 1482/1591, time remaining: 4m 16s
Rendered 1482/1591, time remaining: 4m 16s
Rendered 1482/1591, time remaining: 4m 16s
Rendered 1482/1591, time remaining: 4m 16s
Rendered 1482/1591, time remaining: 4m 16s
Rendered 1482/1591, time remaining: 4m 16s
Rendered 1482/1591, time remaining: 4m 16s
Rendered 1482/1591, time remaining: 4m 16s
Rendered 1482/1591, time remaining: 4m 16s
Rendered 1482/1591, time remaining: 4m 16s
Rendered 1482/1591, time remaining: 4m 16s
Rendered 1483/1591, time remaining: 4m 17s
Rendered 1483/1591, time remaining: 4m 17s
Rendered 1484/1591, time remaining: 4m 15s
Rendered 1485/1591, time remaining: 4m 9s
Rendered 1485/1591, time remaining: 4m 9s
Rendered 1485/1591, time remaining: 4m 9s
Rendered 1485/1591, time remaining: 4m 9s
Rendered 1485/1591, time remaining: 4m 9s
Rendered 1486/1591, time remaining: 4m 6s
Rendered 1486/1591, time remaining: 4m 6s
Rendered 1486/1591, time remaining: 4m 6s
Rendered 1486/1591, time remaining: 4m 6s
Rendered 1486/1591, time remaining: 4m 6s
Rendered 1486/1591, time remaining: 4m 6s
Rendered 1486/1591, time remaining: 4m 6s
Rendered 1486/1591, time remaining: 4m 6s
Rendered 1486/1591, time remaining: 4m 6s
Rendered 1486/1591, time remaining: 4m 6s
Rendered 1487/1591, time remaining: 4m 6s
Rendered 1487/1591, time remaining: 4m 6s
Rendered 1487/1591, time remaining: 4m 6s
Rendered 1487/1591, time remaining: 4m 6s
Rendered 1487/1591, time remaining: 4m 6s
Rendered 1487/1591, time remaining: 4m 6s
Rendered 1487/1591, time remaining: 4m 6s
Rendered 1487/1591, time remaining: 4m 6s
Rendered 1487/1591, time remaining: 4m 6s
Rendered 1487/1591, time remaining: 4m 6s
Rendered 1487/1591, time remaining: 4m 6s
Rendered 1487/1591, time remaining: 4m 6s
Rendered 1487/1591, time remaining: 4m 6s
Rendered 1488/1591, time remaining: 4m 7s
Rendered 1488/1591, time remaining: 4m 7s
Rendered 1489/1591, time remaining: 4m 4s
Rendered 1489/1591, time remaining: 4m 4s
Rendered 1490/1591, time remaining: 3m 59s
Rendered 1490/1591, time remaining: 3m 59s
Rendered 1490/1591, time remaining: 3m 59s
Rendered 1490/1591, time remaining: 3m 59s
Rendered 1490/1591, time remaining: 3m 59s
Rendered 1491/1591, time remaining: 3m 57s
Rendered 1491/1591, time remaining: 3m 57s
Rendered 1491/1591, time remaining: 3m 57s
Rendered 1491/1591, time remaining: 3m 57s
Rendered 1491/1591, time remaining: 3m 57s
Rendered 1491/1591, time remaining: 3m 57s
Rendered 1491/1591, time remaining: 3m 57s
Rendered 1491/1591, time remaining: 3m 57s
Rendered 1491/1591, time remaining: 3m 57s
Rendered 1492/1591, time remaining: 3m 57s
Rendered 1492/1591, time remaining: 3m 57s
Rendered 1492/1591, time remaining: 3m 57s
Rendered 1492/1591, time remaining: 3m 57s
Rendered 1492/1591, time remaining: 3m 57s
Rendered 1492/1591, time remaining: 3m 57s
Rendered 1492/1591, time remaining: 3m 57s
Rendered 1492/1591, time remaining: 3m 57s
Rendered 1492/1591, time remaining: 3m 57s
Rendered 1492/1591, time remaining: 3m 57s
Rendered 1493/1591, time remaining: 3m 56s
Rendered 1494/1591, time remaining: 3m 52s
Rendered 1494/1591, time remaining: 3m 52s
Rendered 1494/1591, time remaining: 3m 52s
Rendered 1494/1591, time remaining: 3m 52s
Rendered 1495/1591, time remaining: 3m 49s
Rendered 1495/1591, time remaining: 3m 49s
Rendered 1495/1591, time remaining: 3m 49s
Rendered 1495/1591, time remaining: 3m 49s
Rendered 1495/1591, time remaining: 3m 49s
Rendered 1496/1591, time remaining: 3m 46s
Rendered 1496/1591, time remaining: 3m 46s
Rendered 1496/1591, time remaining: 3m 46s
Rendered 1496/1591, time remaining: 3m 46s
Rendered 1496/1591, time remaining: 3m 46s
Rendered 1496/1591, time remaining: 3m 46s
Rendered 1496/1591, time remaining: 3m 46s
Rendered 1496/1591, time remaining: 3m 46s
Rendered 1496/1591, time remaining: 3m 46s
Rendered 1496/1591, time remaining: 3m 46s
Rendered 1496/1591, time remaining: 3m 46s
Rendered 1496/1591, time remaining: 3m 46s
Rendered 1496/1591, time remaining: 3m 46s
Rendered 1496/1591, time remaining: 3m 46s
Rendered 1497/1591, time remaining: 3m 48s
Rendered 1497/1591, time remaining: 3m 48s
Rendered 1497/1591, time remaining: 3m 48s
Rendered 1497/1591, time remaining: 3m 48s
Rendered 1497/1591, time remaining: 3m 48s
Rendered 1497/1591, time remaining: 3m 48s
Rendered 1498/1591, time remaining: 3m 45s
Rendered 1499/1591, time remaining: 3m 41s
Rendered 1499/1591, time remaining: 3m 41s
Rendered 1499/1591, time remaining: 3m 41s
Rendered 1500/1591, time remaining: 3m 38s
Rendered 1500/1591, time remaining: 3m 38s
Rendered 1500/1591, time remaining: 3m 38s
Rendered 1500/1591, time remaining: 3m 38s
Rendered 1500/1591, time remaining: 3m 38s
Rendered 1501/1591, time remaining: 3m 36s
Rendered 1501/1591, time remaining: 3m 36s
Rendered 1501/1591, time remaining: 3m 36s
Rendered 1501/1591, time remaining: 3m 36s
Rendered 1501/1591, time remaining: 3m 36s
Rendered 1501/1591, time remaining: 3m 36s
Rendered 1501/1591, time remaining: 3m 36s
Rendered 1501/1591, time remaining: 3m 36s
Rendered 1501/1591, time remaining: 3m 36s
Rendered 1501/1591, time remaining: 3m 36s
Rendered 1501/1591, time remaining: 3m 36s
Rendered 1501/1591, time remaining: 3m 36s
Rendered 1501/1591, time remaining: 3m 36s
Rendered 1501/1591, time remaining: 3m 36s
Rendered 1501/1591, time remaining: 3m 36s
Rendered 1501/1591, time remaining: 3m 36s
Rendered 1502/1591, time remaining: 3m 37s
Rendered 1503/1591, time remaining: 3m 32s
Rendered 1503/1591, time remaining: 3m 32s
Rendered 1504/1591, time remaining: 3m 29s
Rendered 1504/1591, time remaining: 3m 29s
Rendered 1504/1591, time remaining: 3m 29s
Rendered 1504/1591, time remaining: 3m 29s
Rendered 1504/1591, time remaining: 3m 29s
Rendered 1505/1591, time remaining: 3m 26s
Rendered 1505/1591, time remaining: 3m 26s
Rendered 1505/1591, time remaining: 3m 26s
Rendered 1505/1591, time remaining: 3m 26s
Rendered 1505/1591, time remaining: 3m 26s
Rendered 1505/1591, time remaining: 3m 26s
Rendered 1505/1591, time remaining: 3m 26s
Rendered 1505/1591, time remaining: 3m 26s
Rendered 1505/1591, time remaining: 3m 26s
Rendered 1505/1591, time remaining: 3m 26s
Rendered 1505/1591, time remaining: 3m 26s
Rendered 1505/1591, time remaining: 3m 26s
Rendered 1505/1591, time remaining: 3m 26s
Rendered 1505/1591, time remaining: 3m 26s
Rendered 1506/1591, time remaining: 3m 27s
Rendered 1506/1591, time remaining: 3m 27s
Rendered 1506/1591, time remaining: 3m 27s
Rendered 1507/1591, time remaining: 3m 24s
Rendered 1507/1591, time remaining: 3m 24s
Rendered 1508/1591, time remaining: 3m 20s
Rendered 1508/1591, time remaining: 3m 20s
Rendered 1508/1591, time remaining: 3m 20s
Rendered 1508/1591, time remaining: 3m 20s
Rendered 1509/1591, time remaining: 3m 17s
Rendered 1509/1591, time remaining: 3m 17s
Rendered 1509/1591, time remaining: 3m 17s
Rendered 1509/1591, time remaining: 3m 17s
Rendered 1509/1591, time remaining: 3m 17s
Rendered 1509/1591, time remaining: 3m 17s
Rendered 1509/1591, time remaining: 3m 17s
Rendered 1509/1591, time remaining: 3m 17s
Rendered 1510/1591, time remaining: 3m 16s
Rendered 1510/1591, time remaining: 3m 16s
Rendered 1510/1591, time remaining: 3m 16s
Rendered 1510/1591, time remaining: 3m 16s
Rendered 1510/1591, time remaining: 3m 16s
Rendered 1510/1591, time remaining: 3m 16s
Rendered 1510/1591, time remaining: 3m 16s
Rendered 1510/1591, time remaining: 3m 16s
Rendered 1510/1591, time remaining: 3m 16s
Rendered 1510/1591, time remaining: 3m 16s
Rendered 1510/1591, time remaining: 3m 16s
Rendered 1510/1591, time remaining: 3m 16s
Rendered 1510/1591, time remaining: 3m 16s
Rendered 1510/1591, time remaining: 3m 16s
Rendered 1511/1591, time remaining: 3m 16s
Rendered 1511/1591, time remaining: 3m 16s
Rendered 1511/1591, time remaining: 3m 16s
Rendered 1512/1591, time remaining: 3m 13s
Rendered 1513/1591, time remaining: 3m 8s
Rendered 1513/1591, time remaining: 3m 8s
Rendered 1513/1591, time remaining: 3m 8s
Rendered 1513/1591, time remaining: 3m 8s
Rendered 1514/1591, time remaining: 3m 6s
Rendered 1514/1591, time remaining: 3m 6s
Rendered 1514/1591, time remaining: 3m 6s
Rendered 1514/1591, time remaining: 3m 6s
Rendered 1514/1591, time remaining: 3m 6s
Rendered 1514/1591, time remaining: 3m 6s
Rendered 1514/1591, time remaining: 3m 6s
Rendered 1514/1591, time remaining: 3m 6s
Rendered 1515/1591, time remaining: 3m 5s
Rendered 1515/1591, time remaining: 3m 5s
Rendered 1515/1591, time remaining: 3m 5s
Rendered 1515/1591, time remaining: 3m 5s
Rendered 1515/1591, time remaining: 3m 5s
Rendered 1515/1591, time remaining: 3m 5s
Rendered 1515/1591, time remaining: 3m 5s
Rendered 1515/1591, time remaining: 3m 5s
Rendered 1515/1591, time remaining: 3m 5s
Rendered 1515/1591, time remaining: 3m 5s
Rendered 1515/1591, time remaining: 3m 5s
Rendered 1515/1591, time remaining: 3m 5s
Rendered 1515/1591, time remaining: 3m 5s
Rendered 1515/1591, time remaining: 3m 5s
Rendered 1516/1591, time remaining: 3m 5s
Rendered 1517/1591, time remaining: 3m 0s
Rendered 1517/1591, time remaining: 3m 0s
Rendered 1518/1591, time remaining: 2m 57s
Rendered 1518/1591, time remaining: 2m 57s
Rendered 1518/1591, time remaining: 2m 57s
Rendered 1518/1591, time remaining: 2m 57s
Rendered 1518/1591, time remaining: 2m 57s
Rendered 1518/1591, time remaining: 2m 57s
Rendered 1518/1591, time remaining: 2m 57s
Rendered 1518/1591, time remaining: 2m 57s
Rendered 1518/1591, time remaining: 2m 57s
Rendered 1519/1591, time remaining: 2m 55s
Rendered 1519/1591, time remaining: 2m 55s
Rendered 1519/1591, time remaining: 2m 55s
Rendered 1519/1591, time remaining: 2m 55s
Rendered 1519/1591, time remaining: 2m 55s
Rendered 1519/1591, time remaining: 2m 55s
Rendered 1519/1591, time remaining: 2m 55s
Rendered 1519/1591, time remaining: 2m 55s
Rendered 1519/1591, time remaining: 2m 55s
Rendered 1519/1591, time remaining: 2m 55s
Rendered 1519/1591, time remaining: 2m 55s
Rendered 1519/1591, time remaining: 2m 55s
Rendered 1520/1591, time remaining: 2m 56s
Rendered 1521/1591, time remaining: 2m 52s
Rendered 1522/1591, time remaining: 2m 47s
Rendered 1522/1591, time remaining: 2m 47s
Rendered 1522/1591, time remaining: 2m 47s
Rendered 1522/1591, time remaining: 2m 47s
Rendered 1522/1591, time remaining: 2m 47s
Rendered 1522/1591, time remaining: 2m 47s
Rendered 1523/1591, time remaining: 2m 45s
Rendered 1523/1591, time remaining: 2m 45s
Rendered 1523/1591, time remaining: 2m 45s
Rendered 1523/1591, time remaining: 2m 45s
Rendered 1523/1591, time remaining: 2m 45s
Rendered 1523/1591, time remaining: 2m 45s
Rendered 1523/1591, time remaining: 2m 45s
Rendered 1523/1591, time remaining: 2m 45s
Rendered 1523/1591, time remaining: 2m 45s
Rendered 1523/1591, time remaining: 2m 45s
Rendered 1523/1591, time remaining: 2m 45s
Rendered 1524/1591, time remaining: 2m 45s
Rendered 1524/1591, time remaining: 2m 45s
Rendered 1525/1591, time remaining: 2m 42s
Rendered 1525/1591, time remaining: 2m 42s
Rendered 1525/1591, time remaining: 2m 42s
Rendered 1525/1591, time remaining: 2m 42s
Rendered 1525/1591, time remaining: 2m 42s
Rendered 1525/1591, time remaining: 2m 42s
Rendered 1525/1591, time remaining: 2m 42s
Rendered 1526/1591, time remaining: 2m 38s
Rendered 1526/1591, time remaining: 2m 38s
Rendered 1526/1591, time remaining: 2m 38s
Rendered 1526/1591, time remaining: 2m 38s
Rendered 1526/1591, time remaining: 2m 38s
Rendered 1527/1591, time remaining: 2m 37s
Rendered 1527/1591, time remaining: 2m 37s
Rendered 1527/1591, time remaining: 2m 37s
Rendered 1527/1591, time remaining: 2m 37s
Rendered 1527/1591, time remaining: 2m 37s
Rendered 1527/1591, time remaining: 2m 37s
Rendered 1527/1591, time remaining: 2m 37s
Rendered 1527/1591, time remaining: 2m 37s
Rendered 1528/1591, time remaining: 2m 34s
Rendered 1529/1591, time remaining: 2m 32s
Rendered 1529/1591, time remaining: 2m 32s
Rendered 1529/1591, time remaining: 2m 32s
Rendered 1529/1591, time remaining: 2m 32s
Rendered 1529/1591, time remaining: 2m 32s
Rendered 1529/1591, time remaining: 2m 32s
Rendered 1529/1591, time remaining: 2m 32s
Rendered 1529/1591, time remaining: 2m 32s
Rendered 1529/1591, time remaining: 2m 32s
Rendered 1530/1591, time remaining: 2m 29s
Rendered 1530/1591, time remaining: 2m 29s
Rendered 1530/1591, time remaining: 2m 29s
Rendered 1531/1591, time remaining: 2m 26s
Rendered 1531/1591, time remaining: 2m 26s
Rendered 1531/1591, time remaining: 2m 26s
Rendered 1531/1591, time remaining: 2m 26s
Rendered 1531/1591, time remaining: 2m 26s
Rendered 1531/1591, time remaining: 2m 26s
Rendered 1531/1591, time remaining: 2m 26s
Rendered 1531/1591, time remaining: 2m 26s
Rendered 1531/1591, time remaining: 2m 26s
Rendered 1531/1591, time remaining: 2m 26s
Rendered 1532/1591, time remaining: 2m 24s
Rendered 1533/1591, time remaining: 2m 21s
Rendered 1533/1591, time remaining: 2m 21s
Rendered 1533/1591, time remaining: 2m 21s
Rendered 1533/1591, time remaining: 2m 21s
Rendered 1533/1591, time remaining: 2m 21s
Rendered 1533/1591, time remaining: 2m 21s
Rendered 1533/1591, time remaining: 2m 21s
Rendered 1533/1591, time remaining: 2m 21s
Rendered 1533/1591, time remaining: 2m 21s
Rendered 1534/1591, time remaining: 2m 19s
Rendered 1534/1591, time remaining: 2m 19s
Rendered 1534/1591, time remaining: 2m 19s
Rendered 1534/1591, time remaining: 2m 19s
Rendered 1534/1591, time remaining: 2m 19s
Rendered 1535/1591, time remaining: 2m 17s
Rendered 1535/1591, time remaining: 2m 17s
Rendered 1535/1591, time remaining: 2m 17s
Rendered 1535/1591, time remaining: 2m 17s
Rendered 1535/1591, time remaining: 2m 17s
Rendered 1535/1591, time remaining: 2m 17s
Rendered 1535/1591, time remaining: 2m 17s
Rendered 1535/1591, time remaining: 2m 17s
Rendered 1536/1591, time remaining: 2m 14s
Rendered 1536/1591, time remaining: 2m 14s
Rendered 1536/1591, time remaining: 2m 14s
Rendered 1536/1591, time remaining: 2m 14s
Rendered 1536/1591, time remaining: 2m 14s
Rendered 1537/1591, time remaining: 2m 11s
Rendered 1537/1591, time remaining: 2m 11s
Rendered 1537/1591, time remaining: 2m 11s
Rendered 1537/1591, time remaining: 2m 11s
Rendered 1537/1591, time remaining: 2m 11s
Rendered 1537/1591, time remaining: 2m 11s
Rendered 1538/1591, time remaining: 2m 9s
Rendered 1538/1591, time remaining: 2m 9s
Rendered 1539/1591, time remaining: 2m 6s
Rendered 1539/1591, time remaining: 2m 6s
Rendered 1539/1591, time remaining: 2m 6s
Rendered 1539/1591, time remaining: 2m 6s
Rendered 1539/1591, time remaining: 2m 6s
Rendered 1539/1591, time remaining: 2m 6s
Rendered 1539/1591, time remaining: 2m 6s
Rendered 1539/1591, time remaining: 2m 6s
Rendered 1540/1591, time remaining: 2m 4s
Rendered 1540/1591, time remaining: 2m 4s
Rendered 1540/1591, time remaining: 2m 4s
Rendered 1540/1591, time remaining: 2m 4s
Rendered 1541/1591, time remaining: 2m 2s
Rendered 1541/1591, time remaining: 2m 2s
Rendered 1541/1591, time remaining: 2m 2s
Rendered 1541/1591, time remaining: 2m 2s
Rendered 1541/1591, time remaining: 2m 2s
Rendered 1541/1591, time remaining: 2m 2s
Rendered 1541/1591, time remaining: 2m 2s
Rendered 1541/1591, time remaining: 2m 2s
Rendered 1541/1591, time remaining: 2m 2s
Rendered 1541/1591, time remaining: 2m 2s
Rendered 1541/1591, time remaining: 2m 2s
Rendered 1542/1591, time remaining: 2m 0s
Rendered 1543/1591, time remaining: 1m 56s
Rendered 1543/1591, time remaining: 1m 56s
Rendered 1543/1591, time remaining: 1m 56s
Rendered 1543/1591, time remaining: 1m 56s
Rendered 1543/1591, time remaining: 1m 56s
Rendered 1543/1591, time remaining: 1m 56s
Rendered 1543/1591, time remaining: 1m 56s
Rendered 1544/1591, time remaining: 1m 55s
Rendered 1545/1591, time remaining: 1m 51s
Rendered 1545/1591, time remaining: 1m 51s
Rendered 1545/1591, time remaining: 1m 51s
Rendered 1545/1591, time remaining: 1m 51s
Rendered 1545/1591, time remaining: 1m 51s
Rendered 1545/1591, time remaining: 1m 51s
Rendered 1545/1591, time remaining: 1m 51s
Rendered 1545/1591, time remaining: 1m 51s
Rendered 1546/1591, time remaining: 1m 48s
Rendered 1546/1591, time remaining: 1m 48s
Rendered 1546/1591, time remaining: 1m 48s
Rendered 1546/1591, time remaining: 1m 48s
Rendered 1546/1591, time remaining: 1m 48s
Rendered 1546/1591, time remaining: 1m 48s
Rendered 1546/1591, time remaining: 1m 48s
Rendered 1546/1591, time remaining: 1m 48s
Rendered 1546/1591, time remaining: 1m 48s
Rendered 1546/1591, time remaining: 1m 48s
Rendered 1546/1591, time remaining: 1m 48s
Rendered 1547/1591, time remaining: 1m 46s
Rendered 1547/1591, time remaining: 1m 46s
Rendered 1547/1591, time remaining: 1m 46s
Rendered 1548/1591, time remaining: 1m 44s
Rendered 1548/1591, time remaining: 1m 44s
Rendered 1548/1591, time remaining: 1m 44s
Rendered 1549/1591, time remaining: 1m 42s
Rendered 1549/1591, time remaining: 1m 42s
Rendered 1549/1591, time remaining: 1m 42s
Rendered 1550/1591, time remaining: 1m 39s
Rendered 1550/1591, time remaining: 1m 39s
Rendered 1550/1591, time remaining: 1m 39s
Rendered 1550/1591, time remaining: 1m 39s
Rendered 1550/1591, time remaining: 1m 39s
Rendered 1550/1591, time remaining: 1m 39s
Rendered 1550/1591, time remaining: 1m 39s
Rendered 1550/1591, time remaining: 1m 39s
Rendered 1551/1591, time remaining: 1m 36s
Rendered 1551/1591, time remaining: 1m 36s
Rendered 1551/1591, time remaining: 1m 36s
Rendered 1551/1591, time remaining: 1m 36s
Rendered 1551/1591, time remaining: 1m 36s
Rendered 1551/1591, time remaining: 1m 36s
Rendered 1551/1591, time remaining: 1m 36s
Rendered 1551/1591, time remaining: 1m 36s
Rendered 1551/1591, time remaining: 1m 36s
Rendered 1551/1591, time remaining: 1m 36s
Rendered 1551/1591, time remaining: 1m 36s
Rendered 1552/1591, time remaining: 1m 34s
Rendered 1552/1591, time remaining: 1m 34s
Rendered 1552/1591, time remaining: 1m 34s
Rendered 1552/1591, time remaining: 1m 34s
Rendered 1553/1591, time remaining: 1m 32s
Rendered 1553/1591, time remaining: 1m 32s
Rendered 1554/1591, time remaining: 1m 29s
Rendered 1554/1591, time remaining: 1m 29s
Rendered 1554/1591, time remaining: 1m 29s
Rendered 1554/1591, time remaining: 1m 29s
Rendered 1555/1591, time remaining: 1m 26s
Rendered 1555/1591, time remaining: 1m 26s
Rendered 1555/1591, time remaining: 1m 26s
Rendered 1555/1591, time remaining: 1m 26s
Rendered 1555/1591, time remaining: 1m 26s
Rendered 1555/1591, time remaining: 1m 26s
Rendered 1555/1591, time remaining: 1m 26s
Rendered 1555/1591, time remaining: 1m 26s
Rendered 1556/1591, time remaining: 1m 24s
Rendered 1556/1591, time remaining: 1m 24s
Rendered 1556/1591, time remaining: 1m 24s
Rendered 1556/1591, time remaining: 1m 24s
Rendered 1556/1591, time remaining: 1m 24s
Rendered 1556/1591, time remaining: 1m 24s
Rendered 1556/1591, time remaining: 1m 24s
Rendered 1556/1591, time remaining: 1m 24s
Rendered 1556/1591, time remaining: 1m 24s
Rendered 1556/1591, time remaining: 1m 24s
Rendered 1556/1591, time remaining: 1m 24s
Rendered 1556/1591, time remaining: 1m 24s
Rendered 1557/1591, time remaining: 1m 22s
Rendered 1558/1591, time remaining: 1m 20s
Rendered 1559/1591, time remaining: 1m 17s
Rendered 1559/1591, time remaining: 1m 17s
Rendered 1559/1591, time remaining: 1m 17s
Rendered 1559/1591, time remaining: 1m 17s
Rendered 1559/1591, time remaining: 1m 17s
Rendered 1559/1591, time remaining: 1m 17s
Rendered 1560/1591, time remaining: 1m 14s
Rendered 1560/1591, time remaining: 1m 14s
Rendered 1560/1591, time remaining: 1m 14s
Rendered 1560/1591, time remaining: 1m 14s
Rendered 1560/1591, time remaining: 1m 14s
Rendered 1560/1591, time remaining: 1m 14s
Rendered 1560/1591, time remaining: 1m 14s
Rendered 1560/1591, time remaining: 1m 14s
Rendered 1560/1591, time remaining: 1m 14s
Rendered 1560/1591, time remaining: 1m 14s
Rendered 1560/1591, time remaining: 1m 14s
Rendered 1560/1591, time remaining: 1m 14s
Rendered 1560/1591, time remaining: 1m 14s
Rendered 1560/1591, time remaining: 1m 14s
Rendered 1560/1591, time remaining: 1m 14s
Rendered 1560/1591, time remaining: 1m 14s
Rendered 1561/1591, time remaining: 1m 13s
Rendered 1562/1591, time remaining: 1m 10s
Rendered 1563/1591, time remaining: 1m 7s
Rendered 1563/1591, time remaining: 1m 7s
Rendered 1563/1591, time remaining: 1m 7s
Rendered 1563/1591, time remaining: 1m 7s
Rendered 1564/1591, time remaining: 1m 5s
Rendered 1564/1591, time remaining: 1m 5s
Rendered 1564/1591, time remaining: 1m 5s
Rendered 1564/1591, time remaining: 1m 5s
Rendered 1564/1591, time remaining: 1m 5s
Rendered 1564/1591, time remaining: 1m 5s
Rendered 1564/1591, time remaining: 1m 5s
Rendered 1564/1591, time remaining: 1m 5s
Rendered 1564/1591, time remaining: 1m 5s
Rendered 1564/1591, time remaining: 1m 5s
Rendered 1564/1591, time remaining: 1m 5s
Rendered 1564/1591, time remaining: 1m 5s
Rendered 1564/1591, time remaining: 1m 5s
Rendered 1564/1591, time remaining: 1m 5s
Rendered 1565/1591, time remaining: 1m 3s
Rendered 1565/1591, time remaining: 1m 3s
Rendered 1565/1591, time remaining: 1m 3s
Rendered 1566/1591, time remaining: 1m 0s
Rendered 1567/1591, time remaining: 57s
Rendered 1567/1591, time remaining: 57s
Rendered 1567/1591, time remaining: 57s
Rendered 1568/1591, time remaining: 55s
Rendered 1568/1591, time remaining: 55s
Rendered 1568/1591, time remaining: 55s
Rendered 1568/1591, time remaining: 55s
Rendered 1568/1591, time remaining: 55s
Rendered 1569/1591, time remaining: 52s
Rendered 1569/1591, time remaining: 52s
Rendered 1569/1591, time remaining: 52s
Rendered 1569/1591, time remaining: 52s
Rendered 1569/1591, time remaining: 52s
Rendered 1569/1591, time remaining: 52s
Rendered 1569/1591, time remaining: 52s
Rendered 1569/1591, time remaining: 52s
Rendered 1569/1591, time remaining: 52s
Rendered 1569/1591, time remaining: 52s
Rendered 1569/1591, time remaining: 52s
Rendered 1569/1591, time remaining: 52s
Rendered 1569/1591, time remaining: 52s
Rendered 1570/1591, time remaining: 50s
Rendered 1571/1591, time remaining: 47s
Rendered 1571/1591, time remaining: 47s
Rendered 1571/1591, time remaining: 47s
Rendered 1572/1591, time remaining: 45s
Rendered 1572/1591, time remaining: 45s
Rendered 1572/1591, time remaining: 45s
Rendered 1572/1591, time remaining: 45s
Rendered 1573/1591, time remaining: 42s
Rendered 1573/1591, time remaining: 42s
Rendered 1573/1591, time remaining: 42s
Rendered 1573/1591, time remaining: 42s
Rendered 1573/1591, time remaining: 42s
Rendered 1573/1591, time remaining: 42s
Rendered 1573/1591, time remaining: 42s
Rendered 1573/1591, time remaining: 42s
Rendered 1573/1591, time remaining: 42s
Rendered 1573/1591, time remaining: 42s
Rendered 1573/1591, time remaining: 42s
Rendered 1573/1591, time remaining: 42s
Rendered 1573/1591, time remaining: 42s
Rendered 1574/1591, time remaining: 40s
Rendered 1575/1591, time remaining: 38s
Rendered 1575/1591, time remaining: 38s
Rendered 1575/1591, time remaining: 38s
Rendered 1575/1591, time remaining: 38s
Rendered 1575/1591, time remaining: 38s
Rendered 1576/1591, time remaining: 35s
Rendered 1577/1591, time remaining: 33s
Rendered 1577/1591, time remaining: 33s
Rendered 1577/1591, time remaining: 33s
Rendered 1577/1591, time remaining: 33s
Rendered 1577/1591, time remaining: 33s
Rendered 1577/1591, time remaining: 33s
Rendered 1577/1591, time remaining: 33s
Rendered 1577/1591, time remaining: 33s
Rendered 1577/1591, time remaining: 33s
Rendered 1578/1591, time remaining: 30s
Rendered 1578/1591, time remaining: 30s
Rendered 1578/1591, time remaining: 30s
Rendered 1578/1591, time remaining: 30s
Rendered 1579/1591, time remaining: 28s
Rendered 1579/1591, time remaining: 28s
Rendered 1579/1591, time remaining: 28s
Rendered 1579/1591, time remaining: 28s
Rendered 1579/1591, time remaining: 28s
Rendered 1579/1591, time remaining: 28s
Rendered 1580/1591, time remaining: 26s
Rendered 1580/1591, time remaining: 26s
Rendered 1580/1591, time remaining: 26s
Rendered 1581/1591, time remaining: 23s
Rendered 1581/1591, time remaining: 23s
Rendered 1581/1591, time remaining: 23s
Rendered 1581/1591, time remaining: 23s
Rendered 1581/1591, time remaining: 23s
Rendered 1581/1591, time remaining: 23s
Rendered 1581/1591, time remaining: 23s
Rendered 1581/1591, time remaining: 23s
Rendered 1581/1591, time remaining: 23s
Rendered 1581/1591, time remaining: 23s
Rendered 1581/1591, time remaining: 23s
Rendered 1582/1591, time remaining: 21s
Rendered 1583/1591, time remaining: 19s
Rendered 1583/1591, time remaining: 19s
Rendered 1583/1591, time remaining: 19s
Rendered 1583/1591, time remaining: 19s
Rendered 1583/1591, time remaining: 19s
Rendered 1583/1591, time remaining: 19s
Rendered 1584/1591, time remaining: 16s
Rendered 1584/1591, time remaining: 16s
Rendered 1584/1591, time remaining: 16s
Rendered 1584/1591, time remaining: 16s
Rendered 1584/1591, time remaining: 16s
Rendered 1585/1591, time remaining: 14s
Rendered 1585/1591, time remaining: 14s
Rendered 1585/1591, time remaining: 14s
Rendered 1585/1591, time remaining: 14s
Rendered 1585/1591, time remaining: 14s
Rendered 1585/1591, time remaining: 14s
Rendered 1585/1591, time remaining: 14s
Rendered 1585/1591, time remaining: 14s
Rendered 1585/1591, time remaining: 14s
Rendered 1585/1591, time remaining: 14s
Rendered 1585/1591, time remaining: 14s
Rendered 1585/1591, time remaining: 14s
Rendered 1586/1591, time remaining: 11s
Rendered 1587/1591, time remaining: 9s
Rendered 1587/1591, time remaining: 9s
Rendered 1588/1591, time remaining: 7s
Rendered 1588/1591, time remaining: 7s
Rendered 1588/1591, time remaining: 7s
Rendered 1588/1591, time remaining: 7s
Rendered 1588/1591, time remaining: 7s
Rendered 1589/1591, time remaining: 4s
Rendered 1589/1591, time remaining: 4s
Rendered 1589/1591, time remaining: 4s
Rendered 1589/1591, time remaining: 4s
Rendered 1589/1591, time remaining: 4s
Rendered 1589/1591, time remaining: 4s
Rendered 1589/1591, time remaining: 4s
Rendered 1590/1591, time remaining: 2s
Rendered 1590/1591, time remaining: 2s
Encoded 1231/1591
Encoded 1235/1591
Encoded 1242/1591
Encoded 1246/1591
Encoded 1258/1591
Encoded 1266/1591
Encoded 1273/1591
Encoded 1591/1591
+                    ../out/ny/ny-video.mp4 33.9 MB
done
