Detected differing memory amounts:
Memory reported by CGroup: 8796093020434.18 MB
Memory reported by /proc/meminfo: 15297.60 MB
Memory reported by Node: 15297.60 MB
You might have inadvertently set the --memory flag of `docker run` to a value that is higher than the global Docker memory limit.
Using the lower amount of memory for calculation.
Bundling 6%
Bundling 12%
Bundling 43%
Bundling 54%
Bundling 65%
Bundling 71%
Bundling 76%
Bundling 81%
Bundling 87%
Bundling 92%
Bundling 98%
Bundling 100%
Getting composition
Detected differing memory amounts:
Memory reported by CGroup: 8796093019808.86 MB
Memory reported by /proc/meminfo: 14706.29 MB
Memory reported by Node: 14706.29 MB
You might have inadvertently set the --memory flag of `docker run` to a value that is higher than the global Docker memory limit.
Using the lower amount of memory for calculation.
Composition          XmasV2
Codec                h264
Output               ../out/xmas/xmas-video.mp4
Concurrency          4x
Detected differing memory amounts:
Memory reported by CGroup: 8796093019802.62 MB
Memory reported by /proc/meminfo: 14655.56 MB
Memory reported by Node: 14655.56 MB
You might have inadvertently set the --memory flag of `docker run` to a value that is higher than the global Docker memory limit.
Using the lower amount of memory for calculation.
Rendered 0/2157
Detected differing memory amounts:
Memory reported by CGroup: 8796093019774.78 MB
Memory reported by /proc/meminfo: 14645.48 MB
Memory reported by Node: 14645.48 MB
You might have inadvertently set the --memory flag of `docker run` to a value that is higher than the global Docker memory limit.
Using the lower amount of memory for calculation.
Detected differing memory amounts:
Memory reported by CGroup: 8796093019775.07 MB
Memory reported by /proc/meminfo: 14645.48 MB
Memory reported by Node: 14645.48 MB
You might have inadvertently set the --memory flag of `docker run` to a value that is higher than the global Docker memory limit.
Using the lower amount of memory for calculation.
Detected differing memory amounts:
Memory reported by CGroup: 8796093019775.07 MB
Memory reported by /proc/meminfo: 14645.48 MB
Memory reported by Node: 14645.48 MB
You might have inadvertently set the --memory flag of `docker run` to a value that is higher than the global Docker memory limit.
Using the lower amount of memory for calculation.
Detected differing memory amounts:
Memory reported by CGroup: 8796093019775.07 MB
Memory reported by /proc/meminfo: 14645.48 MB
Memory reported by Node: 14645.48 MB
You might have inadvertently set the --memory flag of `docker run` to a value that is higher than the global Docker memory limit.
Using the lower amount of memory for calculation.
Rendered 1/2157, time remaining: 4h 15m 33s
Rendered 2/2157, time remaining: 2h 11m 35s
Rendered 3/2157, time remaining: 1h 27m 42s
Rendered 4/2157, time remaining: 1h 15m 50s
Rendered 5/2157, time remaining: 1h 13m 9s
Rendered 6/2157, time remaining: 1h 56s
Rendered 7/2157, time remaining: 52m 13s
Rendered 8/2157, time remaining: 57m 25s
Rendered 9/2157, time remaining: 51m 57s
Rendered 10/2157, time remaining: 47m 27s
Rendered 11/2157, time remaining: 43m 26s
Rendered 12/2157, time remaining: 44m 17s
Rendered 13/2157, time remaining: 44m 32s
Rendered 14/2157, time remaining: 41m 46s
Rendered 15/2157, time remaining: 38m 58s
Rendered 15/2157, time remaining: 38m 58s
Rendered 16/2157, time remaining: 38m 14s
Rendered 16/2157, time remaining: 38m 14s
Rendered 16/2157, time remaining: 38m 14s
Rendered 16/2157, time remaining: 38m 14s
Rendered 16/2157, time remaining: 38m 14s
Rendered 17/2157, time remaining: 39m 44s
Rendered 17/2157, time remaining: 39m 44s
Rendered 18/2157, time remaining: 38m 51s
Rendered 19/2157, time remaining: 36m 48s
Rendered 19/2157, time remaining: 36m 48s
Rendered 20/2157, time remaining: 35m 35s
Rendered 20/2157, time remaining: 35m 35s
Rendered 20/2157, time remaining: 35m 35s
Rendered 20/2157, time remaining: 35m 35s
Rendered 20/2157, time remaining: 35m 35s
Rendered 20/2157, time remaining: 35m 35s
Rendered 21/2157, time remaining: 38m 22s
Rendered 21/2157, time remaining: 38m 22s
Rendered 22/2157, time remaining: 37m 3s
Rendered 23/2157, time remaining: 35m 43s
Rendered 23/2157, time remaining: 35m 43s
Rendered 24/2157, time remaining: 34m 23s
Rendered 24/2157, time remaining: 34m 23s
Rendered 24/2157, time remaining: 34m 23s
Rendered 24/2157, time remaining: 34m 23s
Rendered 24/2157, time remaining: 34m 23s
Rendered 24/2157, time remaining: 34m 23s
Rendered 25/2157, time remaining: 37m 5s
Rendered 26/2157, time remaining: 35m 39s
Rendered 27/2157, time remaining: 34m 19s
Rendered 27/2157, time remaining: 34m 19s
Rendered 28/2157, time remaining: 33m 22s
Rendered 28/2157, time remaining: 33m 22s
Rendered 28/2157, time remaining: 33m 22s
Rendered 28/2157, time remaining: 33m 22s
Rendered 28/2157, time remaining: 33m 22s
Rendered 28/2157, time remaining: 33m 22s
Rendered 29/2157, time remaining: 35m 30s
Rendered 30/2157, time remaining: 34m 18s
Rendered 30/2157, time remaining: 34m 18s
Rendered 31/2157, time remaining: 33m 34s
Rendered 32/2157, time remaining: 32m 31s
Rendered 32/2157, time remaining: 32m 31s
Rendered 32/2157, time remaining: 32m 31s
Rendered 32/2157, time remaining: 32m 31s
Rendered 32/2157, time remaining: 32m 31s
Rendered 32/2157, time remaining: 32m 31s
Rendered 33/2157, time remaining: 34m 11s
Rendered 34/2157, time remaining: 33m 10s
Rendered 34/2157, time remaining: 33m 10s
Rendered 35/2157, time remaining: 32m 42s
Rendered 36/2157, time remaining: 31m 47s
Rendered 36/2157, time remaining: 31m 47s
Rendered 36/2157, time remaining: 31m 47s
Rendered 36/2157, time remaining: 31m 47s
Rendered 37/2157, time remaining: 32m 22s
Rendered 37/2157, time remaining: 32m 22s
Rendered 37/2157, time remaining: 32m 22s
Rendered 37/2157, time remaining: 32m 22s
Rendered 38/2157, time remaining: 32m 54s
Rendered 38/2157, time remaining: 32m 54s
Rendered 39/2157, time remaining: 32m 33s
Rendered 40/2157, time remaining: 31m 44s
Rendered 40/2157, time remaining: 31m 44s
Rendered 41/2157, time remaining: 31m 15s
Rendered 41/2157, time remaining: 31m 15s
Rendered 41/2157, time remaining: 31m 15s
Rendered 42/2157, time remaining: 31m 27s
Rendered 42/2157, time remaining: 31m 27s
Rendered 42/2157, time remaining: 31m 27s
Rendered 42/2157, time remaining: 31m 27s
Rendered 43/2157, time remaining: 31m 47s
Rendered 44/2157, time remaining: 31m 13s
Rendered 44/2157, time remaining: 31m 13s
Rendered 45/2157, time remaining: 30m 40s
Rendered 45/2157, time remaining: 30m 40s
Rendered 45/2157, time remaining: 30m 40s
Rendered 45/2157, time remaining: 30m 40s
Rendered 45/2157, time remaining: 30m 40s
Rendered 46/2157, time remaining: 31m 51s
Rendered 46/2157, time remaining: 31m 51s
Rendered 47/2157, time remaining: 31m 18s
Rendered 48/2157, time remaining: 30m 48s
Rendered 48/2157, time remaining: 30m 48s
Rendered 49/2157, time remaining: 30m 15s
Rendered 49/2157, time remaining: 30m 15s
Rendered 49/2157, time remaining: 30m 15s
Rendered 49/2157, time remaining: 30m 15s
Rendered 50/2157, time remaining: 30m 59s
Rendered 50/2157, time remaining: 30m 59s
Rendered 50/2157, time remaining: 30m 59s
Rendered 50/2157, time remaining: 30m 59s
Rendered 51/2157, time remaining: 31m 6s
Rendered 52/2157, time remaining: 30m 30s
Rendered 53/2157, time remaining: 29m 54s
Rendered 53/2157, time remaining: 29m 54s
Rendered 53/2157, time remaining: 29m 54s
Rendered 54/2157, time remaining: 30m 6s
Rendered 54/2157, time remaining: 30m 6s
Rendered 54/2157, time remaining: 30m 6s
Rendered 54/2157, time remaining: 30m 6s
Rendered 55/2157, time remaining: 30m 38s
Rendered 56/2157, time remaining: 30m 4s
Rendered 56/2157, time remaining: 30m 4s
Rendered 57/2157, time remaining: 29m 42s
Rendered 57/2157, time remaining: 29m 42s
Rendered 57/2157, time remaining: 29m 42s
Rendered 58/2157, time remaining: 29m 50s
Rendered 58/2157, time remaining: 29m 50s
Rendered 58/2157, time remaining: 29m 50s
Rendered 58/2157, time remaining: 29m 50s
Rendered 59/2157, time remaining: 30m 18s
Rendered 60/2157, time remaining: 29m 47s
Rendered 60/2157, time remaining: 29m 47s
Rendered 61/2157, time remaining: 29m 25s
Rendered 61/2157, time remaining: 29m 25s
Rendered 61/2157, time remaining: 29m 25s
Rendered 62/2157, time remaining: 29m 34s
Rendered 62/2157, time remaining: 29m 34s
Rendered 62/2157, time remaining: 29m 34s
Rendered 62/2157, time remaining: 29m 34s
Rendered 63/2157, time remaining: 29m 50s
Rendered 64/2157, time remaining: 29m 28s
Rendered 64/2157, time remaining: 29m 28s
Rendered 65/2157, time remaining: 29m 7s
Rendered 65/2157, time remaining: 29m 7s
Rendered 65/2157, time remaining: 29m 7s
Rendered 66/2157, time remaining: 29m 13s
Rendered 66/2157, time remaining: 29m 13s
Rendered 66/2157, time remaining: 29m 13s
Rendered 66/2157, time remaining: 29m 13s
Rendered 66/2157, time remaining: 29m 13s
Rendered 67/2157, time remaining: 29m 54s
Rendered 68/2157, time remaining: 29m 27s
Rendered 69/2157, time remaining: 29m 0s
Rendered 69/2157, time remaining: 29m 0s
Rendered 70/2157, time remaining: 28m 49s
Rendered 70/2157, time remaining: 28m 49s
Rendered 70/2157, time remaining: 28m 49s
Rendered 70/2157, time remaining: 28m 49s
Rendered 70/2157, time remaining: 28m 49s
Rendered 71/2157, time remaining: 29m 20s
Rendered 71/2157, time remaining: 29m 20s
Rendered 72/2157, time remaining: 29m 17s
Rendered 73/2157, time remaining: 28m 52s
Rendered 73/2157, time remaining: 28m 52s
Rendered 73/2157, time remaining: 28m 52s
Rendered 74/2157, time remaining: 28m 51s
Rendered 74/2157, time remaining: 28m 51s
Rendered 74/2157, time remaining: 28m 51s
Rendered 74/2157, time remaining: 28m 51s
Rendered 74/2157, time remaining: 28m 51s
Rendered 75/2157, time remaining: 29m 25s
Rendered 75/2157, time remaining: 29m 25s
Rendered 76/2157, time remaining: 29m 16s
Rendered 77/2157, time remaining: 28m 53s
Rendered 77/2157, time remaining: 28m 53s
Rendered 78/2157, time remaining: 28m 41s
Rendered 78/2157, time remaining: 28m 41s
Rendered 78/2157, time remaining: 28m 41s
Rendered 78/2157, time remaining: 28m 41s
Rendered 79/2157, time remaining: 28m 52s
Rendered 79/2157, time remaining: 28m 52s
Rendered 79/2157, time remaining: 28m 52s
Rendered 79/2157, time remaining: 28m 52s
Rendered 80/2157, time remaining: 29m 7s
Rendered 81/2157, time remaining: 28m 51s
Rendered 81/2157, time remaining: 28m 51s
Rendered 82/2157, time remaining: 28m 35s
Rendered 82/2157, time remaining: 28m 35s
Rendered 82/2157, time remaining: 28m 35s
Rendered 83/2157, time remaining: 28m 39s
Rendered 83/2157, time remaining: 28m 39s
Rendered 83/2157, time remaining: 28m 39s
Rendered 84/2157, time remaining: 28m 51s
Rendered 84/2157, time remaining: 28m 51s
Rendered 85/2157, time remaining: 28m 34s
Rendered 86/2157, time remaining: 28m 18s
Rendered 86/2157, time remaining: 28m 18s
Rendered 86/2157, time remaining: 28m 18s
Rendered 86/2157, time remaining: 28m 18s
Rendered 86/2157, time remaining: 28m 18s
Rendered 87/2157, time remaining: 28m 46s
Rendered 87/2157, time remaining: 28m 46s
Rendered 88/2157, time remaining: 28m 32s
Rendered 89/2157, time remaining: 28m 17s
Rendered 90/2157, time remaining: 28m 2s
Rendered 90/2157, time remaining: 28m 2s
Rendered 90/2157, time remaining: 28m 2s
Rendered 90/2157, time remaining: 28m 2s
Rendered 90/2157, time remaining: 28m 2s
Rendered 90/2157, time remaining: 28m 2s
Rendered 90/2157, time remaining: 28m 2s
Rendered 91/2157, time remaining: 28m 40s
Rendered 92/2157, time remaining: 28m 29s
Rendered 93/2157, time remaining: 28m 10s
Rendered 94/2157, time remaining: 27m 51s
Rendered 94/2157, time remaining: 27m 51s
Rendered 94/2157, time remaining: 27m 51s
Rendered 94/2157, time remaining: 27m 51s
Rendered 95/2157, time remaining: 28m 4s
Rendered 95/2157, time remaining: 28m 4s
Rendered 95/2157, time remaining: 28m 4s
Rendered 95/2157, time remaining: 28m 4s
Rendered 95/2157, time remaining: 28m 4s
Rendered 96/2157, time remaining: 28m 32s
Rendered 97/2157, time remaining: 28m 13s
Rendered 97/2157, time remaining: 28m 13s
Rendered 98/2157, time remaining: 28m 2s
Rendered 99/2157, time remaining: 27m 48s
Rendered 99/2157, time remaining: 27m 48s
Rendered 99/2157, time remaining: 27m 48s
Rendered 99/2157, time remaining: 27m 48s
Rendered 99/2157, time remaining: 27m 48s
Rendered 100/2157, time remaining: 28m 11s
Rendered 100/2157, time remaining: 28m 11s
Rendered 100/2157, time remaining: 28m 11s
Rendered 101/2157, time remaining: 28m 7s
Rendered 102/2157, time remaining: 27m 52s
Rendered 102/2157, time remaining: 27m 52s
Rendered 103/2157, time remaining: 27m 43s
Rendered 103/2157, time remaining: 27m 43s
Rendered 103/2157, time remaining: 27m 43s
Rendered 103/2157, time remaining: 27m 43s
Rendered 104/2157, time remaining: 27m 55s
Rendered 104/2157, time remaining: 27m 55s
Rendered 104/2157, time remaining: 27m 55s
Rendered 105/2157, time remaining: 28m 0s
Rendered 106/2157, time remaining: 27m 48s
Rendered 106/2157, time remaining: 27m 48s
Rendered 107/2157, time remaining: 27m 36s
Rendered 107/2157, time remaining: 27m 36s
Rendered 107/2157, time remaining: 27m 36s
Rendered 108/2157, time remaining: 27m 40s
Rendered 108/2157, time remaining: 27m 40s
Rendered 108/2157, time remaining: 27m 40s
Rendered 108/2157, time remaining: 27m 40s
Rendered 109/2157, time remaining: 27m 51s
Rendered 110/2157, time remaining: 27m 40s
Rendered 110/2157, time remaining: 27m 40s
Rendered 111/2157, time remaining: 27m 28s
Rendered 111/2157, time remaining: 27m 28s
Rendered 111/2157, time remaining: 27m 28s
Rendered 112/2157, time remaining: 27m 31s
Rendered 112/2157, time remaining: 27m 31s
Rendered 112/2157, time remaining: 27m 31s
Rendered 112/2157, time remaining: 27m 31s
Rendered 113/2157, time remaining: 27m 42s
Rendered 114/2157, time remaining: 27m 31s
Rendered 114/2157, time remaining: 27m 31s
Rendered 115/2157, time remaining: 27m 19s
Rendered 115/2157, time remaining: 27m 19s
Rendered 115/2157, time remaining: 27m 19s
Rendered 116/2157, time remaining: 27m 25s
Rendered 116/2157, time remaining: 27m 25s
Rendered 116/2157, time remaining: 27m 25s
Rendered 116/2157, time remaining: 27m 25s
Rendered 117/2157, time remaining: 27m 39s
Rendered 117/2157, time remaining: 27m 39s
Rendered 118/2157, time remaining: 27m 29s
Rendered 119/2157, time remaining: 27m 17s
Rendered 119/2157, time remaining: 27m 17s
Rendered 119/2157, time remaining: 27m 17s
Rendered 119/2157, time remaining: 27m 17s
Rendered 120/2157, time remaining: 27m 25s
Rendered 120/2157, time remaining: 27m 25s
Rendered 121/2157, time remaining: 27m 22s
Rendered 121/2157, time remaining: 27m 22s
Rendered 121/2157, time remaining: 27m 22s
Rendered 122/2157, time remaining: 27m 24s
Rendered 123/2157, time remaining: 27m 9s
Rendered 123/2157, time remaining: 27m 9s
Rendered 123/2157, time remaining: 27m 9s
Rendered 123/2157, time remaining: 27m 9s
Rendered 123/2157, time remaining: 27m 9s
Rendered 124/2157, time remaining: 27m 27s
Rendered 125/2157, time remaining: 27m 13s
Rendered 125/2157, time remaining: 27m 13s
Rendered 125/2157, time remaining: 27m 13s
Rendered 125/2157, time remaining: 27m 13s
Rendered 126/2157, time remaining: 27m 20s
Rendered 127/2157, time remaining: 27m 10s
Rendered 127/2157, time remaining: 27m 10s
Rendered 127/2157, time remaining: 27m 10s
Rendered 128/2157, time remaining: 27m 16s
Rendered 128/2157, time remaining: 27m 16s
Rendered 129/2157, time remaining: 27m 6s
Rendered 129/2157, time remaining: 27m 6s
Rendered 129/2157, time remaining: 27m 6s
Rendered 130/2157, time remaining: 27m 11s
Rendered 130/2157, time remaining: 27m 11s
Rendered 131/2157, time remaining: 27m 0s
Rendered 131/2157, time remaining: 27m 0s
Rendered 131/2157, time remaining: 27m 0s
Rendered 132/2157, time remaining: 27m 10s
Rendered 133/2157, time remaining: 26m 57s
Rendered 133/2157, time remaining: 26m 57s
Rendered 133/2157, time remaining: 26m 57s
Rendered 133/2157, time remaining: 26m 57s
Rendered 134/2157, time remaining: 27m 7s
Rendered 134/2157, time remaining: 27m 7s
Rendered 135/2157, time remaining: 26m 55s
Rendered 135/2157, time remaining: 26m 55s
Rendered 135/2157, time remaining: 26m 55s
Rendered 136/2157, time remaining: 26m 59s
Rendered 136/2157, time remaining: 26m 59s
Rendered 136/2157, time remaining: 26m 59s
Rendered 137/2157, time remaining: 27m 5s
Rendered 137/2157, time remaining: 27m 5s
Rendered 138/2157, time remaining: 26m 58s
Rendered 138/2157, time remaining: 26m 58s
Rendered 139/2157, time remaining: 26m 49s
Rendered 139/2157, time remaining: 26m 49s
Rendered 139/2157, time remaining: 26m 49s
Rendered 140/2157, time remaining: 26m 56s
Rendered 140/2157, time remaining: 26m 56s
Rendered 140/2157, time remaining: 26m 56s
Rendered 141/2157, time remaining: 26m 53s
Rendered 142/2157, time remaining: 26m 47s
Rendered 142/2157, time remaining: 26m 47s
Rendered 142/2157, time remaining: 26m 47s
Rendered 143/2157, time remaining: 26m 47s
Rendered 143/2157, time remaining: 26m 47s
Rendered 144/2157, time remaining: 26m 40s
Rendered 144/2157, time remaining: 26m 40s
Rendered 144/2157, time remaining: 26m 40s
Rendered 144/2157, time remaining: 26m 40s
Rendered 145/2157, time remaining: 26m 53s
Rendered 145/2157, time remaining: 26m 53s
Rendered 146/2157, time remaining: 26m 46s
Rendered 147/2157, time remaining: 26m 36s
Rendered 147/2157, time remaining: 26m 36s
Rendered 148/2157, time remaining: 26m 26s
Rendered 148/2157, time remaining: 26m 26s
Rendered 148/2157, time remaining: 26m 26s
Rendered 148/2157, time remaining: 26m 26s
Rendered 149/2157, time remaining: 26m 40s
Rendered 149/2157, time remaining: 26m 40s
Rendered 149/2157, time remaining: 26m 40s
Rendered 149/2157, time remaining: 26m 40s
Rendered 150/2157, time remaining: 26m 45s
Rendered 151/2157, time remaining: 25m 9s
Rendered 152/2157, time remaining: 25m 6s
Rendered 152/2157, time remaining: 25m 6s
Rendered 152/2157, time remaining: 25m 6s
Rendered 153/2157, time remaining: 25m 19s
Rendered 153/2157, time remaining: 25m 19s
Rendered 153/2157, time remaining: 25m 19s
Rendered 153/2157, time remaining: 25m 19s
Rendered 153/2157, time remaining: 25m 19s
Rendered 154/2157, time remaining: 25m 28s
Rendered 155/2157, time remaining: 25m 4s
Rendered 156/2157, time remaining: 25m 3s
Rendered 156/2157, time remaining: 25m 3s
Rendered 156/2157, time remaining: 25m 3s
Rendered 157/2157, time remaining: 25m 17s
Rendered 157/2157, time remaining: 25m 17s
Rendered 157/2157, time remaining: 25m 17s
Rendered 157/2157, time remaining: 25m 17s
Rendered 158/2157, time remaining: 24m 59s
Rendered 159/2157, time remaining: 24m 56s
Rendered 159/2157, time remaining: 24m 56s
Rendered 159/2157, time remaining: 24m 56s
Rendered 160/2157, time remaining: 25m 5s
Rendered 161/2157, time remaining: 25m 8s
Rendered 161/2157, time remaining: 25m 8s
Rendered 161/2157, time remaining: 25m 8s
Rendered 161/2157, time remaining: 25m 8s
Rendered 162/2157, time remaining: 25m 6s
Rendered 163/2157, time remaining: 24m 48s
Rendered 163/2157, time remaining: 24m 48s
Rendered 163/2157, time remaining: 24m 48s
Rendered 163/2157, time remaining: 24m 48s
Rendered 164/2157, time remaining: 25m 0s
Rendered 164/2157, time remaining: 25m 0s
Rendered 164/2157, time remaining: 25m 0s
Rendered 165/2157, time remaining: 25m 18s
Rendered 165/2157, time remaining: 25m 18s
Rendered 166/2157, time remaining: 25m 10s
Rendered 167/2157, time remaining: 24m 48s
Rendered 167/2157, time remaining: 24m 48s
Rendered 167/2157, time remaining: 24m 48s
Rendered 167/2157, time remaining: 24m 48s
Rendered 168/2157, time remaining: 24m 54s
Rendered 168/2157, time remaining: 24m 54s
Rendered 168/2157, time remaining: 24m 54s
Rendered 169/2157, time remaining: 25m 12s
Rendered 169/2157, time remaining: 25m 12s
Rendered 170/2157, time remaining: 25m 9s
Rendered 171/2157, time remaining: 24m 35s
Rendered 171/2157, time remaining: 24m 35s
Rendered 171/2157, time remaining: 24m 35s
Rendered 172/2157, time remaining: 24m 45s
Rendered 172/2157, time remaining: 24m 45s
Rendered 172/2157, time remaining: 24m 45s
Rendered 172/2157, time remaining: 24m 45s
Rendered 173/2157, time remaining: 25m 1s
Rendered 173/2157, time remaining: 25m 1s
Rendered 174/2157, time remaining: 25m 2s
Rendered 174/2157, time remaining: 25m 2s
Rendered 175/2157, time remaining: 24m 30s
Rendered 175/2157, time remaining: 24m 30s
Rendered 176/2157, time remaining: 24m 36s
Rendered 176/2157, time remaining: 24m 36s
Rendered 176/2157, time remaining: 24m 36s
Rendered 176/2157, time remaining: 24m 36s
Rendered 177/2157, time remaining: 24m 58s
Rendered 177/2157, time remaining: 24m 58s
Rendered 178/2157, time remaining: 25m 1s
Rendered 178/2157, time remaining: 25m 1s
Rendered 179/2157, time remaining: 24m 30s
Rendered 180/2157, time remaining: 24m 29s
Rendered 180/2157, time remaining: 24m 29s
Rendered 180/2157, time remaining: 24m 29s
Rendered 180/2157, time remaining: 24m 29s
Rendered 181/2157, time remaining: 24m 43s
Rendered 181/2157, time remaining: 24m 43s
Rendered 181/2157, time remaining: 24m 43s
Rendered 181/2157, time remaining: 24m 43s
Rendered 182/2157, time remaining: 25m 4s
Rendered 183/2157, time remaining: 24m 31s
Rendered 184/2157, time remaining: 24m 30s
Rendered 184/2157, time remaining: 24m 30s
Rendered 184/2157, time remaining: 24m 30s
Rendered 185/2157, time remaining: 24m 37s
Rendered 185/2157, time remaining: 24m 37s
Rendered 185/2157, time remaining: 24m 37s
Rendered 185/2157, time remaining: 24m 37s
Rendered 185/2157, time remaining: 24m 37s
Rendered 185/2157, time remaining: 24m 37s
Rendered 186/2157, time remaining: 25m 8s
Rendered 187/2157, time remaining: 24m 47s
Rendered 188/2157, time remaining: 24m 26s
Rendered 188/2157, time remaining: 24m 26s
Rendered 188/2157, time remaining: 24m 26s
Rendered 188/2157, time remaining: 24m 26s
Rendered 189/2157, time remaining: 24m 36s
Rendered 189/2157, time remaining: 24m 36s
Rendered 189/2157, time remaining: 24m 36s
Rendered 189/2157, time remaining: 24m 36s
Rendered 189/2157, time remaining: 24m 36s
Rendered 189/2157, time remaining: 24m 36s
Rendered 189/2157, time remaining: 24m 36s
Rendered 190/2157, time remaining: 25m 15s
Rendered 191/2157, time remaining: 25m 10s
Rendered 192/2157, time remaining: 24m 54s
Rendered 192/2157, time remaining: 24m 54s
Rendered 193/2157, time remaining: 24m 40s
Rendered 193/2157, time remaining: 24m 40s
Rendered 193/2157, time remaining: 24m 40s
Rendered 193/2157, time remaining: 24m 40s
Rendered 193/2157, time remaining: 24m 40s
Rendered 193/2157, time remaining: 24m 40s
Rendered 193/2157, time remaining: 24m 40s
Rendered 193/2157, time remaining: 24m 40s
Rendered 194/2157, time remaining: 25m 26s
Rendered 195/2157, time remaining: 25m 22s
Rendered 196/2157, time remaining: 24m 50s
Rendered 197/2157, time remaining: 24m 47s
Rendered 197/2157, time remaining: 24m 47s
Rendered 197/2157, time remaining: 24m 47s
Rendered 197/2157, time remaining: 24m 47s
Rendered 197/2157, time remaining: 24m 47s
Rendered 197/2157, time remaining: 24m 47s
Rendered 197/2157, time remaining: 24m 47s
Rendered 198/2157, time remaining: 25m 23s
Rendered 199/2157, time remaining: 25m 21s
Rendered 200/2157, time remaining: 24m 55s
Rendered 200/2157, time remaining: 24m 55s
Rendered 201/2157, time remaining: 24m 44s
Rendered 201/2157, time remaining: 24m 44s
Rendered 201/2157, time remaining: 24m 44s
Rendered 201/2157, time remaining: 24m 44s
Rendered 201/2157, time remaining: 24m 44s
Rendered 201/2157, time remaining: 24m 44s
Rendered 202/2157, time remaining: 25m 14s
Rendered 202/2157, time remaining: 25m 14s
Rendered 203/2157, time remaining: 25m 20s
Rendered 204/2157, time remaining: 25m 4s
Rendered 204/2157, time remaining: 25m 4s
Rendered 205/2157, time remaining: 24m 52s
Rendered 205/2157, time remaining: 24m 52s
Rendered 205/2157, time remaining: 24m 52s
Rendered 205/2157, time remaining: 24m 52s
Rendered 205/2157, time remaining: 24m 52s
Rendered 205/2157, time remaining: 24m 52s
Rendered 206/2157, time remaining: 25m 18s
Rendered 206/2157, time remaining: 25m 18s
Rendered 207/2157, time remaining: 25m 26s
Rendered 208/2157, time remaining: 25m 11s
Rendered 208/2157, time remaining: 25m 11s
Rendered 209/2157, time remaining: 24m 55s
Rendered 209/2157, time remaining: 24m 55s
Rendered 209/2157, time remaining: 24m 55s
Rendered 209/2157, time remaining: 24m 55s
Rendered 209/2157, time remaining: 24m 55s
Rendered 210/2157, time remaining: 25m 20s
Rendered 210/2157, time remaining: 25m 20s
Rendered 210/2157, time remaining: 25m 20s
Rendered 211/2157, time remaining: 25m 28s
Rendered 212/2157, time remaining: 25m 12s
Rendered 212/2157, time remaining: 25m 12s
Rendered 213/2157, time remaining: 25m 2s
Rendered 213/2157, time remaining: 25m 2s
Rendered 213/2157, time remaining: 25m 2s
Rendered 213/2157, time remaining: 25m 2s
Rendered 213/2157, time remaining: 25m 2s
Rendered 214/2157, time remaining: 25m 25s
Rendered 214/2157, time remaining: 25m 25s
Rendered 214/2157, time remaining: 25m 25s
Rendered 215/2157, time remaining: 25m 31s
Rendered 216/2157, time remaining: 25m 19s
Rendered 216/2157, time remaining: 25m 19s
Rendered 217/2157, time remaining: 24m 55s
Rendered 217/2157, time remaining: 24m 55s
Rendered 217/2157, time remaining: 24m 55s
Rendered 217/2157, time remaining: 24m 55s
Rendered 218/2157, time remaining: 25m 15s
Rendered 218/2157, time remaining: 25m 15s
Rendered 218/2157, time remaining: 25m 15s
Rendered 219/2157, time remaining: 25m 22s
Rendered 219/2157, time remaining: 25m 22s
Rendered 220/2157, time remaining: 25m 25s
Rendered 220/2157, time remaining: 25m 25s
Rendered 221/2157, time remaining: 25m 4s
Rendered 221/2157, time remaining: 25m 4s
Rendered 221/2157, time remaining: 25m 4s
Rendered 221/2157, time remaining: 25m 4s
Rendered 222/2157, time remaining: 25m 11s
Rendered 223/2157, time remaining: 25m 14s
Rendered 223/2157, time remaining: 25m 14s
Rendered 223/2157, time remaining: 25m 14s
Rendered 223/2157, time remaining: 25m 14s
Rendered 224/2157, time remaining: 25m 19s
Rendered 225/2157, time remaining: 24m 55s
Rendered 225/2157, time remaining: 24m 55s
Rendered 225/2157, time remaining: 24m 55s
Rendered 225/2157, time remaining: 24m 55s
Rendered 226/2157, time remaining: 25m 5s
Rendered 226/2157, time remaining: 25m 5s
Rendered 226/2157, time remaining: 25m 5s
Rendered 227/2157, time remaining: 25m 18s
Rendered 227/2157, time remaining: 25m 18s
Rendered 228/2157, time remaining: 25m 17s
Rendered 228/2157, time remaining: 25m 17s
Rendered 229/2157, time remaining: 25m 5s
Rendered 229/2157, time remaining: 25m 5s
Rendered 229/2157, time remaining: 25m 5s
Rendered 229/2157, time remaining: 25m 5s
Rendered 230/2157, time remaining: 25m 6s
Rendered 230/2157, time remaining: 25m 6s
Rendered 230/2157, time remaining: 25m 6s
Rendered 231/2157, time remaining: 25m 15s
Rendered 231/2157, time remaining: 25m 15s
Rendered 232/2157, time remaining: 25m 18s
Rendered 233/2157, time remaining: 25m 7s
Rendered 233/2157, time remaining: 25m 7s
Rendered 233/2157, time remaining: 25m 7s
Rendered 233/2157, time remaining: 25m 7s
Rendered 234/2157, time remaining: 25m 7s
Rendered 234/2157, time remaining: 25m 7s
Rendered 234/2157, time remaining: 25m 7s
Rendered 234/2157, time remaining: 25m 7s
Rendered 235/2157, time remaining: 25m 21s
Rendered 235/2157, time remaining: 25m 21s
Rendered 236/2157, time remaining: 25m 26s
Rendered 236/2157, time remaining: 25m 26s
Rendered 237/2157, time remaining: 25m 1s
Rendered 237/2157, time remaining: 25m 1s
Rendered 237/2157, time remaining: 25m 1s
Rendered 238/2157, time remaining: 25m 12s
Rendered 238/2157, time remaining: 25m 12s
Rendered 238/2157, time remaining: 25m 12s
Rendered 238/2157, time remaining: 25m 12s
Rendered 239/2157, time remaining: 25m 28s
Rendered 240/2157, time remaining: 25m 27s
Rendered 240/2157, time remaining: 25m 27s
Rendered 241/2157, time remaining: 24m 57s
Rendered 241/2157, time remaining: 24m 57s
Rendered 241/2157, time remaining: 24m 57s
Rendered 242/2157, time remaining: 25m 4s
Rendered 242/2157, time remaining: 25m 4s
Rendered 242/2157, time remaining: 25m 4s
Rendered 243/2157, time remaining: 25m 20s
Rendered 243/2157, time remaining: 25m 20s
Rendered 244/2157, time remaining: 25m 22s
Rendered 244/2157, time remaining: 25m 22s
Rendered 245/2157, time remaining: 25m 14s
Rendered 245/2157, time remaining: 25m 14s
Rendered 245/2157, time remaining: 25m 14s
Rendered 245/2157, time remaining: 25m 14s
Rendered 246/2157, time remaining: 25m 3s
Rendered 246/2157, time remaining: 25m 3s
Rendered 247/2157, time remaining: 25m 4s
Rendered 248/2157, time remaining: 25m 2s
Rendered 248/2157, time remaining: 25m 2s
Rendered 248/2157, time remaining: 25m 2s
Rendered 249/2157, time remaining: 25m 11s
Rendered 249/2157, time remaining: 25m 11s
Rendered 249/2157, time remaining: 25m 11s
Rendered 249/2157, time remaining: 25m 11s
Rendered 250/2157, time remaining: 25m 7s
Rendered 251/2157, time remaining: 24m 59s
Rendered 252/2157, time remaining: 24m 56s
Rendered 252/2157, time remaining: 24m 56s
Rendered 252/2157, time remaining: 24m 56s
Rendered 253/2157, time remaining: 24m 59s
Rendered 253/2157, time remaining: 24m 59s
Rendered 253/2157, time remaining: 24m 59s
Rendered 253/2157, time remaining: 24m 59s
Rendered 254/2157, time remaining: 25m 3s
Rendered 254/2157, time remaining: 25m 3s
Rendered 255/2157, time remaining: 24m 54s
Rendered 255/2157, time remaining: 24m 54s
Rendered 256/2157, time remaining: 24m 53s
Rendered 257/2157, time remaining: 24m 52s
Rendered 257/2157, time remaining: 24m 52s
Rendered 257/2157, time remaining: 24m 52s
Rendered 257/2157, time remaining: 24m 52s
Rendered 258/2157, time remaining: 24m 58s
Rendered 258/2157, time remaining: 24m 58s
Rendered 258/2157, time remaining: 24m 58s
Rendered 259/2157, time remaining: 24m 50s
Rendered 259/2157, time remaining: 24m 50s
Rendered 260/2157, time remaining: 24m 49s
Rendered 261/2157, time remaining: 24m 51s
Rendered 261/2157, time remaining: 24m 51s
Rendered 261/2157, time remaining: 24m 51s
Rendered 262/2157, time remaining: 24m 47s
Rendered 262/2157, time remaining: 24m 47s
Rendered 262/2157, time remaining: 24m 47s
Rendered 262/2157, time remaining: 24m 47s
Rendered 262/2157, time remaining: 24m 47s
Rendered 262/2157, time remaining: 24m 47s
Rendered 263/2157, time remaining: 24m 58s
Rendered 264/2157, time remaining: 24m 54s
Rendered 265/2157, time remaining: 24m 51s
Rendered 266/2157, time remaining: 24m 39s
Rendered 266/2157, time remaining: 24m 39s
Rendered 266/2157, time remaining: 24m 39s
Rendered 266/2157, time remaining: 24m 39s
Rendered 266/2157, time remaining: 24m 39s
Rendered 266/2157, time remaining: 24m 39s
Rendered 266/2157, time remaining: 24m 39s
Rendered 266/2157, time remaining: 24m 39s
Rendered 267/2157, time remaining: 24m 57s
Rendered 268/2157, time remaining: 24m 52s
Rendered 269/2157, time remaining: 24m 49s
Rendered 270/2157, time remaining: 24m 32s
Rendered 270/2157, time remaining: 24m 32s
Rendered 270/2157, time remaining: 24m 32s
Rendered 270/2157, time remaining: 24m 32s
Rendered 270/2157, time remaining: 24m 32s
Rendered 270/2157, time remaining: 24m 32s
Rendered 270/2157, time remaining: 24m 32s
Rendered 271/2157, time remaining: 25m 1s
Rendered 272/2157, time remaining: 24m 48s
Rendered 273/2157, time remaining: 24m 50s
Rendered 274/2157, time remaining: 24m 25s
Rendered 274/2157, time remaining: 24m 25s
Rendered 274/2157, time remaining: 24m 25s
Rendered 274/2157, time remaining: 24m 25s
Rendered 274/2157, time remaining: 24m 25s
Rendered 274/2157, time remaining: 24m 25s
Rendered 274/2157, time remaining: 24m 25s
Rendered 275/2157, time remaining: 24m 59s
Rendered 276/2157, time remaining: 24m 42s
Rendered 277/2157, time remaining: 24m 38s
Rendered 278/2157, time remaining: 24m 26s
Rendered 278/2157, time remaining: 24m 26s
Rendered 278/2157, time remaining: 24m 26s
Rendered 278/2157, time remaining: 24m 26s
Rendered 278/2157, time remaining: 24m 26s
Rendered 278/2157, time remaining: 24m 26s
Rendered 279/2157, time remaining: 24m 50s
Rendered 280/2157, time remaining: 24m 35s
Rendered 280/2157, time remaining: 24m 35s
Rendered 281/2157, time remaining: 24m 41s
Rendered 282/2157, time remaining: 24m 22s
Rendered 282/2157, time remaining: 24m 22s
Rendered 282/2157, time remaining: 24m 22s
Rendered 282/2157, time remaining: 24m 22s
Rendered 282/2157, time remaining: 24m 22s
Rendered 282/2157, time remaining: 24m 22s
Rendered 283/2157, time remaining: 24m 51s
Rendered 284/2157, time remaining: 24m 32s
Rendered 284/2157, time remaining: 24m 32s
Rendered 285/2157, time remaining: 24m 36s
Rendered 286/2157, time remaining: 24m 22s
Rendered 286/2157, time remaining: 24m 22s
Rendered 286/2157, time remaining: 24m 22s
Rendered 286/2157, time remaining: 24m 22s
Rendered 286/2157, time remaining: 24m 22s
Rendered 286/2157, time remaining: 24m 22s
Rendered 287/2157, time remaining: 24m 35s
Rendered 288/2157, time remaining: 24m 30s
Rendered 288/2157, time remaining: 24m 30s
Rendered 289/2157, time remaining: 24m 32s
Rendered 290/2157, time remaining: 24m 14s
Rendered 290/2157, time remaining: 24m 14s
Rendered 290/2157, time remaining: 24m 14s
Rendered 290/2157, time remaining: 24m 14s
Rendered 290/2157, time remaining: 24m 14s
Rendered 291/2157, time remaining: 24m 30s
Rendered 292/2157, time remaining: 24m 24s
Rendered 292/2157, time remaining: 24m 24s
Rendered 293/2157, time remaining: 24m 22s
Rendered 294/2157, time remaining: 24m 17s
Rendered 294/2157, time remaining: 24m 17s
Rendered 294/2157, time remaining: 24m 17s
Rendered 294/2157, time remaining: 24m 17s
Rendered 294/2157, time remaining: 24m 17s
Rendered 294/2157, time remaining: 24m 17s
Rendered 295/2157, time remaining: 24m 21s
Rendered 296/2157, time remaining: 24m 18s
Rendered 296/2157, time remaining: 24m 18s
Rendered 296/2157, time remaining: 24m 18s
Rendered 297/2157, time remaining: 24m 27s
Rendered 298/2157, time remaining: 24m 25s
Rendered 298/2157, time remaining: 24m 25s
Rendered 299/2157, time remaining: 24m 11s
Rendered 299/2157, time remaining: 24m 11s
Rendered 299/2157, time remaining: 24m 11s
Rendered 300/2157, time remaining: 24m 2s
Rendered 300/2157, time remaining: 24m 2s
Rendered 300/2157, time remaining: 24m 2s
Rendered 300/2157, time remaining: 24m 2s
Rendered 301/2157, time remaining: 24m 20s
Rendered 302/2157, time remaining: 24m 19s
Rendered 302/2157, time remaining: 24m 19s
Rendered 302/2157, time remaining: 24m 19s
Rendered 303/2157, time remaining: 24m 20s
Rendered 304/2157, time remaining: 23m 58s
Rendered 304/2157, time remaining: 23m 58s
Rendered 304/2157, time remaining: 23m 58s
Rendered 304/2157, time remaining: 23m 58s
Rendered 305/2157, time remaining: 24m 14s
Rendered 306/2157, time remaining: 24m 13s
Rendered 306/2157, time remaining: 24m 13s
Rendered 306/2157, time remaining: 24m 13s
Rendered 307/2157, time remaining: 24m 9s
Rendered 307/2157, time remaining: 24m 9s
Rendered 308/2157, time remaining: 24m 0s
Rendered 308/2157, time remaining: 24m 0s
Rendered 308/2157, time remaining: 24m 0s
Rendered 309/2157, time remaining: 24m 14s
Rendered 309/2157, time remaining: 24m 14s
Rendered 310/2157, time remaining: 24m 5s
Rendered 310/2157, time remaining: 24m 5s
Rendered 310/2157, time remaining: 24m 5s
Rendered 310/2157, time remaining: 24m 5s
Rendered 311/2157, time remaining: 24m 16s
Rendered 312/2157, time remaining: 23m 58s
Rendered 312/2157, time remaining: 23m 58s
Rendered 313/2157, time remaining: 24m 7s
Rendered 313/2157, time remaining: 24m 7s
Rendered 314/2157, time remaining: 23m 58s
Rendered 314/2157, time remaining: 23m 58s
Rendered 314/2157, time remaining: 23m 58s
Rendered 314/2157, time remaining: 23m 58s
Rendered 315/2157, time remaining: 23m 58s
Rendered 316/2157, time remaining: 23m 55s
Rendered 316/2157, time remaining: 23m 55s
Rendered 316/2157, time remaining: 23m 55s
Rendered 316/2157, time remaining: 23m 55s
Rendered 317/2157, time remaining: 24m 8s
Rendered 318/2157, time remaining: 23m 52s
Rendered 318/2157, time remaining: 23m 52s
Rendered 318/2157, time remaining: 23m 52s
Rendered 318/2157, time remaining: 23m 52s
Rendered 319/2157, time remaining: 23m 51s
Rendered 320/2157, time remaining: 23m 48s
Rendered 320/2157, time remaining: 23m 48s
Rendered 320/2157, time remaining: 23m 48s
Rendered 320/2157, time remaining: 23m 48s
Rendered 321/2157, time remaining: 24m 4s
Rendered 322/2157, time remaining: 23m 50s
Rendered 322/2157, time remaining: 23m 50s
Rendered 322/2157, time remaining: 23m 50s
Rendered 322/2157, time remaining: 23m 50s
Rendered 323/2157, time remaining: 23m 53s
Rendered 324/2157, time remaining: 23m 50s
Rendered 324/2157, time remaining: 23m 50s
Rendered 324/2157, time remaining: 23m 50s
Rendered 325/2157, time remaining: 23m 53s
Rendered 325/2157, time remaining: 23m 53s
Rendered 326/2157, time remaining: 23m 52s
Rendered 326/2157, time remaining: 23m 52s
Rendered 326/2157, time remaining: 23m 52s
Rendered 327/2157, time remaining: 23m 45s
Rendered 328/2157, time remaining: 23m 38s
Rendered 328/2157, time remaining: 23m 38s
Rendered 328/2157, time remaining: 23m 38s
Rendered 329/2157, time remaining: 23m 42s
Rendered 329/2157, time remaining: 23m 42s
Rendered 330/2157, time remaining: 23m 47s
Rendered 330/2157, time remaining: 23m 47s
Rendered 330/2157, time remaining: 23m 47s
Rendered 330/2157, time remaining: 23m 47s
Rendered 330/2157, time remaining: 23m 47s
Rendered 331/2157, time remaining: 23m 51s
Rendered 332/2157, time remaining: 23m 30s
Rendered 332/2157, time remaining: 23m 30s
Rendered 333/2157, time remaining: 23m 35s
Rendered 334/2157, time remaining: 23m 37s
Rendered 334/2157, time remaining: 23m 37s
Rendered 334/2157, time remaining: 23m 37s
Rendered 334/2157, time remaining: 23m 37s
Rendered 335/2157, time remaining: 23m 42s
Rendered 335/2157, time remaining: 23m 42s
Rendered 336/2157, time remaining: 23m 19s
Rendered 336/2157, time remaining: 23m 19s
Rendered 337/2157, time remaining: 23m 21s
Rendered 337/2157, time remaining: 23m 21s
Rendered 337/2157, time remaining: 23m 21s
Rendered 338/2157, time remaining: 23m 36s
Rendered 338/2157, time remaining: 23m 36s
Rendered 339/2157, time remaining: 23m 24s
Rendered 339/2157, time remaining: 23m 24s
Rendered 340/2157, time remaining: 22m 51s
Rendered 340/2157, time remaining: 22m 51s
Rendered 341/2157, time remaining: 22m 54s
Rendered 341/2157, time remaining: 22m 54s
Rendered 341/2157, time remaining: 22m 54s
Rendered 341/2157, time remaining: 22m 54s
Rendered 341/2157, time remaining: 22m 54s
Rendered 342/2157, time remaining: 23m 18s
Rendered 343/2157, time remaining: 23m 14s
Rendered 343/2157, time remaining: 23m 14s
Rendered 343/2157, time remaining: 23m 14s
Rendered 343/2157, time remaining: 23m 14s
Rendered 344/2157, time remaining: 22m 45s
Rendered 345/2157, time remaining: 22m 44s
Rendered 345/2157, time remaining: 22m 44s
Rendered 346/2157, time remaining: 22m 51s
Rendered 346/2157, time remaining: 22m 51s
Rendered 346/2157, time remaining: 22m 51s
Rendered 347/2157, time remaining: 23m 1s
Rendered 347/2157, time remaining: 23m 1s
Rendered 347/2157, time remaining: 23m 1s
Rendered 347/2157, time remaining: 23m 1s
Rendered 348/2157, time remaining: 22m 41s
Rendered 349/2157, time remaining: 22m 42s
Rendered 349/2157, time remaining: 22m 42s
Rendered 350/2157, time remaining: 22m 44s
Rendered 350/2157, time remaining: 22m 44s
Rendered 351/2157, time remaining: 22m 47s
Rendered 351/2157, time remaining: 22m 47s
Rendered 351/2157, time remaining: 22m 47s
Rendered 351/2157, time remaining: 22m 47s
Rendered 352/2157, time remaining: 22m 38s
Rendered 352/2157, time remaining: 22m 38s
Rendered 352/2157, time remaining: 22m 38s
Rendered 353/2157, time remaining: 22m 45s
Rendered 354/2157, time remaining: 22m 44s
Rendered 354/2157, time remaining: 22m 44s
Rendered 355/2157, time remaining: 22m 38s
Rendered 355/2157, time remaining: 22m 38s
Rendered 355/2157, time remaining: 22m 38s
Rendered 356/2157, time remaining: 22m 23s
Rendered 356/2157, time remaining: 22m 23s
Rendered 356/2157, time remaining: 22m 23s
Rendered 356/2157, time remaining: 22m 23s
Rendered 357/2157, time remaining: 22m 30s
Rendered 358/2157, time remaining: 22m 32s
Rendered 358/2157, time remaining: 22m 32s
Rendered 359/2157, time remaining: 22m 28s
Rendered 359/2157, time remaining: 22m 28s
Rendered 359/2157, time remaining: 22m 28s
Rendered 360/2157, time remaining: 22m 15s
Rendered 360/2157, time remaining: 22m 15s
Rendered 360/2157, time remaining: 22m 15s
Rendered 360/2157, time remaining: 22m 15s
Rendered 361/2157, time remaining: 22m 20s
Rendered 361/2157, time remaining: 22m 20s
Rendered 361/2157, time remaining: 22m 20s
Rendered 362/2157, time remaining: 22m 32s
Rendered 363/2157, time remaining: 22m 24s
Rendered 363/2157, time remaining: 22m 24s
Rendered 364/2157, time remaining: 22m 5s
Rendered 364/2157, time remaining: 22m 5s
Rendered 365/2157, time remaining: 22m 4s
Rendered 365/2157, time remaining: 22m 4s
Rendered 365/2157, time remaining: 22m 4s
Rendered 365/2157, time remaining: 22m 4s
Rendered 365/2157, time remaining: 22m 4s
Rendered 365/2157, time remaining: 22m 4s
Rendered 366/2157, time remaining: 22m 31s
Rendered 367/2157, time remaining: 22m 25s
Rendered 367/2157, time remaining: 22m 25s
Rendered 368/2157, time remaining: 22m 8s
Rendered 369/2157, time remaining: 22m 3s
Rendered 369/2157, time remaining: 22m 3s
Rendered 369/2157, time remaining: 22m 3s
Rendered 369/2157, time remaining: 22m 3s
Rendered 369/2157, time remaining: 22m 3s
Rendered 369/2157, time remaining: 22m 3s
Rendered 370/2157, time remaining: 22m 22s
Rendered 370/2157, time remaining: 22m 22s
Rendered 371/2157, time remaining: 22m 21s
Rendered 372/2157, time remaining: 22m 4s
Rendered 373/2157, time remaining: 22m 3s
Rendered 373/2157, time remaining: 22m 3s
Rendered 373/2157, time remaining: 22m 3s
Rendered 373/2157, time remaining: 22m 3s
Rendered 373/2157, time remaining: 22m 3s
Rendered 373/2157, time remaining: 22m 3s
Rendered 373/2157, time remaining: 22m 3s
Rendered 374/2157, time remaining: 22m 21s
Rendered 375/2157, time remaining: 22m 17s
Rendered 376/2157, time remaining: 22m 0s
Rendered 376/2157, time remaining: 22m 0s
Rendered 377/2157, time remaining: 21m 50s
Rendered 377/2157, time remaining: 21m 50s
Rendered 377/2157, time remaining: 21m 50s
Rendered 377/2157, time remaining: 21m 50s
Rendered 377/2157, time remaining: 21m 50s
Rendered 378/2157, time remaining: 22m 13s
Rendered 379/2157, time remaining: 22m 7s
Rendered 379/2157, time remaining: 22m 7s
Rendered 379/2157, time remaining: 22m 7s
Rendered 380/2157, time remaining: 21m 55s
Rendered 381/2157, time remaining: 21m 43s
Rendered 381/2157, time remaining: 21m 43s
Rendered 381/2157, time remaining: 21m 43s
Rendered 381/2157, time remaining: 21m 43s
Rendered 382/2157, time remaining: 21m 55s
Rendered 382/2157, time remaining: 21m 55s
Rendered 382/2157, time remaining: 21m 55s
Rendered 383/2157, time remaining: 22m 3s
Rendered 383/2157, time remaining: 22m 3s
Rendered 384/2157, time remaining: 21m 50s
Rendered 385/2157, time remaining: 21m 37s
Rendered 385/2157, time remaining: 21m 37s
Rendered 385/2157, time remaining: 21m 37s
Rendered 386/2157, time remaining: 21m 38s
Rendered 386/2157, time remaining: 21m 38s
Rendered 386/2157, time remaining: 21m 38s
Rendered 387/2157, time remaining: 21m 46s
Rendered 387/2157, time remaining: 21m 46s
Rendered 387/2157, time remaining: 21m 46s
Rendered 387/2157, time remaining: 21m 46s
Rendered 388/2157, time remaining: 21m 51s
Rendered 389/2157, time remaining: 21m 33s
Rendered 390/2157, time remaining: 21m 32s
Rendered 390/2157, time remaining: 21m 32s
Rendered 390/2157, time remaining: 21m 32s
Rendered 390/2157, time remaining: 21m 32s
Rendered 391/2157, time remaining: 21m 42s
Rendered 391/2157, time remaining: 21m 42s
Rendered 391/2157, time remaining: 21m 42s
Rendered 391/2157, time remaining: 21m 42s
Rendered 392/2157, time remaining: 21m 48s
Rendered 393/2157, time remaining: 21m 34s
Rendered 393/2157, time remaining: 21m 34s
Rendered 394/2157, time remaining: 21m 34s
Rendered 394/2157, time remaining: 21m 34s
Rendered 394/2157, time remaining: 21m 34s
Rendered 395/2157, time remaining: 21m 34s
Rendered 395/2157, time remaining: 21m 34s
Rendered 395/2157, time remaining: 21m 34s
Rendered 396/2157, time remaining: 21m 31s
Rendered 396/2157, time remaining: 21m 31s
Rendered 396/2157, time remaining: 21m 31s
Rendered 397/2157, time remaining: 21m 40s
Rendered 397/2157, time remaining: 21m 40s
Rendered 398/2157, time remaining: 21m 42s
Rendered 399/2157, time remaining: 21m 33s
Rendered 399/2157, time remaining: 21m 33s
Rendered 399/2157, time remaining: 21m 33s
Rendered 399/2157, time remaining: 21m 33s
Rendered 400/2157, time remaining: 21m 29s
Rendered 400/2157, time remaining: 21m 29s
Rendered 401/2157, time remaining: 21m 33s
Rendered 401/2157, time remaining: 21m 33s
Rendered 401/2157, time remaining: 21m 33s
Rendered 402/2157, time remaining: 21m 42s
Rendered 402/2157, time remaining: 21m 42s
Rendered 403/2157, time remaining: 21m 42s
Rendered 403/2157, time remaining: 21m 42s
Rendered 404/2157, time remaining: 21m 22s
Rendered 404/2157, time remaining: 21m 22s
Rendered 404/2157, time remaining: 21m 22s
Rendered 405/2157, time remaining: 21m 31s
Rendered 405/2157, time remaining: 21m 31s
Rendered 406/2157, time remaining: 21m 34s
Rendered 406/2157, time remaining: 21m 34s
Rendered 406/2157, time remaining: 21m 34s
Rendered 407/2157, time remaining: 21m 41s
Rendered 407/2157, time remaining: 21m 41s
Rendered 408/2157, time remaining: 21m 25s
Rendered 408/2157, time remaining: 21m 25s
Rendered 408/2157, time remaining: 21m 25s
Rendered 409/2157, time remaining: 21m 31s
Rendered 409/2157, time remaining: 21m 31s
Rendered 409/2157, time remaining: 21m 31s
Rendered 409/2157, time remaining: 21m 31s
Rendered 410/2157, time remaining: 21m 42s
Rendered 410/2157, time remaining: 21m 42s
Rendered 411/2157, time remaining: 21m 41s
Rendered 412/2157, time remaining: 21m 32s
Rendered 412/2157, time remaining: 21m 32s
Rendered 412/2157, time remaining: 21m 32s
Rendered 412/2157, time remaining: 21m 32s
Rendered 413/2157, time remaining: 21m 21s
Rendered 413/2157, time remaining: 21m 21s
Rendered 414/2157, time remaining: 21m 29s
Rendered 414/2157, time remaining: 21m 29s
Rendered 414/2157, time remaining: 21m 29s
Rendered 415/2157, time remaining: 21m 38s
Rendered 416/2157, time remaining: 21m 34s
Rendered 416/2157, time remaining: 21m 34s
Rendered 416/2157, time remaining: 21m 34s
Rendered 416/2157, time remaining: 21m 34s
Rendered 417/2157, time remaining: 21m 15s
Rendered 417/2157, time remaining: 21m 15s
Rendered 418/2157, time remaining: 21m 16s
Rendered 418/2157, time remaining: 21m 16s
Rendered 418/2157, time remaining: 21m 16s
Rendered 418/2157, time remaining: 21m 16s
Rendered 419/2157, time remaining: 21m 34s
Rendered 420/2157, time remaining: 21m 33s
Rendered 420/2157, time remaining: 21m 33s
Rendered 420/2157, time remaining: 21m 33s
Rendered 421/2157, time remaining: 21m 14s
Rendered 421/2157, time remaining: 21m 14s
Rendered 422/2157, time remaining: 21m 13s
Rendered 422/2157, time remaining: 21m 13s
Rendered 422/2157, time remaining: 21m 13s
Rendered 422/2157, time remaining: 21m 13s
Rendered 423/2157, time remaining: 21m 29s
Rendered 424/2157, time remaining: 21m 28s
Rendered 424/2157, time remaining: 21m 28s
Rendered 425/2157, time remaining: 21m 4s
Rendered 425/2157, time remaining: 21m 4s
Rendered 425/2157, time remaining: 21m 4s
Rendered 426/2157, time remaining: 21m 12s
Rendered 426/2157, time remaining: 21m 12s
Rendered 426/2157, time remaining: 21m 12s
Rendered 427/2157, time remaining: 21m 26s
Rendered 427/2157, time remaining: 21m 26s
Rendered 428/2157, time remaining: 21m 24s
Rendered 428/2157, time remaining: 21m 24s
Rendered 428/2157, time remaining: 21m 24s
Rendered 429/2157, time remaining: 21m 13s
Rendered 430/2157, time remaining: 21m 13s
Rendered 430/2157, time remaining: 21m 13s
Rendered 430/2157, time remaining: 21m 13s
Rendered 431/2157, time remaining: 21m 12s
Rendered 431/2157, time remaining: 21m 12s
Rendered 432/2157, time remaining: 21m 19s
Rendered 432/2157, time remaining: 21m 19s
Rendered 432/2157, time remaining: 21m 19s
Rendered 433/2157, time remaining: 21m 2s
Rendered 433/2157, time remaining: 21m 2s
Rendered 433/2157, time remaining: 21m 2s
Rendered 434/2157, time remaining: 21m 10s
Rendered 434/2157, time remaining: 21m 10s
Rendered 435/2157, time remaining: 21m 12s
Rendered 435/2157, time remaining: 21m 12s
Rendered 436/2157, time remaining: 21m 14s
Rendered 436/2157, time remaining: 21m 14s
Rendered 436/2157, time remaining: 21m 14s
Rendered 436/2157, time remaining: 21m 14s
Rendered 437/2157, time remaining: 21m 1s
Rendered 437/2157, time remaining: 21m 1s
Rendered 437/2157, time remaining: 21m 1s
Rendered 438/2157, time remaining: 21m 17s
Rendered 439/2157, time remaining: 21m 11s
Rendered 439/2157, time remaining: 21m 11s
Rendered 440/2157, time remaining: 21m 13s
Rendered 440/2157, time remaining: 21m 13s
Rendered 440/2157, time remaining: 21m 13s
Rendered 441/2157, time remaining: 20m 59s
Rendered 441/2157, time remaining: 20m 59s
Rendered 441/2157, time remaining: 20m 59s
Rendered 441/2157, time remaining: 20m 59s
Rendered 441/2157, time remaining: 20m 59s
Rendered 442/2157, time remaining: 21m 26s
Rendered 442/2157, time remaining: 21m 26s
Rendered 443/2157, time remaining: 21m 19s
Rendered 444/2157, time remaining: 21m 19s
Rendered 445/2157, time remaining: 20m 56s
Rendered 445/2157, time remaining: 20m 56s
Rendered 445/2157, time remaining: 20m 56s
Rendered 445/2157, time remaining: 20m 56s
Rendered 445/2157, time remaining: 20m 56s
Rendered 445/2157, time remaining: 20m 56s
Rendered 446/2157, time remaining: 21m 18s
Rendered 446/2157, time remaining: 21m 18s
Rendered 447/2157, time remaining: 21m 14s
Rendered 448/2157, time remaining: 21m 14s
Rendered 448/2157, time remaining: 21m 14s
Rendered 448/2157, time remaining: 21m 14s
Rendered 449/2157, time remaining: 21m 11s
Rendered 449/2157, time remaining: 21m 11s
Rendered 449/2157, time remaining: 21m 11s
Rendered 449/2157, time remaining: 21m 11s
Rendered 450/2157, time remaining: 21m 22s
Rendered 450/2157, time remaining: 21m 22s
Rendered 450/2157, time remaining: 21m 22s
Rendered 450/2157, time remaining: 21m 22s
Rendered 451/2157, time remaining: 21m 20s
Rendered 452/2157, time remaining: 21m 20s
Rendered 453/2157, time remaining: 21m 6s
Rendered 453/2157, time remaining: 21m 6s
Rendered 454/2157, time remaining: 21m 10s
Rendered 454/2157, time remaining: 21m 10s
Rendered 454/2157, time remaining: 21m 10s
Rendered 454/2157, time remaining: 21m 10s
Rendered 454/2157, time remaining: 21m 10s
Rendered 454/2157, time remaining: 21m 10s
Rendered 454/2157, time remaining: 21m 10s
Rendered 455/2157, time remaining: 21m 29s
Rendered 456/2157, time remaining: 21m 28s
Rendered 457/2157, time remaining: 21m 17s
Rendered 458/2157, time remaining: 21m 10s
Rendered 458/2157, time remaining: 21m 10s
Rendered 458/2157, time remaining: 21m 10s
Rendered 458/2157, time remaining: 21m 10s
Rendered 458/2157, time remaining: 21m 10s
Rendered 458/2157, time remaining: 21m 10s
Rendered 458/2157, time remaining: 21m 10s
Rendered 458/2157, time remaining: 21m 10s
Rendered 458/2157, time remaining: 21m 10s
Rendered 459/2157, time remaining: 21m 39s
Rendered 460/2157, time remaining: 21m 35s
Rendered 461/2157, time remaining: 21m 19s
Rendered 462/2157, time remaining: 21m 18s
Rendered 462/2157, time remaining: 21m 18s
Rendered 462/2157, time remaining: 21m 18s
Rendered 462/2157, time remaining: 21m 18s
Rendered 462/2157, time remaining: 21m 18s
Rendered 462/2157, time remaining: 21m 18s
Rendered 462/2157, time remaining: 21m 18s
Rendered 463/2157, time remaining: 21m 46s
Rendered 463/2157, time remaining: 21m 46s
Rendered 464/2157, time remaining: 21m 42s
Rendered 465/2157, time remaining: 21m 25s
Rendered 466/2157, time remaining: 21m 24s
Rendered 466/2157, time remaining: 21m 24s
Rendered 466/2157, time remaining: 21m 24s
Rendered 466/2157, time remaining: 21m 24s
Rendered 467/2157, time remaining: 21m 26s
Rendered 467/2157, time remaining: 21m 26s
Rendered 467/2157, time remaining: 21m 26s
Rendered 467/2157, time remaining: 21m 26s
Rendered 468/2157, time remaining: 21m 42s
Rendered 468/2157, time remaining: 21m 42s
Rendered 469/2157, time remaining: 21m 29s
Rendered 470/2157, time remaining: 21m 31s
Rendered 470/2157, time remaining: 21m 31s
Rendered 470/2157, time remaining: 21m 31s
Rendered 471/2157, time remaining: 21m 26s
Rendered 471/2157, time remaining: 21m 26s
Rendered 471/2157, time remaining: 21m 26s
Rendered 471/2157, time remaining: 21m 26s
Rendered 471/2157, time remaining: 21m 26s
Rendered 471/2157, time remaining: 21m 26s
Rendered 472/2157, time remaining: 21m 50s
Rendered 473/2157, time remaining: 21m 29s
Rendered 474/2157, time remaining: 21m 28s
Rendered 475/2157, time remaining: 21m 21s
Rendered 475/2157, time remaining: 21m 21s
Rendered 475/2157, time remaining: 21m 21s
Rendered 475/2157, time remaining: 21m 21s
Rendered 475/2157, time remaining: 21m 21s
Rendered 476/2157, time remaining: 21m 36s
Rendered 476/2157, time remaining: 21m 36s
Rendered 477/2157, time remaining: 21m 29s
Rendered 477/2157, time remaining: 21m 29s
Rendered 478/2157, time remaining: 21m 30s
Rendered 478/2157, time remaining: 21m 30s
Rendered 479/2157, time remaining: 21m 25s
Rendered 479/2157, time remaining: 21m 25s
Rendered 479/2157, time remaining: 21m 25s
Rendered 479/2157, time remaining: 21m 25s
Rendered 480/2157, time remaining: 21m 36s
Rendered 480/2157, time remaining: 21m 36s
Rendered 481/2157, time remaining: 21m 20s
Rendered 481/2157, time remaining: 21m 20s
Rendered 482/2157, time remaining: 21m 27s
Rendered 482/2157, time remaining: 21m 27s
Rendered 483/2157, time remaining: 21m 26s
Rendered 483/2157, time remaining: 21m 26s
Rendered 483/2157, time remaining: 21m 26s
Rendered 483/2157, time remaining: 21m 26s
Rendered 484/2157, time remaining: 21m 39s
Rendered 485/2157, time remaining: 21m 21s
Rendered 485/2157, time remaining: 21m 21s
Rendered 485/2157, time remaining: 21m 21s
Rendered 485/2157, time remaining: 21m 21s
Rendered 485/2157, time remaining: 21m 21s
Rendered 485/2157, time remaining: 21m 21s
Rendered 486/2157, time remaining: 21m 41s
Rendered 487/2157, time remaining: 21m 37s
Rendered 487/2157, time remaining: 21m 37s
Rendered 488/2157, time remaining: 21m 28s
Rendered 489/2157, time remaining: 21m 22s
Rendered 489/2157, time remaining: 21m 22s
Rendered 489/2157, time remaining: 21m 22s
Rendered 489/2157, time remaining: 21m 22s
Rendered 490/2157, time remaining: 21m 33s
Rendered 490/2157, time remaining: 21m 33s
Rendered 490/2157, time remaining: 21m 33s
Rendered 490/2157, time remaining: 21m 33s
Rendered 491/2157, time remaining: 21m 48s
Rendered 492/2157, time remaining: 21m 25s
Rendered 493/2157, time remaining: 21m 24s
Rendered 493/2157, time remaining: 21m 24s
Rendered 493/2157, time remaining: 21m 24s
Rendered 494/2157, time remaining: 21m 21s
Rendered 494/2157, time remaining: 21m 21s
Rendered 494/2157, time remaining: 21m 21s
Rendered 494/2157, time remaining: 21m 21s
Rendered 494/2157, time remaining: 21m 21s
Rendered 495/2157, time remaining: 21m 42s
Rendered 496/2157, time remaining: 21m 34s
Rendered 496/2157, time remaining: 21m 34s
Rendered 497/2157, time remaining: 21m 24s
Rendered 498/2157, time remaining: 21m 9s
Rendered 498/2157, time remaining: 21m 9s
Rendered 498/2157, time remaining: 21m 9s
Rendered 498/2157, time remaining: 21m 9s
Rendered 498/2157, time remaining: 21m 9s
Rendered 499/2157, time remaining: 21m 29s
Rendered 499/2157, time remaining: 21m 29s
Rendered 500/2157, time remaining: 21m 30s
Rendered 501/2157, time remaining: 21m 24s
Rendered 501/2157, time remaining: 21m 24s
Rendered 501/2157, time remaining: 21m 24s
Rendered 502/2157, time remaining: 21m 14s
Rendered 502/2157, time remaining: 21m 14s
Rendered 502/2157, time remaining: 21m 14s
Rendered 502/2157, time remaining: 21m 14s
Rendered 503/2157, time remaining: 21m 16s
Rendered 504/2157, time remaining: 21m 18s
Rendered 504/2157, time remaining: 21m 18s
Rendered 505/2157, time remaining: 21m 17s
Rendered 505/2157, time remaining: 21m 17s
Rendered 505/2157, time remaining: 21m 17s
Rendered 506/2157, time remaining: 21m 17s
Rendered 506/2157, time remaining: 21m 17s
Rendered 506/2157, time remaining: 21m 17s
Rendered 506/2157, time remaining: 21m 17s
Rendered 507/2157, time remaining: 21m 17s
Rendered 507/2157, time remaining: 21m 17s
Rendered 508/2157, time remaining: 21m 17s
Rendered 509/2157, time remaining: 21m 14s
Rendered 509/2157, time remaining: 21m 14s
Rendered 509/2157, time remaining: 21m 14s
Rendered 510/2157, time remaining: 21m 15s
Rendered 510/2157, time remaining: 21m 15s
Rendered 510/2157, time remaining: 21m 15s
Rendered 510/2157, time remaining: 21m 15s
Rendered 511/2157, time remaining: 21m 15s
Rendered 511/2157, time remaining: 21m 15s
Rendered 512/2157, time remaining: 21m 8s
Rendered 513/2157, time remaining: 21m 7s
Rendered 513/2157, time remaining: 21m 7s
Rendered 513/2157, time remaining: 21m 7s
Rendered 514/2157, time remaining: 21m 13s
Rendered 514/2157, time remaining: 21m 13s
Rendered 514/2157, time remaining: 21m 13s
Rendered 514/2157, time remaining: 21m 13s
Rendered 515/2157, time remaining: 21m 20s
Rendered 515/2157, time remaining: 21m 20s
Rendered 516/2157, time remaining: 20m 56s
Rendered 517/2157, time remaining: 20m 55s
Rendered 517/2157, time remaining: 20m 55s
Rendered 517/2157, time remaining: 20m 55s
Rendered 518/2157, time remaining: 21m 6s
Rendered 518/2157, time remaining: 21m 6s
Rendered 518/2157, time remaining: 21m 6s
Rendered 518/2157, time remaining: 21m 6s
Rendered 519/2157, time remaining: 21m 17s
Rendered 519/2157, time remaining: 21m 17s
Rendered 519/2157, time remaining: 21m 17s
Rendered 520/2157, time remaining: 21m 3s
Rendered 521/2157, time remaining: 20m 58s
Rendered 521/2157, time remaining: 20m 58s
Rendered 522/2157, time remaining: 20m 59s
Rendered 522/2157, time remaining: 20m 59s
Rendered 522/2157, time remaining: 20m 59s
Rendered 522/2157, time remaining: 20m 59s
Rendered 522/2157, time remaining: 20m 59s
Rendered 523/2157, time remaining: 21m 21s
Rendered 523/2157, time remaining: 21m 21s
Rendered 524/2157, time remaining: 20m 53s
Rendered 525/2157, time remaining: 20m 54s
Rendered 525/2157, time remaining: 20m 54s
Rendered 526/2157, time remaining: 20m 55s
Rendered 526/2157, time remaining: 20m 55s
Rendered 526/2157, time remaining: 20m 55s
Rendered 526/2157, time remaining: 20m 55s
Rendered 527/2157, time remaining: 21m 10s
Rendered 527/2157, time remaining: 21m 10s
Rendered 528/2157, time remaining: 20m 50s
Rendered 528/2157, time remaining: 20m 50s
Rendered 528/2157, time remaining: 20m 50s
Rendered 529/2157, time remaining: 20m 58s
Rendered 530/2157, time remaining: 20m 51s
Rendered 530/2157, time remaining: 20m 51s
Rendered 530/2157, time remaining: 20m 51s
Rendered 530/2157, time remaining: 20m 51s
Rendered 531/2157, time remaining: 21m 8s
Rendered 531/2157, time remaining: 21m 8s
Rendered 532/2157, time remaining: 20m 50s
Rendered 532/2157, time remaining: 20m 50s
Rendered 532/2157, time remaining: 20m 50s
Rendered 532/2157, time remaining: 20m 50s
Rendered 533/2157, time remaining: 20m 55s
Rendered 534/2157, time remaining: 20m 51s
Rendered 534/2157, time remaining: 20m 51s
Rendered 534/2157, time remaining: 20m 51s
Rendered 535/2157, time remaining: 21m 2s
Rendered 535/2157, time remaining: 21m 2s
Rendered 536/2157, time remaining: 20m 53s
Rendered 536/2157, time remaining: 20m 53s
Rendered 536/2157, time remaining: 20m 53s
Rendered 536/2157, time remaining: 20m 53s
Rendered 537/2157, time remaining: 20m 58s
Rendered 538/2157, time remaining: 20m 40s
Rendered 538/2157, time remaining: 20m 40s
Rendered 538/2157, time remaining: 20m 40s
Rendered 538/2157, time remaining: 20m 40s
Rendered 539/2157, time remaining: 20m 55s
Rendered 540/2157, time remaining: 20m 52s
Rendered 540/2157, time remaining: 20m 52s
Rendered 540/2157, time remaining: 20m 52s
Rendered 540/2157, time remaining: 20m 52s
Rendered 541/2157, time remaining: 20m 57s
Rendered 542/2157, time remaining: 20m 39s
Rendered 542/2157, time remaining: 20m 39s
Rendered 542/2157, time remaining: 20m 39s
Rendered 542/2157, time remaining: 20m 39s
Rendered 542/2157, time remaining: 20m 39s
Rendered 543/2157, time remaining: 21m 1s
Rendered 544/2157, time remaining: 20m 57s
Rendered 544/2157, time remaining: 20m 57s
Rendered 545/2157, time remaining: 20m 51s
Rendered 546/2157, time remaining: 20m 37s
Rendered 546/2157, time remaining: 20m 37s
Rendered 546/2157, time remaining: 20m 37s
Rendered 546/2157, time remaining: 20m 37s
Rendered 546/2157, time remaining: 20m 37s
Rendered 546/2157, time remaining: 20m 37s
Rendered 547/2157, time remaining: 20m 53s
Rendered 548/2157, time remaining: 20m 48s
Rendered 548/2157, time remaining: 20m 48s
Rendered 549/2157, time remaining: 20m 46s
Rendered 549/2157, time remaining: 20m 46s
Rendered 550/2157, time remaining: 20m 36s
Rendered 550/2157, time remaining: 20m 36s
Rendered 550/2157, time remaining: 20m 36s
Rendered 550/2157, time remaining: 20m 36s
Rendered 550/2157, time remaining: 20m 36s
Rendered 550/2157, time remaining: 20m 36s
Rendered 551/2157, time remaining: 20m 58s
Rendered 552/2157, time remaining: 20m 49s
Rendered 552/2157, time remaining: 20m 49s
Rendered 553/2157, time remaining: 20m 45s
Rendered 554/2157, time remaining: 20m 42s
Rendered 554/2157, time remaining: 20m 42s
Rendered 554/2157, time remaining: 20m 42s
Rendered 554/2157, time remaining: 20m 42s
Rendered 554/2157, time remaining: 20m 42s
Rendered 554/2157, time remaining: 20m 42s
Rendered 555/2157, time remaining: 20m 52s
Rendered 556/2157, time remaining: 20m 46s
Rendered 556/2157, time remaining: 20m 46s
Rendered 557/2157, time remaining: 20m 42s
Rendered 558/2157, time remaining: 20m 40s
Rendered 558/2157, time remaining: 20m 40s
Rendered 558/2157, time remaining: 20m 40s
Rendered 558/2157, time remaining: 20m 40s
Rendered 558/2157, time remaining: 20m 40s
Rendered 558/2157, time remaining: 20m 40s
Rendered 559/2157, time remaining: 20m 50s
Rendered 560/2157, time remaining: 20m 35s
Rendered 560/2157, time remaining: 20m 35s
Rendered 561/2157, time remaining: 20m 34s
Rendered 562/2157, time remaining: 20m 34s
Rendered 562/2157, time remaining: 20m 34s
Rendered 562/2157, time remaining: 20m 34s
Rendered 562/2157, time remaining: 20m 34s
Rendered 562/2157, time remaining: 20m 34s
Rendered 562/2157, time remaining: 20m 34s
Rendered 563/2157, time remaining: 20m 44s
Rendered 564/2157, time remaining: 20m 35s
Rendered 565/2157, time remaining: 20m 28s
Rendered 565/2157, time remaining: 20m 28s
Rendered 566/2157, time remaining: 20m 29s
Rendered 566/2157, time remaining: 20m 29s
Rendered 566/2157, time remaining: 20m 29s
Rendered 566/2157, time remaining: 20m 29s
Rendered 566/2157, time remaining: 20m 29s
Rendered 566/2157, time remaining: 20m 29s
Rendered 567/2157, time remaining: 20m 39s
Rendered 568/2157, time remaining: 20m 36s
Rendered 568/2157, time remaining: 20m 36s
Rendered 569/2157, time remaining: 20m 22s
Rendered 570/2157, time remaining: 20m 22s
Rendered 570/2157, time remaining: 20m 22s
Rendered 570/2157, time remaining: 20m 22s
Rendered 570/2157, time remaining: 20m 22s
Rendered 570/2157, time remaining: 20m 22s
Rendered 571/2157, time remaining: 20m 29s
Rendered 571/2157, time remaining: 20m 29s
Rendered 572/2157, time remaining: 20m 33s
Rendered 573/2157, time remaining: 20m 16s
Rendered 573/2157, time remaining: 20m 16s
Rendered 573/2157, time remaining: 20m 16s
Rendered 574/2157, time remaining: 20m 24s
Rendered 574/2157, time remaining: 20m 24s
Rendered 574/2157, time remaining: 20m 24s
Rendered 574/2157, time remaining: 20m 24s
Rendered 574/2157, time remaining: 20m 24s
Rendered 575/2157, time remaining: 20m 36s
Rendered 576/2157, time remaining: 20m 27s
Rendered 576/2157, time remaining: 20m 27s
Rendered 576/2157, time remaining: 20m 27s
Rendered 577/2157, time remaining: 20m 25s
Rendered 577/2157, time remaining: 20m 25s
Rendered 577/2157, time remaining: 20m 25s
Rendered 578/2157, time remaining: 20m 34s
Rendered 578/2157, time remaining: 20m 34s
Rendered 579/2157, time remaining: 20m 25s
Rendered 580/2157, time remaining: 20m 25s
Rendered 580/2157, time remaining: 20m 25s
Rendered 580/2157, time remaining: 20m 25s
Rendered 580/2157, time remaining: 20m 25s
Rendered 581/2157, time remaining: 20m 30s
Rendered 581/2157, time remaining: 20m 30s
Rendered 581/2157, time remaining: 20m 30s
Rendered 581/2157, time remaining: 20m 30s
Rendered 581/2157, time remaining: 20m 30s
Rendered 582/2157, time remaining: 20m 44s
Rendered 583/2157, time remaining: 20m 33s
Rendered 584/2157, time remaining: 20m 23s
Rendered 584/2157, time remaining: 20m 23s
Rendered 584/2157, time remaining: 20m 23s
Rendered 584/2157, time remaining: 20m 23s
Rendered 585/2157, time remaining: 20m 28s
Rendered 585/2157, time remaining: 20m 28s
Rendered 585/2157, time remaining: 20m 28s
Rendered 585/2157, time remaining: 20m 28s
Rendered 586/2157, time remaining: 20m 40s
Rendered 587/2157, time remaining: 20m 28s
Rendered 588/2157, time remaining: 20m 13s
Rendered 588/2157, time remaining: 20m 13s
Rendered 588/2157, time remaining: 20m 13s
Rendered 588/2157, time remaining: 20m 13s
Rendered 589/2157, time remaining: 20m 25s
Rendered 589/2157, time remaining: 20m 25s
Rendered 589/2157, time remaining: 20m 25s
Rendered 589/2157, time remaining: 20m 25s
Rendered 590/2157, time remaining: 20m 36s
Rendered 590/2157, time remaining: 20m 36s
Rendered 590/2157, time remaining: 20m 36s
Rendered 591/2157, time remaining: 20m 37s
Rendered 592/2157, time remaining: 20m 11s
Rendered 593/2157, time remaining: 20m 13s
Rendered 593/2157, time remaining: 20m 13s
Rendered 593/2157, time remaining: 20m 13s
Rendered 593/2157, time remaining: 20m 13s
Rendered 594/2157, time remaining: 20m 26s
Rendered 594/2157, time remaining: 20m 26s
Rendered 594/2157, time remaining: 20m 26s
Rendered 594/2157, time remaining: 20m 26s
Rendered 595/2157, time remaining: 20m 36s
Rendered 595/2157, time remaining: 20m 36s
Rendered 596/2157, time remaining: 20m 20s
Rendered 597/2157, time remaining: 20m 14s
Rendered 597/2157, time remaining: 20m 14s
Rendered 597/2157, time remaining: 20m 14s
Rendered 598/2157, time remaining: 20m 21s
Rendered 598/2157, time remaining: 20m 21s
Rendered 598/2157, time remaining: 20m 21s
Rendered 598/2157, time remaining: 20m 21s
Rendered 599/2157, time remaining: 20m 29s
Rendered 599/2157, time remaining: 20m 29s
Rendered 600/2157, time remaining: 20m 14s
Rendered 601/2157, time remaining: 20m 2s
Rendered 601/2157, time remaining: 20m 2s
Rendered 601/2157, time remaining: 20m 2s
Rendered 601/2157, time remaining: 20m 2s
Rendered 602/2157, time remaining: 20m 14s
Rendered 602/2157, time remaining: 20m 14s
Rendered 602/2157, time remaining: 20m 14s
Rendered 603/2157, time remaining: 20m 25s
Rendered 603/2157, time remaining: 20m 25s
Rendered 603/2157, time remaining: 20m 25s
Rendered 604/2157, time remaining: 20m 28s
Rendered 605/2157, time remaining: 19m 56s
Rendered 605/2157, time remaining: 19m 56s
Rendered 606/2157, time remaining: 20m 1s
Rendered 606/2157, time remaining: 20m 1s
Rendered 606/2157, time remaining: 20m 1s
Rendered 607/2157, time remaining: 20m 9s
Rendered 607/2157, time remaining: 20m 9s
Rendered 607/2157, time remaining: 20m 9s
Rendered 607/2157, time remaining: 20m 9s
Rendered 608/2157, time remaining: 20m 25s
Rendered 608/2157, time remaining: 20m 25s
Rendered 609/2157, time remaining: 19m 46s
Rendered 610/2157, time remaining: 19m 46s
Rendered 610/2157, time remaining: 19m 46s
Rendered 610/2157, time remaining: 19m 46s
Rendered 611/2157, time remaining: 19m 59s
Rendered 611/2157, time remaining: 19m 59s
Rendered 611/2157, time remaining: 19m 59s
Rendered 611/2157, time remaining: 19m 59s
Rendered 612/2157, time remaining: 20m 10s
Rendered 612/2157, time remaining: 20m 10s
Rendered 613/2157, time remaining: 19m 41s
Rendered 614/2157, time remaining: 19m 39s
Rendered 614/2157, time remaining: 19m 39s
Rendered 614/2157, time remaining: 19m 39s
Rendered 615/2157, time remaining: 19m 48s
Rendered 615/2157, time remaining: 19m 48s
Rendered 615/2157, time remaining: 19m 48s
Rendered 615/2157, time remaining: 19m 48s
Rendered 615/2157, time remaining: 19m 48s
Rendered 616/2157, time remaining: 20m 9s
Rendered 617/2157, time remaining: 19m 52s
Rendered 617/2157, time remaining: 19m 52s
Rendered 618/2157, time remaining: 19m 42s
Rendered 619/2157, time remaining: 19m 39s
Rendered 619/2157, time remaining: 19m 39s
Rendered 619/2157, time remaining: 19m 39s
Rendered 619/2157, time remaining: 19m 39s
Rendered 619/2157, time remaining: 19m 39s
Rendered 619/2157, time remaining: 19m 39s
Rendered 619/2157, time remaining: 19m 39s
Rendered 620/2157, time remaining: 20m 3s
Rendered 621/2157, time remaining: 19m 50s
Rendered 621/2157, time remaining: 19m 50s
Rendered 622/2157, time remaining: 19m 35s
Rendered 623/2157, time remaining: 19m 34s
Rendered 623/2157, time remaining: 19m 34s
Rendered 623/2157, time remaining: 19m 34s
Rendered 623/2157, time remaining: 19m 34s
Rendered 623/2157, time remaining: 19m 34s
Rendered 623/2157, time remaining: 19m 34s
Rendered 623/2157, time remaining: 19m 34s
Rendered 624/2157, time remaining: 20m 1s
Rendered 624/2157, time remaining: 20m 1s
Rendered 625/2157, time remaining: 20m 4s
Rendered 626/2157, time remaining: 19m 44s
Rendered 627/2157, time remaining: 19m 37s
Rendered 627/2157, time remaining: 19m 37s
Rendered 627/2157, time remaining: 19m 37s
Rendered 627/2157, time remaining: 19m 37s
Rendered 628/2157, time remaining: 19m 51s
Rendered 628/2157, time remaining: 19m 51s
Rendered 628/2157, time remaining: 19m 51s
Rendered 628/2157, time remaining: 19m 51s
Rendered 628/2157, time remaining: 19m 51s
Rendered 628/2157, time remaining: 19m 51s
Rendered 629/2157, time remaining: 20m 10s
Rendered 630/2157, time remaining: 19m 54s
Rendered 631/2157, time remaining: 19m 48s
Rendered 631/2157, time remaining: 19m 48s
Rendered 632/2157, time remaining: 19m 43s
Rendered 632/2157, time remaining: 19m 43s
Rendered 632/2157, time remaining: 19m 43s
Rendered 632/2157, time remaining: 19m 43s
Rendered 632/2157, time remaining: 19m 43s
Rendered 632/2157, time remaining: 19m 43s
Rendered 633/2157, time remaining: 20m 6s
Rendered 634/2157, time remaining: 19m 50s
Rendered 635/2157, time remaining: 19m 49s
Rendered 635/2157, time remaining: 19m 49s
Rendered 636/2157, time remaining: 19m 26s
Rendered 636/2157, time remaining: 19m 26s
Rendered 636/2157, time remaining: 19m 26s
Rendered 636/2157, time remaining: 19m 26s
Rendered 636/2157, time remaining: 19m 26s
Rendered 636/2157, time remaining: 19m 26s
Rendered 636/2157, time remaining: 19m 26s
Rendered 637/2157, time remaining: 19m 56s
Rendered 638/2157, time remaining: 19m 50s
Rendered 639/2157, time remaining: 19m 53s
Rendered 640/2157, time remaining: 19m 38s
Rendered 640/2157, time remaining: 19m 38s
Rendered 640/2157, time remaining: 19m 38s
Rendered 640/2157, time remaining: 19m 38s
Rendered 640/2157, time remaining: 19m 38s
Rendered 640/2157, time remaining: 19m 38s
Rendered 641/2157, time remaining: 19m 45s
Rendered 642/2157, time remaining: 19m 44s
Rendered 642/2157, time remaining: 19m 44s
Rendered 642/2157, time remaining: 19m 44s
Rendered 643/2157, time remaining: 19m 50s
Rendered 644/2157, time remaining: 19m 37s
Rendered 644/2157, time remaining: 19m 37s
Rendered 644/2157, time remaining: 19m 37s
Rendered 644/2157, time remaining: 19m 37s
Rendered 644/2157, time remaining: 19m 37s
Rendered 644/2157, time remaining: 19m 37s
Rendered 644/2157, time remaining: 19m 37s
Rendered 645/2157, time remaining: 19m 48s
Rendered 646/2157, time remaining: 19m 47s
Rendered 647/2157, time remaining: 19m 46s
Rendered 648/2157, time remaining: 19m 42s
Rendered 648/2157, time remaining: 19m 42s
Rendered 648/2157, time remaining: 19m 42s
Rendered 648/2157, time remaining: 19m 42s
Rendered 648/2157, time remaining: 19m 42s
Rendered 648/2157, time remaining: 19m 42s
Rendered 648/2157, time remaining: 19m 42s
Rendered 648/2157, time remaining: 19m 42s
Rendered 649/2157, time remaining: 19m 57s
Rendered 650/2157, time remaining: 19m 51s
Rendered 651/2157, time remaining: 19m 49s
Rendered 651/2157, time remaining: 19m 49s
Rendered 652/2157, time remaining: 19m 43s
Rendered 652/2157, time remaining: 19m 43s
Rendered 652/2157, time remaining: 19m 43s
Rendered 652/2157, time remaining: 19m 43s
Rendered 652/2157, time remaining: 19m 43s
Rendered 652/2157, time remaining: 19m 43s
Rendered 653/2157, time remaining: 19m 55s
Rendered 653/2157, time remaining: 19m 55s
Rendered 654/2157, time remaining: 19m 57s
Rendered 655/2157, time remaining: 19m 54s
Rendered 656/2157, time remaining: 19m 43s
Rendered 656/2157, time remaining: 19m 43s
Rendered 656/2157, time remaining: 19m 43s
Rendered 656/2157, time remaining: 19m 43s
Rendered 657/2157, time remaining: 19m 43s
Rendered 657/2157, time remaining: 19m 43s
Rendered 657/2157, time remaining: 19m 43s
Rendered 657/2157, time remaining: 19m 43s
Rendered 657/2157, time remaining: 19m 43s
Rendered 658/2157, time remaining: 19m 56s
Rendered 659/2157, time remaining: 19m 57s
Rendered 660/2157, time remaining: 19m 44s
Rendered 660/2157, time remaining: 19m 44s
Rendered 660/2157, time remaining: 19m 44s
Rendered 661/2157, time remaining: 19m 36s
Rendered 661/2157, time remaining: 19m 36s
Rendered 661/2157, time remaining: 19m 36s
Rendered 661/2157, time remaining: 19m 36s
Rendered 662/2157, time remaining: 19m 47s
Rendered 662/2157, time remaining: 19m 47s
Rendered 662/2157, time remaining: 19m 47s
Rendered 663/2157, time remaining: 19m 55s
Rendered 664/2157, time remaining: 19m 43s
Rendered 664/2157, time remaining: 19m 43s
Rendered 665/2157, time remaining: 19m 33s
Rendered 665/2157, time remaining: 19m 33s
Rendered 665/2157, time remaining: 19m 33s
Rendered 666/2157, time remaining: 19m 38s
Rendered 666/2157, time remaining: 19m 38s
Rendered 666/2157, time remaining: 19m 38s
Rendered 666/2157, time remaining: 19m 38s
Rendered 667/2157, time remaining: 19m 53s
Rendered 667/2157, time remaining: 19m 53s
Rendered 668/2157, time remaining: 19m 43s
Rendered 669/2157, time remaining: 19m 30s
Rendered 669/2157, time remaining: 19m 30s
Rendered 669/2157, time remaining: 19m 30s
Rendered 670/2157, time remaining: 19m 29s
Rendered 670/2157, time remaining: 19m 29s
Rendered 670/2157, time remaining: 19m 29s
Rendered 670/2157, time remaining: 19m 29s
Rendered 671/2157, time remaining: 19m 42s
Rendered 671/2157, time remaining: 19m 42s
Rendered 672/2157, time remaining: 19m 43s
Rendered 673/2157, time remaining: 19m 19s
Rendered 673/2157, time remaining: 19m 19s
Rendered 673/2157, time remaining: 19m 19s
Rendered 674/2157, time remaining: 19m 27s
Rendered 674/2157, time remaining: 19m 27s
Rendered 674/2157, time remaining: 19m 27s
Rendered 674/2157, time remaining: 19m 27s
Rendered 675/2157, time remaining: 19m 39s
Rendered 675/2157, time remaining: 19m 39s
Rendered 676/2157, time remaining: 19m 40s
Rendered 677/2157, time remaining: 19m 22s
Rendered 677/2157, time remaining: 19m 22s
Rendered 677/2157, time remaining: 19m 22s
Rendered 678/2157, time remaining: 19m 28s
Rendered 678/2157, time remaining: 19m 28s
Rendered 678/2157, time remaining: 19m 28s
Rendered 678/2157, time remaining: 19m 28s
Rendered 678/2157, time remaining: 19m 28s
Rendered 679/2157, time remaining: 19m 36s
Rendered 680/2157, time remaining: 19m 35s
Rendered 681/2157, time remaining: 19m 18s
Rendered 681/2157, time remaining: 19m 18s
Rendered 682/2157, time remaining: 19m 22s
Rendered 682/2157, time remaining: 19m 22s
Rendered 682/2157, time remaining: 19m 22s
Rendered 682/2157, time remaining: 19m 22s
Rendered 682/2157, time remaining: 19m 22s
Rendered 683/2157, time remaining: 19m 25s
Rendered 684/2157, time remaining: 19m 28s
Rendered 684/2157, time remaining: 19m 28s
Rendered 685/2157, time remaining: 19m 18s
Rendered 685/2157, time remaining: 19m 18s
Rendered 686/2157, time remaining: 19m 20s
Rendered 686/2157, time remaining: 19m 20s
Rendered 686/2157, time remaining: 19m 20s
Rendered 686/2157, time remaining: 19m 20s
Rendered 687/2157, time remaining: 19m 19s
Rendered 687/2157, time remaining: 19m 19s
Rendered 688/2157, time remaining: 19m 23s
Rendered 688/2157, time remaining: 19m 23s
Rendered 689/2157, time remaining: 19m 13s
Rendered 689/2157, time remaining: 19m 13s
Rendered 690/2157, time remaining: 19m 18s
Rendered 690/2157, time remaining: 19m 18s
Rendered 690/2157, time remaining: 19m 18s
Rendered 690/2157, time remaining: 19m 18s
Rendered 691/2157, time remaining: 19m 14s
Rendered 691/2157, time remaining: 19m 14s
Rendered 692/2157, time remaining: 19m 19s
Rendered 692/2157, time remaining: 19m 19s
Rendered 692/2157, time remaining: 19m 19s
Rendered 693/2157, time remaining: 19m 3s
Rendered 694/2157, time remaining: 19m 6s
Rendered 694/2157, time remaining: 19m 6s
Rendered 694/2157, time remaining: 19m 6s
Rendered 694/2157, time remaining: 19m 6s
Rendered 695/2157, time remaining: 19m 12s
Rendered 695/2157, time remaining: 19m 12s
Rendered 696/2157, time remaining: 19m 21s
Rendered 696/2157, time remaining: 19m 21s
Rendered 697/2157, time remaining: 18m 59s
Rendered 697/2157, time remaining: 18m 59s
Rendered 697/2157, time remaining: 18m 59s
Rendered 698/2157, time remaining: 19m 7s
Rendered 698/2157, time remaining: 19m 7s
Rendered 699/2157, time remaining: 19m 9s
Rendered 699/2157, time remaining: 19m 9s
Rendered 699/2157, time remaining: 19m 9s
Rendered 699/2157, time remaining: 19m 9s
Rendered 700/2157, time remaining: 19m 16s
Rendered 701/2157, time remaining: 18m 51s
Rendered 701/2157, time remaining: 18m 51s
Rendered 701/2157, time remaining: 18m 51s
Rendered 701/2157, time remaining: 18m 51s
Rendered 702/2157, time remaining: 19m 3s
Rendered 703/2157, time remaining: 18m 59s
Rendered 703/2157, time remaining: 18m 59s
Rendered 703/2157, time remaining: 18m 59s
Rendered 703/2157, time remaining: 18m 59s
Rendered 703/2157, time remaining: 18m 59s
Rendered 704/2157, time remaining: 19m 18s
Rendered 705/2157, time remaining: 18m 55s
Rendered 706/2157, time remaining: 18m 54s
Rendered 706/2157, time remaining: 18m 54s
Rendered 707/2157, time remaining: 18m 53s
Rendered 707/2157, time remaining: 18m 53s
Rendered 707/2157, time remaining: 18m 53s
Rendered 707/2157, time remaining: 18m 53s
Rendered 707/2157, time remaining: 18m 53s
Rendered 708/2157, time remaining: 19m 9s
Rendered 708/2157, time remaining: 19m 9s
Rendered 708/2157, time remaining: 19m 9s
Rendered 708/2157, time remaining: 19m 9s
Rendered 709/2157, time remaining: 19m 0s
Rendered 710/2157, time remaining: 19m 0s
Rendered 711/2157, time remaining: 18m 55s
Rendered 711/2157, time remaining: 18m 55s
Rendered 711/2157, time remaining: 18m 55s
Rendered 712/2157, time remaining: 19m 4s
Rendered 712/2157, time remaining: 19m 4s
Rendered 712/2157, time remaining: 19m 4s
Rendered 712/2157, time remaining: 19m 4s
Rendered 713/2157, time remaining: 18m 54s
Rendered 713/2157, time remaining: 18m 54s
Rendered 714/2157, time remaining: 18m 58s
Rendered 715/2157, time remaining: 18m 54s
Rendered 715/2157, time remaining: 18m 54s
Rendered 715/2157, time remaining: 18m 54s
Rendered 716/2157, time remaining: 18m 59s
Rendered 716/2157, time remaining: 18m 59s
Rendered 716/2157, time remaining: 18m 59s
Rendered 716/2157, time remaining: 18m 59s
Rendered 716/2157, time remaining: 18m 59s
Rendered 717/2157, time remaining: 18m 54s
Rendered 717/2157, time remaining: 18m 54s
Rendered 717/2157, time remaining: 18m 54s
Rendered 718/2157, time remaining: 19m 3s
Rendered 719/2157, time remaining: 18m 58s
Rendered 719/2157, time remaining: 18m 58s
Rendered 719/2157, time remaining: 18m 58s
Rendered 719/2157, time remaining: 18m 58s
Rendered 719/2157, time remaining: 18m 58s
Rendered 720/2157, time remaining: 19m 14s
Rendered 721/2157, time remaining: 18m 54s
Rendered 721/2157, time remaining: 18m 54s
Rendered 721/2157, time remaining: 18m 54s
Rendered 721/2157, time remaining: 18m 54s
Rendered 722/2157, time remaining: 19m 4s
Rendered 723/2157, time remaining: 19m 3s
Rendered 723/2157, time remaining: 19m 3s
Rendered 723/2157, time remaining: 19m 3s
Rendered 723/2157, time remaining: 19m 3s
Rendered 723/2157, time remaining: 19m 3s
Rendered 724/2157, time remaining: 19m 15s
Rendered 725/2157, time remaining: 18m 56s
Rendered 725/2157, time remaining: 18m 56s
Rendered 726/2157, time remaining: 19m 0s
Rendered 727/2157, time remaining: 18m 47s
Rendered 727/2157, time remaining: 18m 47s
Rendered 727/2157, time remaining: 18m 47s
Rendered 727/2157, time remaining: 18m 47s
Rendered 727/2157, time remaining: 18m 47s
Rendered 727/2157, time remaining: 18m 47s
Rendered 727/2157, time remaining: 18m 47s
Rendered 728/2157, time remaining: 19m 1s
Rendered 729/2157, time remaining: 18m 54s
Rendered 730/2157, time remaining: 18m 57s
Rendered 731/2157, time remaining: 18m 45s
Rendered 731/2157, time remaining: 18m 45s
Rendered 731/2157, time remaining: 18m 45s
Rendered 731/2157, time remaining: 18m 45s
Rendered 731/2157, time remaining: 18m 45s
Rendered 731/2157, time remaining: 18m 45s
Rendered 731/2157, time remaining: 18m 45s
Rendered 732/2157, time remaining: 18m 48s
Rendered 733/2157, time remaining: 18m 48s
Rendered 733/2157, time remaining: 18m 48s
Rendered 734/2157, time remaining: 18m 51s
Rendered 735/2157, time remaining: 18m 40s
Rendered 735/2157, time remaining: 18m 40s
Rendered 735/2157, time remaining: 18m 40s
Rendered 735/2157, time remaining: 18m 40s
Rendered 736/2157, time remaining: 18m 41s
Rendered 736/2157, time remaining: 18m 41s
Rendered 736/2157, time remaining: 18m 41s
Rendered 737/2157, time remaining: 18m 46s
Rendered 737/2157, time remaining: 18m 46s
Rendered 738/2157, time remaining: 18m 49s
Rendered 739/2157, time remaining: 18m 38s
Rendered 739/2157, time remaining: 18m 38s
Rendered 739/2157, time remaining: 18m 38s
Rendered 739/2157, time remaining: 18m 38s
Rendered 740/2157, time remaining: 18m 35s
Rendered 740/2157, time remaining: 18m 35s
Rendered 740/2157, time remaining: 18m 35s
Rendered 740/2157, time remaining: 18m 35s
Rendered 741/2157, time remaining: 18m 42s
Rendered 742/2157, time remaining: 18m 42s
Rendered 743/2157, time remaining: 18m 37s
Rendered 743/2157, time remaining: 18m 37s
Rendered 743/2157, time remaining: 18m 37s
Rendered 743/2157, time remaining: 18m 37s
Rendered 744/2157, time remaining: 18m 35s
Rendered 744/2157, time remaining: 18m 35s
Rendered 744/2157, time remaining: 18m 35s
Rendered 745/2157, time remaining: 18m 33s
Rendered 745/2157, time remaining: 18m 33s
Rendered 746/2157, time remaining: 18m 32s
Rendered 747/2157, time remaining: 18m 29s
Rendered 747/2157, time remaining: 18m 29s
Rendered 747/2157, time remaining: 18m 29s
Rendered 747/2157, time remaining: 18m 29s
Rendered 747/2157, time remaining: 18m 29s
Rendered 748/2157, time remaining: 18m 36s
Rendered 748/2157, time remaining: 18m 36s
Rendered 749/2157, time remaining: 18m 29s
Rendered 749/2157, time remaining: 18m 29s
Rendered 749/2157, time remaining: 18m 29s
Rendered 750/2157, time remaining: 18m 32s
Rendered 751/2157, time remaining: 18m 29s
Rendered 751/2157, time remaining: 18m 29s
Rendered 751/2157, time remaining: 18m 29s
Rendered 752/2157, time remaining: 18m 29s
Rendered 752/2157, time remaining: 18m 29s
Rendered 752/2157, time remaining: 18m 29s
Rendered 752/2157, time remaining: 18m 29s
Rendered 753/2157, time remaining: 18m 28s
Rendered 753/2157, time remaining: 18m 28s
Rendered 754/2157, time remaining: 18m 25s
Rendered 755/2157, time remaining: 18m 24s
Rendered 755/2157, time remaining: 18m 24s
Rendered 755/2157, time remaining: 18m 24s
Rendered 756/2157, time remaining: 18m 26s
Rendered 756/2157, time remaining: 18m 26s
Rendered 756/2157, time remaining: 18m 26s
Rendered 756/2157, time remaining: 18m 26s
Rendered 757/2157, time remaining: 18m 33s
Rendered 757/2157, time remaining: 18m 33s
Rendered 758/2157, time remaining: 18m 19s
Rendered 759/2157, time remaining: 18m 17s
Rendered 759/2157, time remaining: 18m 17s
Rendered 759/2157, time remaining: 18m 17s
Rendered 760/2157, time remaining: 18m 26s
Rendered 760/2157, time remaining: 18m 26s
Rendered 760/2157, time remaining: 18m 26s
Rendered 760/2157, time remaining: 18m 26s
Rendered 761/2157, time remaining: 18m 27s
Rendered 761/2157, time remaining: 18m 27s
Rendered 762/2157, time remaining: 18m 18s
Rendered 763/2157, time remaining: 18m 13s
Rendered 763/2157, time remaining: 18m 13s
Rendered 763/2157, time remaining: 18m 13s
Rendered 763/2157, time remaining: 18m 13s
Rendered 764/2157, time remaining: 18m 27s
Rendered 764/2157, time remaining: 18m 27s
Rendered 764/2157, time remaining: 18m 27s
Rendered 765/2157, time remaining: 18m 23s
Rendered 766/2157, time remaining: 18m 4s
Rendered 766/2157, time remaining: 18m 4s
Rendered 766/2157, time remaining: 18m 4s
Rendered 766/2157, time remaining: 18m 4s
Rendered 767/2157, time remaining: 18m 18s
Rendered 768/2157, time remaining: 18m 12s
Rendered 768/2157, time remaining: 18m 12s
Rendered 768/2157, time remaining: 18m 12s
Rendered 768/2157, time remaining: 18m 12s
Rendered 769/2157, time remaining: 18m 23s
Rendered 770/2157, time remaining: 17m 58s
Rendered 770/2157, time remaining: 17m 58s
Rendered 770/2157, time remaining: 17m 58s
Rendered 771/2157, time remaining: 18m 9s
Rendered 771/2157, time remaining: 18m 9s
Rendered 771/2157, time remaining: 18m 9s
Rendered 772/2157, time remaining: 18m 8s
Rendered 772/2157, time remaining: 18m 8s
Rendered 772/2157, time remaining: 18m 8s
Rendered 773/2157, time remaining: 18m 15s
Rendered 774/2157, time remaining: 17m 50s
Rendered 774/2157, time remaining: 17m 50s
Rendered 774/2157, time remaining: 17m 50s
Rendered 774/2157, time remaining: 17m 50s
Rendered 775/2157, time remaining: 17m 58s
Rendered 776/2157, time remaining: 17m 59s
Rendered 776/2157, time remaining: 17m 59s
Rendered 776/2157, time remaining: 17m 59s
Rendered 776/2157, time remaining: 17m 59s
Rendered 777/2157, time remaining: 18m 11s
Rendered 777/2157, time remaining: 18m 11s
Rendered 778/2157, time remaining: 18m 0s
Rendered 778/2157, time remaining: 18m 0s
Rendered 778/2157, time remaining: 18m 0s
Rendered 779/2157, time remaining: 17m 45s
Rendered 779/2157, time remaining: 17m 45s
Rendered 780/2157, time remaining: 17m 47s
Rendered 780/2157, time remaining: 17m 47s
Rendered 780/2157, time remaining: 17m 47s
Rendered 781/2157, time remaining: 17m 58s
Rendered 781/2157, time remaining: 17m 58s
Rendered 782/2157, time remaining: 17m 58s
Rendered 782/2157, time remaining: 17m 58s
Rendered 782/2157, time remaining: 17m 58s
Rendered 782/2157, time remaining: 17m 58s
Rendered 783/2157, time remaining: 17m 45s
Rendered 784/2157, time remaining: 17m 44s
Rendered 784/2157, time remaining: 17m 44s
Rendered 784/2157, time remaining: 17m 44s
Rendered 785/2157, time remaining: 17m 56s
Rendered 786/2157, time remaining: 17m 53s
Rendered 786/2157, time remaining: 17m 53s
Rendered 786/2157, time remaining: 17m 53s
Rendered 786/2157, time remaining: 17m 53s
Rendered 787/2157, time remaining: 17m 39s
Rendered 788/2157, time remaining: 17m 38s
Rendered 788/2157, time remaining: 17m 38s
Rendered 788/2157, time remaining: 17m 38s
Rendered 788/2157, time remaining: 17m 38s
Rendered 789/2157, time remaining: 17m 48s
Rendered 789/2157, time remaining: 17m 48s
Rendered 790/2157, time remaining: 17m 47s
Rendered 790/2157, time remaining: 17m 47s
Rendered 790/2157, time remaining: 17m 47s
Rendered 790/2157, time remaining: 17m 47s
Rendered 791/2157, time remaining: 17m 39s
Rendered 792/2157, time remaining: 17m 38s
Rendered 792/2157, time remaining: 17m 38s
Rendered 792/2157, time remaining: 17m 38s
Rendered 792/2157, time remaining: 17m 38s
Rendered 793/2157, time remaining: 17m 47s
Rendered 794/2157, time remaining: 17m 46s
Rendered 794/2157, time remaining: 17m 46s
Rendered 794/2157, time remaining: 17m 46s
Rendered 794/2157, time remaining: 17m 46s
Rendered 794/2157, time remaining: 17m 46s
Rendered 795/2157, time remaining: 17m 33s
Rendered 796/2157, time remaining: 17m 33s
Rendered 796/2157, time remaining: 17m 33s
Rendered 796/2157, time remaining: 17m 33s
Rendered 797/2157, time remaining: 17m 42s
Rendered 797/2157, time remaining: 17m 42s
Rendered 798/2157, time remaining: 17m 46s
Rendered 798/2157, time remaining: 17m 46s
Rendered 798/2157, time remaining: 17m 46s
Rendered 799/2157, time remaining: 17m 21s
Rendered 799/2157, time remaining: 17m 21s
Rendered 800/2157, time remaining: 17m 26s
Rendered 800/2157, time remaining: 17m 26s
Rendered 800/2157, time remaining: 17m 26s
Rendered 800/2157, time remaining: 17m 26s
Rendered 801/2157, time remaining: 17m 40s
Rendered 802/2157, time remaining: 17m 37s
Rendered 802/2157, time remaining: 17m 37s
Rendered 802/2157, time remaining: 17m 37s
Rendered 803/2157, time remaining: 17m 17s
Rendered 803/2157, time remaining: 17m 17s
Rendered 804/2157, time remaining: 17m 16s
Rendered 804/2157, time remaining: 17m 16s
Rendered 804/2157, time remaining: 17m 16s
Rendered 804/2157, time remaining: 17m 16s
Rendered 804/2157, time remaining: 17m 16s
Rendered 805/2157, time remaining: 17m 34s
Rendered 806/2157, time remaining: 17m 33s
Rendered 806/2157, time remaining: 17m 33s
Rendered 807/2157, time remaining: 17m 22s
Rendered 807/2157, time remaining: 17m 22s
Rendered 807/2157, time remaining: 17m 22s
Rendered 807/2157, time remaining: 17m 22s
Rendered 808/2157, time remaining: 17m 20s
Rendered 809/2157, time remaining: 17m 19s
Rendered 809/2157, time remaining: 17m 19s
Rendered 810/2157, time remaining: 17m 23s
Rendered 810/2157, time remaining: 17m 23s
Rendered 810/2157, time remaining: 17m 23s
Rendered 810/2157, time remaining: 17m 23s
Rendered 810/2157, time remaining: 17m 23s
Rendered 811/2157, time remaining: 17m 31s
Rendered 812/2157, time remaining: 17m 18s
Rendered 812/2157, time remaining: 17m 18s
Rendered 813/2157, time remaining: 17m 14s
Rendered 813/2157, time remaining: 17m 14s
Rendered 813/2157, time remaining: 17m 14s
Rendered 814/2157, time remaining: 17m 19s
Rendered 814/2157, time remaining: 17m 19s
Rendered 814/2157, time remaining: 17m 19s
Rendered 815/2157, time remaining: 17m 24s
Rendered 815/2157, time remaining: 17m 24s
Rendered 815/2157, time remaining: 17m 24s
Rendered 815/2157, time remaining: 17m 24s
Rendered 816/2157, time remaining: 17m 29s
Rendered 816/2157, time remaining: 17m 29s
Rendered 816/2157, time remaining: 17m 29s
Rendered 817/2157, time remaining: 17m 20s
Rendered 818/2157, time remaining: 17m 16s
Rendered 818/2157, time remaining: 17m 16s
Rendered 819/2157, time remaining: 17m 20s
Rendered 819/2157, time remaining: 17m 20s
Rendered 819/2157, time remaining: 17m 20s
Rendered 820/2157, time remaining: 17m 18s
Rendered 820/2157, time remaining: 17m 18s
Rendered 820/2157, time remaining: 17m 18s
Rendered 820/2157, time remaining: 17m 18s
Rendered 820/2157, time remaining: 17m 18s
Rendered 820/2157, time remaining: 17m 18s
Rendered 821/2157, time remaining: 17m 29s
Rendered 822/2157, time remaining: 17m 26s
Rendered 822/2157, time remaining: 17m 26s
Rendered 823/2157, time remaining: 17m 27s
Rendered 824/2157, time remaining: 17m 18s
Rendered 824/2157, time remaining: 17m 18s
Rendered 824/2157, time remaining: 17m 18s
Rendered 824/2157, time remaining: 17m 18s
Rendered 824/2157, time remaining: 17m 18s
Rendered 824/2157, time remaining: 17m 18s
Rendered 824/2157, time remaining: 17m 18s
Rendered 825/2157, time remaining: 17m 31s
Rendered 826/2157, time remaining: 17m 27s
Rendered 827/2157, time remaining: 17m 26s
Rendered 828/2157, time remaining: 17m 14s
Rendered 828/2157, time remaining: 17m 14s
Rendered 828/2157, time remaining: 17m 14s
Rendered 828/2157, time remaining: 17m 14s
Rendered 828/2157, time remaining: 17m 14s
Rendered 828/2157, time remaining: 17m 14s
Rendered 828/2157, time remaining: 17m 14s
Rendered 828/2157, time remaining: 17m 14s
Rendered 828/2157, time remaining: 17m 14s
Rendered 829/2157, time remaining: 17m 29s
Rendered 830/2157, time remaining: 17m 29s
Rendered 831/2157, time remaining: 17m 28s
Rendered 832/2157, time remaining: 17m 23s
Rendered 832/2157, time remaining: 17m 23s
Rendered 832/2157, time remaining: 17m 23s
Rendered 832/2157, time remaining: 17m 23s
Rendered 832/2157, time remaining: 17m 23s
Rendered 833/2157, time remaining: 17m 25s
Rendered 833/2157, time remaining: 17m 25s
Rendered 834/2157, time remaining: 17m 24s
Rendered 834/2157, time remaining: 17m 24s
Rendered 835/2157, time remaining: 17m 23s
Rendered 836/2157, time remaining: 17m 19s
Rendered 836/2157, time remaining: 17m 19s
Rendered 836/2157, time remaining: 17m 19s
Rendered 836/2157, time remaining: 17m 19s
Rendered 836/2157, time remaining: 17m 19s
Rendered 837/2157, time remaining: 17m 24s
Rendered 837/2157, time remaining: 17m 24s
Rendered 838/2157, time remaining: 17m 25s
Rendered 839/2157, time remaining: 17m 19s
Rendered 839/2157, time remaining: 17m 19s
Rendered 840/2157, time remaining: 17m 17s
Rendered 840/2157, time remaining: 17m 17s
Rendered 840/2157, time remaining: 17m 17s
Rendered 840/2157, time remaining: 17m 17s
Rendered 841/2157, time remaining: 17m 17s
Rendered 841/2157, time remaining: 17m 17s
Rendered 841/2157, time remaining: 17m 17s
Rendered 841/2157, time remaining: 17m 17s
Rendered 842/2157, time remaining: 17m 24s
Rendered 843/2157, time remaining: 17m 17s
Rendered 843/2157, time remaining: 17m 17s
Rendered 844/2157, time remaining: 17m 15s
Rendered 844/2157, time remaining: 17m 15s
Rendered 844/2157, time remaining: 17m 15s
Rendered 845/2157, time remaining: 17m 15s
Rendered 845/2157, time remaining: 17m 15s
Rendered 845/2157, time remaining: 17m 15s
Rendered 845/2157, time remaining: 17m 15s
Rendered 846/2157, time remaining: 17m 17s
Rendered 846/2157, time remaining: 17m 17s
Rendered 847/2157, time remaining: 17m 18s
Rendered 848/2157, time remaining: 17m 9s
Rendered 848/2157, time remaining: 17m 9s
Rendered 848/2157, time remaining: 17m 9s
Rendered 849/2157, time remaining: 17m 16s
Rendered 849/2157, time remaining: 17m 16s
Rendered 849/2157, time remaining: 17m 16s
Rendered 849/2157, time remaining: 17m 16s
Rendered 850/2157, time remaining: 17m 14s
Rendered 850/2157, time remaining: 17m 14s
Rendered 850/2157, time remaining: 17m 14s
Rendered 850/2157, time remaining: 17m 14s
Rendered 851/2157, time remaining: 17m 26s
Rendered 852/2157, time remaining: 17m 14s
Rendered 852/2157, time remaining: 17m 14s
Rendered 853/2157, time remaining: 17m 14s
Rendered 853/2157, time remaining: 17m 14s
Rendered 853/2157, time remaining: 17m 14s
Rendered 854/2157, time remaining: 17m 6s
Rendered 854/2157, time remaining: 17m 6s
Rendered 854/2157, time remaining: 17m 6s
Rendered 854/2157, time remaining: 17m 6s
Rendered 855/2157, time remaining: 17m 17s
Rendered 856/2157, time remaining: 17m 18s
Rendered 856/2157, time remaining: 17m 18s
Rendered 857/2157, time remaining: 17m 16s
Rendered 857/2157, time remaining: 17m 16s
Rendered 857/2157, time remaining: 17m 16s
Rendered 858/2157, time remaining: 17m 9s
Rendered 858/2157, time remaining: 17m 9s
Rendered 858/2157, time remaining: 17m 9s
Rendered 858/2157, time remaining: 17m 9s
Rendered 858/2157, time remaining: 17m 9s
Rendered 859/2157, time remaining: 17m 10s
Rendered 859/2157, time remaining: 17m 10s
Rendered 860/2157, time remaining: 17m 12s
Rendered 861/2157, time remaining: 17m 11s
Rendered 861/2157, time remaining: 17m 11s
Rendered 861/2157, time remaining: 17m 11s
Rendered 862/2157, time remaining: 17m 12s
Rendered 862/2157, time remaining: 17m 12s
Rendered 862/2157, time remaining: 17m 12s
Rendered 862/2157, time remaining: 17m 12s
Rendered 863/2157, time remaining: 17m 11s
Rendered 863/2157, time remaining: 17m 11s
Rendered 864/2157, time remaining: 17m 8s
Rendered 865/2157, time remaining: 17m 9s
Rendered 865/2157, time remaining: 17m 9s
Rendered 865/2157, time remaining: 17m 9s
Rendered 865/2157, time remaining: 17m 9s
Rendered 866/2157, time remaining: 17m 13s
Rendered 866/2157, time remaining: 17m 13s
Rendered 866/2157, time remaining: 17m 13s
Rendered 866/2157, time remaining: 17m 13s
Rendered 866/2157, time remaining: 17m 13s
Rendered 867/2157, time remaining: 17m 11s
Rendered 867/2157, time remaining: 17m 11s
Rendered 868/2157, time remaining: 17m 6s
Rendered 869/2157, time remaining: 17m 5s
Rendered 869/2157, time remaining: 17m 5s
Rendered 870/2157, time remaining: 16m 53s
Rendered 870/2157, time remaining: 16m 53s
Rendered 870/2157, time remaining: 16m 53s
Rendered 871/2157, time remaining: 17m 2s
Rendered 871/2157, time remaining: 17m 2s
Rendered 871/2157, time remaining: 17m 2s
Rendered 871/2157, time remaining: 17m 2s
Rendered 872/2157, time remaining: 17m 0s
Rendered 872/2157, time remaining: 17m 0s
Rendered 872/2157, time remaining: 17m 0s
Rendered 873/2157, time remaining: 17m 9s
Rendered 874/2157, time remaining: 16m 50s
Rendered 874/2157, time remaining: 16m 50s
Rendered 875/2157, time remaining: 16m 51s
Rendered 875/2157, time remaining: 16m 51s
Rendered 875/2157, time remaining: 16m 51s
Rendered 876/2157, time remaining: 16m 57s
Rendered 876/2157, time remaining: 16m 57s
Rendered 876/2157, time remaining: 16m 57s
Rendered 876/2157, time remaining: 16m 57s
Rendered 876/2157, time remaining: 16m 57s
Rendered 877/2157, time remaining: 17m 12s
Rendered 878/2157, time remaining: 16m 50s
Rendered 878/2157, time remaining: 16m 50s
Rendered 879/2157, time remaining: 16m 52s
Rendered 880/2157, time remaining: 16m 49s
Rendered 880/2157, time remaining: 16m 49s
Rendered 880/2157, time remaining: 16m 49s
Rendered 880/2157, time remaining: 16m 49s
Rendered 880/2157, time remaining: 16m 49s
Rendered 880/2157, time remaining: 16m 49s
Rendered 881/2157, time remaining: 17m 7s
Rendered 882/2157, time remaining: 16m 44s
Rendered 882/2157, time remaining: 16m 44s
Rendered 883/2157, time remaining: 16m 49s
Rendered 883/2157, time remaining: 16m 49s
Rendered 884/2157, time remaining: 16m 50s
Rendered 884/2157, time remaining: 16m 50s
Rendered 884/2157, time remaining: 16m 50s
Rendered 884/2157, time remaining: 16m 50s
Rendered 885/2157, time remaining: 17m 0s
Rendered 885/2157, time remaining: 17m 0s
Rendered 886/2157, time remaining: 16m 49s
Rendered 886/2157, time remaining: 16m 49s
Rendered 886/2157, time remaining: 16m 49s
Rendered 887/2157, time remaining: 16m 48s
Rendered 887/2157, time remaining: 16m 48s
Rendered 888/2157, time remaining: 16m 46s
Rendered 888/2157, time remaining: 16m 46s
Rendered 888/2157, time remaining: 16m 46s
Rendered 888/2157, time remaining: 16m 46s
Rendered 888/2157, time remaining: 16m 46s
Rendered 888/2157, time remaining: 16m 46s
Rendered 889/2157, time remaining: 17m 5s
Rendered 890/2157, time remaining: 16m 54s
Rendered 891/2157, time remaining: 16m 41s
Rendered 892/2157, time remaining: 16m 41s
Rendered 892/2157, time remaining: 16m 41s
Rendered 892/2157, time remaining: 16m 41s
Rendered 892/2157, time remaining: 16m 41s
Rendered 892/2157, time remaining: 16m 41s
Rendered 892/2157, time remaining: 16m 41s
Rendered 893/2157, time remaining: 17m 0s
Rendered 893/2157, time remaining: 17m 0s
Rendered 894/2157, time remaining: 16m 54s
Rendered 895/2157, time remaining: 16m 43s
Rendered 895/2157, time remaining: 16m 43s
Rendered 896/2157, time remaining: 16m 38s
Rendered 896/2157, time remaining: 16m 38s
Rendered 896/2157, time remaining: 16m 38s
Rendered 897/2157, time remaining: 16m 49s
Rendered 897/2157, time remaining: 16m 49s
Rendered 897/2157, time remaining: 16m 49s
Rendered 897/2157, time remaining: 16m 49s
Rendered 897/2157, time remaining: 16m 49s
Rendered 898/2157, time remaining: 16m 49s
Rendered 899/2157, time remaining: 16m 40s
Rendered 900/2157, time remaining: 16m 36s
Rendered 900/2157, time remaining: 16m 36s
Rendered 900/2157, time remaining: 16m 36s
Rendered 901/2157, time remaining: 16m 45s
Rendered 901/2157, time remaining: 16m 45s
Rendered 901/2157, time remaining: 16m 45s
Rendered 901/2157, time remaining: 16m 45s
Rendered 902/2157, time remaining: 16m 45s
Rendered 902/2157, time remaining: 16m 45s
Rendered 903/2157, time remaining: 16m 36s
Rendered 904/2157, time remaining: 16m 31s
Rendered 904/2157, time remaining: 16m 31s
Rendered 904/2157, time remaining: 16m 31s
Rendered 904/2157, time remaining: 16m 31s
Rendered 905/2157, time remaining: 16m 41s
Rendered 905/2157, time remaining: 16m 41s
Rendered 905/2157, time remaining: 16m 41s
Rendered 906/2157, time remaining: 16m 44s
Rendered 906/2157, time remaining: 16m 44s
Rendered 907/2157, time remaining: 16m 31s
Rendered 908/2157, time remaining: 16m 30s
Rendered 908/2157, time remaining: 16m 30s
Rendered 908/2157, time remaining: 16m 30s
Rendered 908/2157, time remaining: 16m 30s
Rendered 909/2157, time remaining: 16m 39s
Rendered 909/2157, time remaining: 16m 39s
Rendered 909/2157, time remaining: 16m 39s
Rendered 909/2157, time remaining: 16m 39s
Rendered 910/2157, time remaining: 16m 42s
Rendered 911/2157, time remaining: 16m 29s
Rendered 911/2157, time remaining: 16m 29s
Rendered 912/2157, time remaining: 16m 31s
Rendered 912/2157, time remaining: 16m 31s
Rendered 913/2157, time remaining: 16m 34s
Rendered 913/2157, time remaining: 16m 34s
Rendered 913/2157, time remaining: 16m 34s
Rendered 913/2157, time remaining: 16m 34s
Rendered 914/2157, time remaining: 16m 29s
Rendered 914/2157, time remaining: 16m 29s
Rendered 915/2157, time remaining: 16m 27s
Rendered 915/2157, time remaining: 16m 27s
Rendered 915/2157, time remaining: 16m 27s
Rendered 915/2157, time remaining: 16m 27s
Rendered 916/2157, time remaining: 16m 39s
Rendered 917/2157, time remaining: 16m 25s
Rendered 917/2157, time remaining: 16m 25s
Rendered 917/2157, time remaining: 16m 25s
Rendered 918/2157, time remaining: 16m 30s
Rendered 918/2157, time remaining: 16m 30s
Rendered 919/2157, time remaining: 16m 24s
Rendered 919/2157, time remaining: 16m 24s
Rendered 919/2157, time remaining: 16m 24s
Rendered 919/2157, time remaining: 16m 24s
Rendered 919/2157, time remaining: 16m 24s
Rendered 920/2157, time remaining: 16m 38s
Rendered 921/2157, time remaining: 16m 26s
Rendered 921/2157, time remaining: 16m 26s
Rendered 922/2157, time remaining: 16m 23s
Rendered 922/2157, time remaining: 16m 23s
Rendered 923/2157, time remaining: 16m 22s
Rendered 923/2157, time remaining: 16m 22s
Rendered 923/2157, time remaining: 16m 22s
Rendered 923/2157, time remaining: 16m 22s
Rendered 923/2157, time remaining: 16m 22s
Rendered 924/2157, time remaining: 16m 37s
Rendered 925/2157, time remaining: 16m 23s
Rendered 925/2157, time remaining: 16m 23s
Rendered 926/2157, time remaining: 16m 24s
Rendered 926/2157, time remaining: 16m 24s
Rendered 927/2157, time remaining: 16m 17s
Rendered 927/2157, time remaining: 16m 17s
Rendered 927/2157, time remaining: 16m 17s
Rendered 927/2157, time remaining: 16m 17s
Rendered 928/2157, time remaining: 16m 22s
Rendered 928/2157, time remaining: 16m 22s
Rendered 929/2157, time remaining: 16m 19s
Rendered 929/2157, time remaining: 16m 19s
Rendered 929/2157, time remaining: 16m 19s
Rendered 929/2157, time remaining: 16m 19s
Rendered 930/2157, time remaining: 16m 27s
Rendered 931/2157, time remaining: 16m 15s
Rendered 931/2157, time remaining: 16m 15s
Rendered 932/2157, time remaining: 16m 19s
Rendered 932/2157, time remaining: 16m 19s
Rendered 933/2157, time remaining: 16m 11s
Rendered 933/2157, time remaining: 16m 11s
Rendered 933/2157, time remaining: 16m 11s
Rendered 933/2157, time remaining: 16m 11s
Rendered 934/2157, time remaining: 16m 21s
Rendered 934/2157, time remaining: 16m 21s
Rendered 935/2157, time remaining: 16m 14s
Rendered 935/2157, time remaining: 16m 14s
Rendered 935/2157, time remaining: 16m 14s
Rendered 936/2157, time remaining: 16m 19s
Rendered 936/2157, time remaining: 16m 19s
Rendered 937/2157, time remaining: 16m 10s
Rendered 937/2157, time remaining: 16m 10s
Rendered 937/2157, time remaining: 16m 10s
Rendered 938/2157, time remaining: 16m 20s
Rendered 938/2157, time remaining: 16m 20s
Rendered 939/2157, time remaining: 16m 9s
Rendered 939/2157, time remaining: 16m 9s
Rendered 939/2157, time remaining: 16m 9s
Rendered 939/2157, time remaining: 16m 9s
Rendered 940/2157, time remaining: 16m 19s
Rendered 941/2157, time remaining: 16m 6s
Rendered 941/2157, time remaining: 16m 6s
Rendered 941/2157, time remaining: 16m 6s
Rendered 941/2157, time remaining: 16m 6s
Rendered 942/2157, time remaining: 16m 16s
Rendered 942/2157, time remaining: 16m 16s
Rendered 942/2157, time remaining: 16m 16s
Rendered 943/2157, time remaining: 16m 9s
Rendered 944/2157, time remaining: 16m 12s
Rendered 944/2157, time remaining: 16m 12s
Rendered 945/2157, time remaining: 15m 59s
Rendered 945/2157, time remaining: 15m 59s
Rendered 945/2157, time remaining: 15m 59s
Rendered 946/2157, time remaining: 16m 6s
Rendered 946/2157, time remaining: 16m 6s
Rendered 946/2157, time remaining: 16m 6s
Rendered 946/2157, time remaining: 16m 6s
Rendered 947/2157, time remaining: 16m 9s
Rendered 947/2157, time remaining: 16m 9s
Rendered 948/2157, time remaining: 16m 7s
Rendered 949/2157, time remaining: 16m 0s
Rendered 949/2157, time remaining: 16m 0s
Rendered 949/2157, time remaining: 16m 0s
Rendered 949/2157, time remaining: 16m 0s
Rendered 950/2157, time remaining: 16m 5s
Rendered 950/2157, time remaining: 16m 5s
Rendered 950/2157, time remaining: 16m 5s
Rendered 951/2157, time remaining: 15m 59s
Rendered 951/2157, time remaining: 15m 59s
Rendered 952/2157, time remaining: 16m 2s
Rendered 953/2157, time remaining: 15m 58s
Rendered 953/2157, time remaining: 15m 58s
Rendered 953/2157, time remaining: 15m 58s
Rendered 953/2157, time remaining: 15m 58s
Rendered 954/2157, time remaining: 16m 2s
Rendered 954/2157, time remaining: 16m 2s
Rendered 954/2157, time remaining: 16m 2s
Rendered 955/2157, time remaining: 15m 55s
Rendered 955/2157, time remaining: 15m 55s
Rendered 955/2157, time remaining: 15m 55s
Rendered 956/2157, time remaining: 16m 2s
Rendered 957/2157, time remaining: 15m 57s
Rendered 957/2157, time remaining: 15m 57s
Rendered 957/2157, time remaining: 15m 57s
Rendered 957/2157, time remaining: 15m 57s
Rendered 958/2157, time remaining: 15m 57s
Rendered 958/2157, time remaining: 15m 57s
Rendered 959/2157, time remaining: 15m 57s
Rendered 959/2157, time remaining: 15m 57s
Rendered 959/2157, time remaining: 15m 57s
Rendered 959/2157, time remaining: 15m 57s
Rendered 960/2157, time remaining: 16m 4s
Rendered 960/2157, time remaining: 16m 4s
Rendered 960/2157, time remaining: 16m 4s
Rendered 961/2157, time remaining: 15m 57s
Rendered 961/2157, time remaining: 15m 57s
Rendered 962/2157, time remaining: 15m 59s
Rendered 963/2157, time remaining: 15m 56s
Rendered 963/2157, time remaining: 15m 56s
Rendered 963/2157, time remaining: 15m 56s
Rendered 963/2157, time remaining: 15m 56s
Rendered 964/2157, time remaining: 16m 0s
Rendered 964/2157, time remaining: 16m 0s
Rendered 964/2157, time remaining: 16m 0s
Rendered 964/2157, time remaining: 16m 0s
Rendered 964/2157, time remaining: 16m 0s
Rendered 965/2157, time remaining: 16m 6s
Rendered 966/2157, time remaining: 15m 53s
Rendered 967/2157, time remaining: 15m 46s
Rendered 967/2157, time remaining: 15m 46s
Rendered 968/2157, time remaining: 15m 49s
Rendered 968/2157, time remaining: 15m 49s
Rendered 968/2157, time remaining: 15m 49s
Rendered 968/2157, time remaining: 15m 49s
Rendered 968/2157, time remaining: 15m 49s
Rendered 968/2157, time remaining: 15m 49s
Rendered 968/2157, time remaining: 15m 49s
Rendered 968/2157, time remaining: 15m 49s
Rendered 968/2157, time remaining: 15m 49s
Rendered 968/2157, time remaining: 15m 49s
Rendered 969/2157, time remaining: 16m 21s
Rendered 969/2157, time remaining: 16m 21s
Rendered 969/2157, time remaining: 16m 21s
Rendered 970/2157, time remaining: 16m 17s
Rendered 970/2157, time remaining: 16m 17s
Rendered 970/2157, time remaining: 16m 17s
Rendered 970/2157, time remaining: 16m 17s
Rendered 970/2157, time remaining: 16m 17s
Rendered 970/2157, time remaining: 16m 17s
Rendered 970/2157, time remaining: 16m 17s
Rendered 970/2157, time remaining: 16m 17s
Rendered 970/2157, time remaining: 16m 17s
Rendered 970/2157, time remaining: 16m 17s
Rendered 970/2157, time remaining: 16m 17s
Rendered 970/2157, time remaining: 16m 17s
Rendered 970/2157, time remaining: 16m 17s
Rendered 971/2157, time remaining: 16m 44s
Rendered 972/2157, time remaining: 16m 43s
Rendered 972/2157, time remaining: 16m 43s
Rendered 972/2157, time remaining: 16m 43s
Rendered 972/2157, time remaining: 16m 43s
Rendered 972/2157, time remaining: 16m 43s
Rendered 972/2157, time remaining: 16m 43s
Rendered 972/2157, time remaining: 16m 43s
Rendered 972/2157, time remaining: 16m 43s
Rendered 972/2157, time remaining: 16m 43s
Rendered 972/2157, time remaining: 16m 43s
Rendered 972/2157, time remaining: 16m 43s
Rendered 972/2157, time remaining: 16m 43s
Rendered 972/2157, time remaining: 16m 43s
Rendered 972/2157, time remaining: 16m 43s
Rendered 972/2157, time remaining: 16m 43s
Rendered 972/2157, time remaining: 16m 43s
Rendered 972/2157, time remaining: 16m 43s
Rendered 972/2157, time remaining: 16m 43s
Rendered 972/2157, time remaining: 16m 43s
Rendered 972/2157, time remaining: 16m 43s
Rendered 973/2157, time remaining: 17m 55s
Rendered 973/2157, time remaining: 17m 55s
Rendered 973/2157, time remaining: 17m 55s
Rendered 973/2157, time remaining: 17m 55s
Rendered 973/2157, time remaining: 17m 55s
Rendered 973/2157, time remaining: 17m 55s
Rendered 973/2157, time remaining: 17m 55s
Rendered 973/2157, time remaining: 17m 55s
Rendered 973/2157, time remaining: 17m 55s
Rendered 973/2157, time remaining: 17m 55s
Rendered 974/2157, time remaining: 18m 27s
Rendered 975/2157, time remaining: 18m 3s
Rendered 976/2157, time remaining: 18m 2s
Rendered 976/2157, time remaining: 18m 2s
Rendered 976/2157, time remaining: 18m 2s
Rendered 976/2157, time remaining: 18m 2s
Rendered 976/2157, time remaining: 18m 2s
Rendered 976/2157, time remaining: 18m 2s
Rendered 976/2157, time remaining: 18m 2s
Rendered 976/2157, time remaining: 18m 2s
Rendered 976/2157, time remaining: 18m 2s
Rendered 976/2157, time remaining: 18m 2s
Rendered 976/2157, time remaining: 18m 2s
Rendered 976/2157, time remaining: 18m 2s
Rendered 976/2157, time remaining: 18m 2s
Rendered 977/2157, time remaining: 18m 47s
Rendered 977/2157, time remaining: 18m 47s
Rendered 977/2157, time remaining: 18m 47s
Rendered 977/2157, time remaining: 18m 47s
Rendered 977/2157, time remaining: 18m 47s
Rendered 977/2157, time remaining: 18m 47s
Rendered 977/2157, time remaining: 18m 47s
Rendered 977/2157, time remaining: 18m 47s
Rendered 977/2157, time remaining: 18m 47s
Rendered 977/2157, time remaining: 18m 47s
Rendered 977/2157, time remaining: 18m 47s
Rendered 977/2157, time remaining: 18m 47s
Rendered 977/2157, time remaining: 18m 47s
Rendered 978/2157, time remaining: 19m 32s
Rendered 978/2157, time remaining: 19m 32s
Rendered 978/2157, time remaining: 19m 32s
Rendered 978/2157, time remaining: 19m 32s
Rendered 979/2157, time remaining: 19m 15s
Rendered 980/2157, time remaining: 19m 14s
Rendered 980/2157, time remaining: 19m 14s
Rendered 980/2157, time remaining: 19m 14s
Rendered 980/2157, time remaining: 19m 14s
Rendered 980/2157, time remaining: 19m 14s
Rendered 980/2157, time remaining: 19m 14s
Rendered 980/2157, time remaining: 19m 14s
Rendered 980/2157, time remaining: 19m 14s
Rendered 980/2157, time remaining: 19m 14s
Rendered 980/2157, time remaining: 19m 14s
Rendered 980/2157, time remaining: 19m 14s
Rendered 980/2157, time remaining: 19m 14s
Rendered 980/2157, time remaining: 19m 14s
Rendered 981/2157, time remaining: 20m 3s
Rendered 981/2157, time remaining: 20m 3s
Rendered 981/2157, time remaining: 20m 3s
Rendered 981/2157, time remaining: 20m 3s
Rendered 981/2157, time remaining: 20m 3s
Rendered 981/2157, time remaining: 20m 3s
Rendered 981/2157, time remaining: 20m 3s
Rendered 981/2157, time remaining: 20m 3s
Rendered 981/2157, time remaining: 20m 3s
Rendered 982/2157, time remaining: 20m 31s
Rendered 982/2157, time remaining: 20m 31s
Rendered 982/2157, time remaining: 20m 31s
Rendered 982/2157, time remaining: 20m 31s
Rendered 983/2157, time remaining: 20m 27s
Rendered 983/2157, time remaining: 20m 27s
Rendered 983/2157, time remaining: 20m 27s
Rendered 984/2157, time remaining: 20m 28s
Rendered 984/2157, time remaining: 20m 28s
Rendered 984/2157, time remaining: 20m 28s
Rendered 984/2157, time remaining: 20m 28s
Rendered 984/2157, time remaining: 20m 28s
Rendered 984/2157, time remaining: 20m 28s
Rendered 984/2157, time remaining: 20m 28s
Rendered 984/2157, time remaining: 20m 28s
Rendered 984/2157, time remaining: 20m 28s
Rendered 984/2157, time remaining: 20m 28s
Rendered 984/2157, time remaining: 20m 28s
Rendered 984/2157, time remaining: 20m 28s
Rendered 984/2157, time remaining: 20m 28s
Rendered 984/2157, time remaining: 20m 28s
Rendered 984/2157, time remaining: 20m 28s
Rendered 984/2157, time remaining: 20m 28s
Rendered 984/2157, time remaining: 20m 28s
Rendered 984/2157, time remaining: 20m 28s
Rendered 984/2157, time remaining: 20m 28s
Rendered 984/2157, time remaining: 20m 28s
Rendered 984/2157, time remaining: 20m 28s
Rendered 985/2157, time remaining: 21m 42s
Rendered 985/2157, time remaining: 21m 42s
Rendered 985/2157, time remaining: 21m 42s
Rendered 985/2157, time remaining: 21m 42s
Rendered 985/2157, time remaining: 21m 42s
Rendered 985/2157, time remaining: 21m 42s
Rendered 986/2157, time remaining: 22m 0s
Rendered 987/2157, time remaining: 21m 43s
Rendered 987/2157, time remaining: 21m 43s
Rendered 987/2157, time remaining: 21m 43s
Rendered 988/2157, time remaining: 21m 46s
Rendered 988/2157, time remaining: 21m 46s
Rendered 988/2157, time remaining: 21m 46s
Rendered 988/2157, time remaining: 21m 46s
Rendered 988/2157, time remaining: 21m 46s
Rendered 989/2157, time remaining: 21m 59s
Rendered 989/2157, time remaining: 21m 59s
Rendered 989/2157, time remaining: 21m 59s
Rendered 989/2157, time remaining: 21m 59s
Rendered 989/2157, time remaining: 21m 59s
Rendered 990/2157, time remaining: 22m 8s
Rendered 990/2157, time remaining: 22m 8s
Rendered 990/2157, time remaining: 22m 8s
Rendered 991/2157, time remaining: 22m 5s
Rendered 991/2157, time remaining: 22m 5s
Rendered 992/2157, time remaining: 21m 57s
Rendered 993/2157, time remaining: 21m 57s
Rendered 993/2157, time remaining: 21m 57s
Rendered 993/2157, time remaining: 21m 57s
Rendered 994/2157, time remaining: 22m 0s
Rendered 994/2157, time remaining: 22m 0s
Rendered 994/2157, time remaining: 22m 0s
Rendered 994/2157, time remaining: 22m 0s
Rendered 995/2157, time remaining: 22m 3s
Rendered 995/2157, time remaining: 22m 3s
Rendered 996/2157, time remaining: 21m 55s
Rendered 996/2157, time remaining: 21m 55s
Rendered 997/2157, time remaining: 21m 51s
Rendered 997/2157, time remaining: 21m 51s
Rendered 998/2157, time remaining: 21m 56s
Rendered 998/2157, time remaining: 21m 56s
Rendered 998/2157, time remaining: 21m 56s
Rendered 998/2157, time remaining: 21m 56s
Rendered 998/2157, time remaining: 21m 56s
Rendered 999/2157, time remaining: 21m 58s
Rendered 1000/2157, time remaining: 21m 50s
Rendered 1000/2157, time remaining: 21m 50s
Rendered 1001/2157, time remaining: 21m 37s
Rendered 1001/2157, time remaining: 21m 37s
Rendered 1002/2157, time remaining: 21m 43s
Rendered 1002/2157, time remaining: 21m 43s
Rendered 1002/2157, time remaining: 21m 43s
Rendered 1002/2157, time remaining: 21m 43s
Rendered 1002/2157, time remaining: 21m 43s
Rendered 1003/2157, time remaining: 21m 53s
Rendered 1003/2157, time remaining: 21m 53s
Rendered 1003/2157, time remaining: 21m 53s
Rendered 1004/2157, time remaining: 21m 52s
Rendered 1005/2157, time remaining: 21m 41s
Rendered 1005/2157, time remaining: 21m 41s
Rendered 1006/2157, time remaining: 21m 39s
Rendered 1006/2157, time remaining: 21m 39s
Rendered 1007/2157, time remaining: 21m 43s
Rendered 1007/2157, time remaining: 21m 43s
Rendered 1007/2157, time remaining: 21m 43s
Rendered 1007/2157, time remaining: 21m 43s
Rendered 1007/2157, time remaining: 21m 43s
Rendered 1008/2157, time remaining: 21m 45s
Rendered 1009/2157, time remaining: 21m 30s
Rendered 1009/2157, time remaining: 21m 30s
Rendered 1009/2157, time remaining: 21m 30s
Rendered 1009/2157, time remaining: 21m 30s
Rendered 1010/2157, time remaining: 21m 38s
Rendered 1011/2157, time remaining: 21m 37s
Rendered 1011/2157, time remaining: 21m 37s
Rendered 1011/2157, time remaining: 21m 37s
Rendered 1011/2157, time remaining: 21m 37s
Rendered 1011/2157, time remaining: 21m 37s
Rendered 1012/2157, time remaining: 21m 41s
Rendered 1013/2157, time remaining: 21m 29s
Rendered 1013/2157, time remaining: 21m 29s
Rendered 1014/2157, time remaining: 21m 30s
Rendered 1014/2157, time remaining: 21m 30s
Rendered 1015/2157, time remaining: 21m 30s
Rendered 1015/2157, time remaining: 21m 30s
Rendered 1015/2157, time remaining: 21m 30s
Rendered 1016/2157, time remaining: 21m 29s
Rendered 1016/2157, time remaining: 21m 29s
Rendered 1016/2157, time remaining: 21m 29s
Rendered 1016/2157, time remaining: 21m 29s
Rendered 1017/2157, time remaining: 21m 23s
Rendered 1018/2157, time remaining: 21m 18s
Rendered 1018/2157, time remaining: 21m 18s
Rendered 1018/2157, time remaining: 21m 18s
Rendered 1019/2157, time remaining: 21m 23s
Rendered 1019/2157, time remaining: 21m 23s
Rendered 1020/2157, time remaining: 21m 22s
Rendered 1020/2157, time remaining: 21m 22s
Rendered 1020/2157, time remaining: 21m 22s
Rendered 1020/2157, time remaining: 21m 22s
Rendered 1021/2157, time remaining: 21m 26s
Rendered 1022/2157, time remaining: 21m 13s
Rendered 1022/2157, time remaining: 21m 13s
Rendered 1022/2157, time remaining: 21m 13s
Rendered 1023/2157, time remaining: 21m 9s
Rendered 1024/2157, time remaining: 21m 9s
Rendered 1024/2157, time remaining: 21m 9s
Rendered 1024/2157, time remaining: 21m 9s
Rendered 1024/2157, time remaining: 21m 9s
Rendered 1025/2157, time remaining: 21m 18s
Rendered 1025/2157, time remaining: 21m 18s
Rendered 1025/2157, time remaining: 21m 18s
Rendered 1026/2157, time remaining: 21m 14s
Rendered 1027/2157, time remaining: 20m 59s
Rendered 1027/2157, time remaining: 20m 59s
Rendered 1027/2157, time remaining: 20m 59s
Rendered 1027/2157, time remaining: 20m 59s
Rendered 1028/2157, time remaining: 21m 10s
Rendered 1029/2157, time remaining: 21m 6s
Rendered 1029/2157, time remaining: 21m 6s
Rendered 1029/2157, time remaining: 21m 6s
Rendered 1029/2157, time remaining: 21m 6s
Rendered 1030/2157, time remaining: 21m 12s
Rendered 1030/2157, time remaining: 21m 12s
Rendered 1031/2157, time remaining: 20m 59s
Rendered 1031/2157, time remaining: 20m 59s
Rendered 1031/2157, time remaining: 20m 59s
Rendered 1031/2157, time remaining: 20m 59s
Rendered 1032/2157, time remaining: 21m 11s
Rendered 1033/2157, time remaining: 21m 5s
Rendered 1033/2157, time remaining: 21m 5s
Rendered 1033/2157, time remaining: 21m 5s
Rendered 1034/2157, time remaining: 21m 4s
Rendered 1034/2157, time remaining: 21m 4s
Rendered 1034/2157, time remaining: 21m 4s
Rendered 1035/2157, time remaining: 21m 0s
Rendered 1035/2157, time remaining: 21m 0s
Rendered 1035/2157, time remaining: 21m 0s
Rendered 1035/2157, time remaining: 21m 0s
Rendered 1036/2157, time remaining: 21m 9s
Rendered 1037/2157, time remaining: 21m 2s
Rendered 1037/2157, time remaining: 21m 2s
Rendered 1038/2157, time remaining: 20m 58s
Rendered 1038/2157, time remaining: 20m 58s
Rendered 1038/2157, time remaining: 20m 58s
Rendered 1039/2157, time remaining: 20m 47s
Rendered 1039/2157, time remaining: 20m 47s
Rendered 1039/2157, time remaining: 20m 47s
Rendered 1039/2157, time remaining: 20m 47s
Rendered 1040/2157, time remaining: 20m 59s
Rendered 1040/2157, time remaining: 20m 59s
Rendered 1041/2157, time remaining: 20m 56s
Rendered 1042/2157, time remaining: 20m 54s
Rendered 1042/2157, time remaining: 20m 54s
Rendered 1043/2157, time remaining: 20m 39s
Rendered 1043/2157, time remaining: 20m 39s
Rendered 1043/2157, time remaining: 20m 39s
Rendered 1043/2157, time remaining: 20m 39s
Rendered 1043/2157, time remaining: 20m 39s
Rendered 1043/2157, time remaining: 20m 39s
Rendered 1044/2157, time remaining: 20m 53s
Rendered 1045/2157, time remaining: 20m 52s
Rendered 1046/2157, time remaining: 20m 51s
Rendered 1046/2157, time remaining: 20m 51s
Rendered 1047/2157, time remaining: 20m 42s
Rendered 1047/2157, time remaining: 20m 42s
Rendered 1047/2157, time remaining: 20m 42s
Rendered 1047/2157, time remaining: 20m 42s
Rendered 1047/2157, time remaining: 20m 42s
Rendered 1047/2157, time remaining: 20m 42s
Rendered 1048/2157, time remaining: 20m 47s
Rendered 1048/2157, time remaining: 20m 47s
Rendered 1049/2157, time remaining: 20m 49s
Rendered 1050/2157, time remaining: 20m 46s
Rendered 1051/2157, time remaining: 20m 37s
Rendered 1051/2157, time remaining: 20m 37s
Rendered 1051/2157, time remaining: 20m 37s
Rendered 1051/2157, time remaining: 20m 37s
Rendered 1051/2157, time remaining: 20m 37s
Rendered 1052/2157, time remaining: 20m 42s
Rendered 1052/2157, time remaining: 20m 42s
Rendered 1052/2157, time remaining: 20m 42s
Rendered 1052/2157, time remaining: 20m 42s
Rendered 1053/2157, time remaining: 20m 49s
Rendered 1054/2157, time remaining: 20m 46s
Rendered 1055/2157, time remaining: 20m 36s
Rendered 1055/2157, time remaining: 20m 36s
Rendered 1055/2157, time remaining: 20m 36s
Rendered 1055/2157, time remaining: 20m 36s
Rendered 1055/2157, time remaining: 20m 36s
Rendered 1056/2157, time remaining: 20m 40s
Rendered 1056/2157, time remaining: 20m 40s
Rendered 1057/2157, time remaining: 20m 39s
Rendered 1058/2157, time remaining: 20m 39s
Rendered 1059/2157, time remaining: 20m 29s
Rendered 1059/2157, time remaining: 20m 29s
Rendered 1059/2157, time remaining: 20m 29s
Rendered 1059/2157, time remaining: 20m 29s
Rendered 1059/2157, time remaining: 20m 29s
Rendered 1060/2157, time remaining: 20m 29s
Rendered 1060/2157, time remaining: 20m 29s
Rendered 1060/2157, time remaining: 20m 29s
Rendered 1061/2157, time remaining: 20m 35s
Rendered 1062/2157, time remaining: 20m 30s
Rendered 1062/2157, time remaining: 20m 30s
Rendered 1063/2157, time remaining: 20m 28s
Rendered 1063/2157, time remaining: 20m 28s
Rendered 1063/2157, time remaining: 20m 28s
Rendered 1063/2157, time remaining: 20m 28s
Rendered 1064/2157, time remaining: 20m 29s
Rendered 1064/2157, time remaining: 20m 29s
Rendered 1065/2157, time remaining: 20m 29s
Rendered 1065/2157, time remaining: 20m 29s
Rendered 1065/2157, time remaining: 20m 29s
Rendered 1066/2157, time remaining: 20m 22s
Rendered 1067/2157, time remaining: 20m 22s
Rendered 1067/2157, time remaining: 20m 22s
Rendered 1067/2157, time remaining: 20m 22s
Rendered 1067/2157, time remaining: 20m 22s
Rendered 1068/2157, time remaining: 20m 25s
Rendered 1068/2157, time remaining: 20m 25s
Rendered 1069/2157, time remaining: 20m 24s
Rendered 1069/2157, time remaining: 20m 24s
Rendered 1069/2157, time remaining: 20m 24s
Rendered 1070/2157, time remaining: 20m 16s
Rendered 1071/2157, time remaining: 20m 15s
Rendered 1071/2157, time remaining: 20m 15s
Rendered 1071/2157, time remaining: 20m 15s
Rendered 1071/2157, time remaining: 20m 15s
Rendered 1072/2157, time remaining: 20m 22s
Rendered 1073/2157, time remaining: 20m 16s
Rendered 1073/2157, time remaining: 20m 16s
Rendered 1073/2157, time remaining: 20m 16s
Rendered 1073/2157, time remaining: 20m 16s
Rendered 1074/2157, time remaining: 20m 11s
Rendered 1075/2157, time remaining: 20m 11s
Rendered 1075/2157, time remaining: 20m 11s
Rendered 1075/2157, time remaining: 20m 11s
Rendered 1075/2157, time remaining: 20m 11s
Rendered 1076/2157, time remaining: 20m 15s
Rendered 1077/2157, time remaining: 20m 10s
Rendered 1077/2157, time remaining: 20m 10s
Rendered 1077/2157, time remaining: 20m 10s
Rendered 1078/2157, time remaining: 20m 7s
Rendered 1078/2157, time remaining: 20m 7s
Rendered 1078/2157, time remaining: 20m 7s
Rendered 1079/2157, time remaining: 20m 10s
Rendered 1079/2157, time remaining: 20m 10s
Rendered 1080/2157, time remaining: 20m 2s
Rendered 1080/2157, time remaining: 20m 2s
Rendered 1081/2157, time remaining: 20m 2s
Rendered 1081/2157, time remaining: 20m 2s
Rendered 1081/2157, time remaining: 20m 2s
Rendered 1082/2157, time remaining: 20m 3s
Rendered 1082/2157, time remaining: 20m 3s
Rendered 1082/2157, time remaining: 20m 3s
Rendered 1083/2157, time remaining: 20m 7s
Rendered 1083/2157, time remaining: 20m 7s
Rendered 1084/2157, time remaining: 19m 59s
Rendered 1085/2157, time remaining: 19m 54s
Rendered 1085/2157, time remaining: 19m 54s
Rendered 1085/2157, time remaining: 19m 54s
Rendered 1086/2157, time remaining: 19m 52s
Rendered 1086/2157, time remaining: 19m 52s
Rendered 1086/2157, time remaining: 19m 52s
Rendered 1086/2157, time remaining: 19m 52s
Rendered 1086/2157, time remaining: 19m 52s
Rendered 1086/2157, time remaining: 19m 52s
Rendered 1087/2157, time remaining: 20m 6s
Rendered 1088/2157, time remaining: 19m 56s
Rendered 1089/2157, time remaining: 19m 53s
Rendered 1090/2157, time remaining: 19m 44s
Rendered 1090/2157, time remaining: 19m 44s
Rendered 1090/2157, time remaining: 19m 44s
Rendered 1090/2157, time remaining: 19m 44s
Rendered 1090/2157, time remaining: 19m 44s
Rendered 1090/2157, time remaining: 19m 44s
Rendered 1090/2157, time remaining: 19m 44s
Rendered 1091/2157, time remaining: 20m 2s
Rendered 1092/2157, time remaining: 19m 51s
Rendered 1093/2157, time remaining: 19m 43s
Rendered 1094/2157, time remaining: 19m 40s
Rendered 1094/2157, time remaining: 19m 40s
Rendered 1094/2157, time remaining: 19m 40s
Rendered 1094/2157, time remaining: 19m 40s
Rendered 1094/2157, time remaining: 19m 40s
Rendered 1094/2157, time remaining: 19m 40s
Rendered 1094/2157, time remaining: 19m 40s
Rendered 1095/2157, time remaining: 19m 58s
Rendered 1096/2157, time remaining: 19m 49s
Rendered 1097/2157, time remaining: 19m 37s
Rendered 1098/2157, time remaining: 19m 34s
Rendered 1098/2157, time remaining: 19m 34s
Rendered 1098/2157, time remaining: 19m 34s
Rendered 1098/2157, time remaining: 19m 34s
Rendered 1098/2157, time remaining: 19m 34s
Rendered 1098/2157, time remaining: 19m 34s
Rendered 1099/2157, time remaining: 19m 48s
Rendered 1100/2157, time remaining: 19m 38s
Rendered 1100/2157, time remaining: 19m 38s
Rendered 1100/2157, time remaining: 19m 38s
Rendered 1101/2157, time remaining: 19m 36s
Rendered 1102/2157, time remaining: 19m 32s
Rendered 1102/2157, time remaining: 19m 32s
Rendered 1102/2157, time remaining: 19m 32s
Rendered 1103/2157, time remaining: 19m 39s
Rendered 1103/2157, time remaining: 19m 39s
Rendered 1103/2157, time remaining: 19m 39s
Rendered 1103/2157, time remaining: 19m 39s
Rendered 1104/2157, time remaining: 19m 36s
Rendered 1105/2157, time remaining: 19m 29s
Rendered 1105/2157, time remaining: 19m 29s
Rendered 1105/2157, time remaining: 19m 29s
Rendered 1106/2157, time remaining: 19m 28s
Rendered 1106/2157, time remaining: 19m 28s
Rendered 1106/2157, time remaining: 19m 28s
Rendered 1106/2157, time remaining: 19m 28s
Rendered 1107/2157, time remaining: 19m 35s
Rendered 1107/2157, time remaining: 19m 35s
Rendered 1108/2157, time remaining: 19m 30s
Rendered 1109/2157, time remaining: 19m 26s
Rendered 1109/2157, time remaining: 19m 26s
Rendered 1110/2157, time remaining: 19m 17s
Rendered 1110/2157, time remaining: 19m 17s
Rendered 1110/2157, time remaining: 19m 17s
Rendered 1111/2157, time remaining: 19m 17s
Rendered 1111/2157, time remaining: 19m 17s
Rendered 1111/2157, time remaining: 19m 17s
Rendered 1111/2157, time remaining: 19m 17s
Rendered 1112/2157, time remaining: 19m 20s
Rendered 1112/2157, time remaining: 19m 20s
Rendered 1113/2157, time remaining: 19m 21s
Rendered 1114/2157, time remaining: 19m 11s
Rendered 1114/2157, time remaining: 19m 11s
Rendered 1114/2157, time remaining: 19m 11s
Rendered 1115/2157, time remaining: 19m 4s
Rendered 1115/2157, time remaining: 19m 4s
Rendered 1115/2157, time remaining: 19m 4s
Rendered 1115/2157, time remaining: 19m 4s
Rendered 1115/2157, time remaining: 19m 4s
Rendered 1116/2157, time remaining: 19m 17s
Rendered 1117/2157, time remaining: 19m 16s
Rendered 1118/2157, time remaining: 19m 12s
Rendered 1118/2157, time remaining: 19m 12s
Rendered 1119/2157, time remaining: 18m 41s
Rendered 1119/2157, time remaining: 18m 41s
Rendered 1119/2157, time remaining: 18m 41s
Rendered 1119/2157, time remaining: 18m 41s
Rendered 1119/2157, time remaining: 18m 41s
Rendered 1119/2157, time remaining: 18m 41s
Rendered 1120/2157, time remaining: 18m 53s
Rendered 1121/2157, time remaining: 18m 9s
Rendered 1121/2157, time remaining: 18m 9s
Rendered 1122/2157, time remaining: 18m 11s
Rendered 1123/2157, time remaining: 17m 4s
Rendered 1123/2157, time remaining: 17m 4s
Rendered 1123/2157, time remaining: 17m 4s
Rendered 1123/2157, time remaining: 17m 4s
Rendered 1123/2157, time remaining: 17m 4s
Rendered 1124/2157, time remaining: 16m 44s
Rendered 1124/2157, time remaining: 16m 44s
Rendered 1125/2157, time remaining: 16m 50s
Rendered 1125/2157, time remaining: 16m 50s
Rendered 1125/2157, time remaining: 16m 50s
Rendered 1126/2157, time remaining: 16m 53s
Rendered 1127/2157, time remaining: 16m 12s
Rendered 1127/2157, time remaining: 16m 12s
Rendered 1127/2157, time remaining: 16m 12s
Rendered 1127/2157, time remaining: 16m 12s
Rendered 1127/2157, time remaining: 16m 12s
Rendered 1128/2157, time remaining: 15m 45s
Rendered 1129/2157, time remaining: 15m 35s
Rendered 1129/2157, time remaining: 15m 35s
Rendered 1130/2157, time remaining: 15m 37s
Rendered 1131/2157, time remaining: 14m 53s
Rendered 1131/2157, time remaining: 14m 53s
Rendered 1131/2157, time remaining: 14m 53s
Rendered 1131/2157, time remaining: 14m 53s
Rendered 1132/2157, time remaining: 14m 36s
Rendered 1132/2157, time remaining: 14m 36s
Rendered 1132/2157, time remaining: 14m 36s
Rendered 1132/2157, time remaining: 14m 36s
Rendered 1133/2157, time remaining: 14m 34s
Rendered 1134/2157, time remaining: 14m 28s
Rendered 1135/2157, time remaining: 13m 19s
Rendered 1135/2157, time remaining: 13m 19s
Rendered 1135/2157, time remaining: 13m 19s
Rendered 1136/2157, time remaining: 13m 5s
Rendered 1136/2157, time remaining: 13m 5s
Rendered 1136/2157, time remaining: 13m 5s
Rendered 1136/2157, time remaining: 13m 5s
Rendered 1136/2157, time remaining: 13m 5s
Rendered 1136/2157, time remaining: 13m 5s
Rendered 1137/2157, time remaining: 13m 22s
Rendered 1138/2157, time remaining: 13m 13s
Rendered 1139/2157, time remaining: 12m 59s
Rendered 1140/2157, time remaining: 12m 48s
Rendered 1140/2157, time remaining: 12m 48s
Rendered 1140/2157, time remaining: 12m 48s
Rendered 1140/2157, time remaining: 12m 48s
Rendered 1140/2157, time remaining: 12m 48s
Rendered 1140/2157, time remaining: 12m 48s
Rendered 1141/2157, time remaining: 12m 57s
Rendered 1141/2157, time remaining: 12m 57s
Rendered 1142/2157, time remaining: 12m 56s
Rendered 1143/2157, time remaining: 12m 53s
Rendered 1144/2157, time remaining: 12m 47s
Rendered 1144/2157, time remaining: 12m 47s
Rendered 1144/2157, time remaining: 12m 47s
Rendered 1144/2157, time remaining: 12m 47s
Rendered 1145/2157, time remaining: 12m 43s
Rendered 1145/2157, time remaining: 12m 43s
Rendered 1145/2157, time remaining: 12m 43s
Rendered 1145/2157, time remaining: 12m 43s
Rendered 1146/2157, time remaining: 12m 52s
Rendered 1147/2157, time remaining: 12m 50s
Rendered 1148/2157, time remaining: 12m 44s
Rendered 1148/2157, time remaining: 12m 44s
Rendered 1148/2157, time remaining: 12m 44s
Rendered 1148/2157, time remaining: 12m 44s
Rendered 1149/2157, time remaining: 12m 39s
Rendered 1149/2157, time remaining: 12m 39s
Rendered 1149/2157, time remaining: 12m 39s
Rendered 1149/2157, time remaining: 12m 39s
Rendered 1149/2157, time remaining: 12m 39s
Rendered 1150/2157, time remaining: 12m 52s
Rendered 1151/2157, time remaining: 12m 50s
Rendered 1152/2157, time remaining: 12m 43s
Rendered 1152/2157, time remaining: 12m 43s
Rendered 1153/2157, time remaining: 12m 33s
Rendered 1153/2157, time remaining: 12m 33s
Rendered 1153/2157, time remaining: 12m 33s
Rendered 1153/2157, time remaining: 12m 33s
Rendered 1153/2157, time remaining: 12m 33s
Rendered 1153/2157, time remaining: 12m 33s
Rendered 1154/2157, time remaining: 12m 40s
Rendered 1155/2157, time remaining: 12m 40s
Rendered 1155/2157, time remaining: 12m 40s
Rendered 1156/2157, time remaining: 12m 41s
Rendered 1157/2157, time remaining: 12m 34s
Rendered 1157/2157, time remaining: 12m 34s
Rendered 1157/2157, time remaining: 12m 34s
Rendered 1157/2157, time remaining: 12m 34s
Rendered 1157/2157, time remaining: 12m 34s
Rendered 1157/2157, time remaining: 12m 34s
Rendered 1158/2157, time remaining: 12m 38s
Rendered 1159/2157, time remaining: 12m 38s
Rendered 1159/2157, time remaining: 12m 38s
Rendered 1160/2157, time remaining: 12m 30s
Rendered 1161/2157, time remaining: 12m 32s
Rendered 1161/2157, time remaining: 12m 32s
Rendered 1161/2157, time remaining: 12m 32s
Rendered 1161/2157, time remaining: 12m 32s
Rendered 1162/2157, time remaining: 12m 27s
Rendered 1162/2157, time remaining: 12m 27s
Rendered 1162/2157, time remaining: 12m 27s
Rendered 1162/2157, time remaining: 12m 27s
Rendered 1163/2157, time remaining: 12m 35s
Rendered 1164/2157, time remaining: 12m 31s
Rendered 1165/2157, time remaining: 12m 28s
Rendered 1165/2157, time remaining: 12m 28s
Rendered 1165/2157, time remaining: 12m 28s
Rendered 1166/2157, time remaining: 12m 25s
Rendered 1166/2157, time remaining: 12m 25s
Rendered 1166/2157, time remaining: 12m 25s
Rendered 1166/2157, time remaining: 12m 25s
Rendered 1167/2157, time remaining: 12m 26s
Rendered 1168/2157, time remaining: 12m 25s
Rendered 1169/2157, time remaining: 12m 20s
Rendered 1169/2157, time remaining: 12m 20s
Rendered 1169/2157, time remaining: 12m 20s
Rendered 1170/2157, time remaining: 12m 23s
Rendered 1170/2157, time remaining: 12m 23s
Rendered 1170/2157, time remaining: 12m 23s
Rendered 1170/2157, time remaining: 12m 23s
Rendered 1171/2157, time remaining: 12m 19s
Rendered 1172/2157, time remaining: 12m 20s
Rendered 1173/2157, time remaining: 12m 13s
Rendered 1173/2157, time remaining: 12m 13s
Rendered 1173/2157, time remaining: 12m 13s
Rendered 1173/2157, time remaining: 12m 13s
Rendered 1173/2157, time remaining: 12m 13s
Rendered 1173/2157, time remaining: 12m 13s
Rendered 1174/2157, time remaining: 12m 27s
Rendered 1175/2157, time remaining: 12m 16s
Rendered 1175/2157, time remaining: 12m 16s
Rendered 1176/2157, time remaining: 12m 12s
Rendered 1177/2157, time remaining: 12m 11s
Rendered 1177/2157, time remaining: 12m 11s
Rendered 1177/2157, time remaining: 12m 11s
Rendered 1177/2157, time remaining: 12m 11s
Rendered 1178/2157, time remaining: 12m 10s
Rendered 1178/2157, time remaining: 12m 10s
Rendered 1178/2157, time remaining: 12m 10s
Rendered 1179/2157, time remaining: 12m 14s
Rendered 1180/2157, time remaining: 12m 7s
Rendered 1180/2157, time remaining: 12m 7s
Rendered 1181/2157, time remaining: 12m 5s
Rendered 1181/2157, time remaining: 12m 5s
Rendered 1181/2157, time remaining: 12m 5s
Rendered 1181/2157, time remaining: 12m 5s
Rendered 1181/2157, time remaining: 12m 5s
Rendered 1182/2157, time remaining: 12m 7s
Rendered 1183/2157, time remaining: 12m 6s
Rendered 1183/2157, time remaining: 12m 6s
Rendered 1184/2157, time remaining: 12m 3s
Rendered 1185/2157, time remaining: 11m 57s
Rendered 1185/2157, time remaining: 11m 57s
Rendered 1185/2157, time remaining: 11m 57s
Rendered 1185/2157, time remaining: 11m 57s
Rendered 1185/2157, time remaining: 11m 57s
Rendered 1186/2157, time remaining: 11m 59s
Rendered 1187/2157, time remaining: 11m 58s
Rendered 1187/2157, time remaining: 11m 58s
Rendered 1188/2157, time remaining: 11m 59s
Rendered 1189/2157, time remaining: 11m 51s
Rendered 1189/2157, time remaining: 11m 51s
Rendered 1189/2157, time remaining: 11m 51s
Rendered 1189/2157, time remaining: 11m 51s
Rendered 1189/2157, time remaining: 11m 51s
Rendered 1189/2157, time remaining: 11m 51s
Rendered 1190/2157, time remaining: 11m 53s
Rendered 1191/2157, time remaining: 11m 52s
Rendered 1192/2157, time remaining: 11m 53s
Rendered 1192/2157, time remaining: 11m 53s
Rendered 1193/2157, time remaining: 11m 52s
Rendered 1193/2157, time remaining: 11m 52s
Rendered 1193/2157, time remaining: 11m 52s
Rendered 1193/2157, time remaining: 11m 52s
Rendered 1194/2157, time remaining: 11m 44s
Rendered 1194/2157, time remaining: 11m 44s
Rendered 1194/2157, time remaining: 11m 44s
Rendered 1195/2157, time remaining: 11m 48s
Rendered 1196/2157, time remaining: 11m 47s
Rendered 1196/2157, time remaining: 11m 47s
Rendered 1197/2157, time remaining: 11m 47s
Rendered 1197/2157, time remaining: 11m 47s
Rendered 1197/2157, time remaining: 11m 47s
Rendered 1198/2157, time remaining: 11m 37s
Rendered 1198/2157, time remaining: 11m 37s
Rendered 1198/2157, time remaining: 11m 37s
Rendered 1199/2157, time remaining: 11m 41s
Rendered 1199/2157, time remaining: 11m 41s
Rendered 1200/2157, time remaining: 11m 42s
Rendered 1200/2157, time remaining: 11m 42s
Rendered 1201/2157, time remaining: 11m 44s
Rendered 1201/2157, time remaining: 11m 44s
Rendered 1202/2157, time remaining: 11m 32s
Rendered 1202/2157, time remaining: 11m 32s
Rendered 1202/2157, time remaining: 11m 32s
Rendered 1203/2157, time remaining: 11m 30s
Rendered 1203/2157, time remaining: 11m 30s
Rendered 1204/2157, time remaining: 11m 32s
Rendered 1204/2157, time remaining: 11m 32s
Rendered 1205/2157, time remaining: 11m 36s
Rendered 1205/2157, time remaining: 11m 36s
Rendered 1206/2157, time remaining: 11m 24s
Rendered 1206/2157, time remaining: 11m 24s
Rendered 1206/2157, time remaining: 11m 24s
Rendered 1207/2157, time remaining: 11m 28s
Rendered 1207/2157, time remaining: 11m 28s
Rendered 1208/2157, time remaining: 11m 28s
Rendered 1208/2157, time remaining: 11m 28s
Rendered 1209/2157, time remaining: 11m 32s
Rendered 1209/2157, time remaining: 11m 32s
Rendered 1210/2157, time remaining: 11m 23s
Rendered 1210/2157, time remaining: 11m 23s
Rendered 1210/2157, time remaining: 11m 23s
Rendered 1211/2157, time remaining: 11m 24s
Rendered 1211/2157, time remaining: 11m 24s
Rendered 1212/2157, time remaining: 11m 23s
Rendered 1212/2157, time remaining: 11m 23s
Rendered 1212/2157, time remaining: 11m 23s
Rendered 1213/2157, time remaining: 11m 26s
Rendered 1214/2157, time remaining: 11m 16s
Rendered 1214/2157, time remaining: 11m 16s
Rendered 1214/2157, time remaining: 11m 16s
Rendered 1214/2157, time remaining: 11m 16s
Rendered 1215/2157, time remaining: 11m 20s
Rendered 1216/2157, time remaining: 11m 15s
Rendered 1216/2157, time remaining: 11m 15s
Rendered 1216/2157, time remaining: 11m 15s
Rendered 1217/2157, time remaining: 11m 19s
Rendered 1217/2157, time remaining: 11m 19s
Rendered 1218/2157, time remaining: 11m 13s
Rendered 1218/2157, time remaining: 11m 13s
Rendered 1218/2157, time remaining: 11m 13s
Rendered 1218/2157, time remaining: 11m 13s
Rendered 1219/2157, time remaining: 11m 19s
Rendered 1220/2157, time remaining: 11m 13s
Rendered 1220/2157, time remaining: 11m 13s
Rendered 1220/2157, time remaining: 11m 13s
Rendered 1220/2157, time remaining: 11m 13s
Rendered 1221/2157, time remaining: 11m 21s
Rendered 1222/2157, time remaining: 11m 10s
Rendered 1222/2157, time remaining: 11m 10s
Rendered 1222/2157, time remaining: 11m 10s
Rendered 1223/2157, time remaining: 11m 15s
Rendered 1223/2157, time remaining: 11m 15s
Rendered 1224/2157, time remaining: 11m 7s
Rendered 1224/2157, time remaining: 11m 7s
Rendered 1224/2157, time remaining: 11m 7s
Rendered 1224/2157, time remaining: 11m 7s
Rendered 1225/2157, time remaining: 11m 16s
Rendered 1225/2157, time remaining: 11m 16s
Rendered 1226/2157, time remaining: 11m 12s
Rendered 1227/2157, time remaining: 11m 11s
Rendered 1227/2157, time remaining: 11m 11s
Rendered 1228/2157, time remaining: 11m 7s
Rendered 1228/2157, time remaining: 11m 7s
Rendered 1228/2157, time remaining: 11m 7s
Rendered 1228/2157, time remaining: 11m 7s
Rendered 1229/2157, time remaining: 11m 9s
Rendered 1229/2157, time remaining: 11m 9s
Rendered 1230/2157, time remaining: 11m 8s
Rendered 1230/2157, time remaining: 11m 8s
Rendered 1231/2157, time remaining: 11m 10s
Rendered 1231/2157, time remaining: 11m 10s
Rendered 1232/2157, time remaining: 11m 5s
Rendered 1232/2157, time remaining: 11m 5s
Rendered 1232/2157, time remaining: 11m 5s
Rendered 1232/2157, time remaining: 11m 5s
Rendered 1233/2157, time remaining: 11m 4s
Rendered 1233/2157, time remaining: 11m 4s
Rendered 1234/2157, time remaining: 11m 4s
Rendered 1234/2157, time remaining: 11m 4s
Rendered 1235/2157, time remaining: 11m 6s
Rendered 1235/2157, time remaining: 11m 6s
Rendered 1236/2157, time remaining: 11m 4s
Rendered 1236/2157, time remaining: 11m 4s
Rendered 1236/2157, time remaining: 11m 4s
Rendered 1237/2157, time remaining: 10m 53s
Rendered 1237/2157, time remaining: 10m 53s
Rendered 1238/2157, time remaining: 10m 57s
Rendered 1238/2157, time remaining: 10m 57s
Rendered 1239/2157, time remaining: 10m 59s
Rendered 1239/2157, time remaining: 10m 59s
Rendered 1239/2157, time remaining: 10m 59s
Rendered 1240/2157, time remaining: 11m 3s
Rendered 1240/2157, time remaining: 11m 3s
Rendered 1241/2157, time remaining: 10m 48s
Rendered 1241/2157, time remaining: 10m 48s
Rendered 1241/2157, time remaining: 10m 48s
Rendered 1242/2157, time remaining: 10m 52s
Rendered 1243/2157, time remaining: 10m 53s
Rendered 1243/2157, time remaining: 10m 53s
Rendered 1243/2157, time remaining: 10m 53s
Rendered 1243/2157, time remaining: 10m 53s
Rendered 1244/2157, time remaining: 10m 59s
Rendered 1245/2157, time remaining: 10m 41s
Rendered 1245/2157, time remaining: 10m 41s
Rendered 1245/2157, time remaining: 10m 41s
Rendered 1246/2157, time remaining: 10m 48s
Rendered 1247/2157, time remaining: 10m 48s
Rendered 1247/2157, time remaining: 10m 48s
Rendered 1247/2157, time remaining: 10m 48s
Rendered 1247/2157, time remaining: 10m 48s
Rendered 1248/2157, time remaining: 10m 55s
Rendered 1249/2157, time remaining: 10m 40s
Rendered 1249/2157, time remaining: 10m 40s
Rendered 1249/2157, time remaining: 10m 40s
Rendered 1249/2157, time remaining: 10m 40s
Rendered 1250/2157, time remaining: 10m 46s
Rendered 1251/2157, time remaining: 10m 40s
Rendered 1251/2157, time remaining: 10m 40s
Rendered 1251/2157, time remaining: 10m 40s
Rendered 1252/2157, time remaining: 10m 47s
Rendered 1253/2157, time remaining: 10m 38s
Rendered 1253/2157, time remaining: 10m 38s
Rendered 1253/2157, time remaining: 10m 38s
Rendered 1254/2157, time remaining: 10m 38s
Rendered 1255/2157, time remaining: 10m 35s
Rendered 1255/2157, time remaining: 10m 35s
Rendered 1255/2157, time remaining: 10m 35s
Rendered 1255/2157, time remaining: 10m 35s
Rendered 1256/2157, time remaining: 10m 37s
Rendered 1256/2157, time remaining: 10m 37s
Rendered 1257/2157, time remaining: 10m 33s
Rendered 1257/2157, time remaining: 10m 33s
Rendered 1257/2157, time remaining: 10m 33s
Rendered 1258/2157, time remaining: 10m 33s
Rendered 1258/2157, time remaining: 10m 33s
Rendered 1258/2157, time remaining: 10m 33s
Rendered 1259/2157, time remaining: 10m 36s
Rendered 1259/2157, time remaining: 10m 36s
Rendered 1260/2157, time remaining: 10m 37s
Rendered 1261/2157, time remaining: 10m 31s
Rendered 1261/2157, time remaining: 10m 31s
Rendered 1261/2157, time remaining: 10m 31s
Rendered 1261/2157, time remaining: 10m 31s
Rendered 1261/2157, time remaining: 10m 31s
Rendered 1262/2157, time remaining: 10m 33s
Rendered 1263/2157, time remaining: 10m 29s
Rendered 1263/2157, time remaining: 10m 29s
Rendered 1263/2157, time remaining: 10m 29s
Rendered 1264/2157, time remaining: 10m 36s
Rendered 1264/2157, time remaining: 10m 36s
Rendered 1265/2157, time remaining: 10m 29s
Rendered 1265/2157, time remaining: 10m 29s
Rendered 1265/2157, time remaining: 10m 29s
Rendered 1266/2157, time remaining: 10m 24s
Rendered 1267/2157, time remaining: 10m 23s
Rendered 1267/2157, time remaining: 10m 23s
Rendered 1267/2157, time remaining: 10m 23s
Rendered 1268/2157, time remaining: 10m 27s
Rendered 1268/2157, time remaining: 10m 27s
Rendered 1269/2157, time remaining: 10m 28s
Rendered 1269/2157, time remaining: 10m 28s
Rendered 1269/2157, time remaining: 10m 28s
Rendered 1269/2157, time remaining: 10m 28s
Rendered 1270/2157, time remaining: 10m 20s
Rendered 1271/2157, time remaining: 10m 20s
Rendered 1271/2157, time remaining: 10m 20s
Rendered 1271/2157, time remaining: 10m 20s
Rendered 1271/2157, time remaining: 10m 20s
Rendered 1272/2157, time remaining: 10m 26s
Rendered 1273/2157, time remaining: 10m 26s
Rendered 1273/2157, time remaining: 10m 26s
Rendered 1273/2157, time remaining: 10m 26s
Rendered 1273/2157, time remaining: 10m 26s
Rendered 1274/2157, time remaining: 10m 23s
Rendered 1275/2157, time remaining: 10m 17s
Rendered 1275/2157, time remaining: 10m 17s
Rendered 1275/2157, time remaining: 10m 17s
Rendered 1276/2157, time remaining: 10m 18s
Rendered 1276/2157, time remaining: 10m 18s
Rendered 1276/2157, time remaining: 10m 18s
Rendered 1277/2157, time remaining: 10m 23s
Rendered 1277/2157, time remaining: 10m 23s
Rendered 1278/2157, time remaining: 10m 13s
Rendered 1278/2157, time remaining: 10m 13s
Rendered 1279/2157, time remaining: 10m 15s
Rendered 1279/2157, time remaining: 10m 15s
Rendered 1280/2157, time remaining: 10m 14s
Rendered 1280/2157, time remaining: 10m 14s
Rendered 1280/2157, time remaining: 10m 14s
Rendered 1281/2157, time remaining: 10m 18s
Rendered 1281/2157, time remaining: 10m 18s
Rendered 1282/2157, time remaining: 10m 11s
Rendered 1282/2157, time remaining: 10m 11s
Rendered 1282/2157, time remaining: 10m 11s
Rendered 1283/2157, time remaining: 10m 8s
Rendered 1284/2157, time remaining: 10m 8s
Rendered 1284/2157, time remaining: 10m 8s
Rendered 1284/2157, time remaining: 10m 8s
Rendered 1284/2157, time remaining: 10m 8s
Rendered 1285/2157, time remaining: 10m 15s
Rendered 1286/2157, time remaining: 10m 11s
Rendered 1286/2157, time remaining: 10m 11s
Rendered 1286/2157, time remaining: 10m 11s
Rendered 1287/2157, time remaining: 10m 2s
Rendered 1288/2157, time remaining: 10m 2s
Rendered 1288/2157, time remaining: 10m 2s
Rendered 1288/2157, time remaining: 10m 2s
Rendered 1288/2157, time remaining: 10m 2s
Rendered 1289/2157, time remaining: 10m 8s
Rendered 1290/2157, time remaining: 10m 6s
Rendered 1290/2157, time remaining: 10m 6s
Rendered 1290/2157, time remaining: 10m 6s
Rendered 1291/2157, time remaining: 9m 58s
Rendered 1292/2157, time remaining: 9m 55s
Rendered 1292/2157, time remaining: 9m 55s
Rendered 1292/2157, time remaining: 9m 55s
Rendered 1292/2157, time remaining: 9m 55s
Rendered 1293/2157, time remaining: 10m 2s
Rendered 1294/2157, time remaining: 10m 1s
Rendered 1294/2157, time remaining: 10m 1s
Rendered 1294/2157, time remaining: 10m 1s
Rendered 1295/2157, time remaining: 10m 0s
Rendered 1295/2157, time remaining: 10m 0s
Rendered 1296/2157, time remaining: 9m 51s
Rendered 1296/2157, time remaining: 9m 51s
Rendered 1297/2157, time remaining: 9m 55s
Rendered 1297/2157, time remaining: 9m 55s
Rendered 1297/2157, time remaining: 9m 55s
Rendered 1297/2157, time remaining: 9m 55s
Rendered 1298/2157, time remaining: 10m 1s
Rendered 1299/2157, time remaining: 9m 55s
Rendered 1299/2157, time remaining: 9m 55s
Rendered 1299/2157, time remaining: 9m 55s
Rendered 1300/2157, time remaining: 9m 46s
Rendered 1300/2157, time remaining: 9m 46s
Rendered 1300/2157, time remaining: 9m 46s
Rendered 1300/2157, time remaining: 9m 46s
Rendered 1301/2157, time remaining: 9m 54s
Rendered 1302/2157, time remaining: 9m 53s
Rendered 1302/2157, time remaining: 9m 53s
Rendered 1302/2157, time remaining: 9m 53s
Rendered 1303/2157, time remaining: 9m 57s
Rendered 1303/2157, time remaining: 9m 57s
Rendered 1304/2157, time remaining: 9m 44s
Rendered 1304/2157, time remaining: 9m 44s
Rendered 1304/2157, time remaining: 9m 44s
Rendered 1305/2157, time remaining: 9m 50s
Rendered 1306/2157, time remaining: 9m 47s
Rendered 1306/2157, time remaining: 9m 47s
Rendered 1306/2157, time remaining: 9m 47s
Rendered 1306/2157, time remaining: 9m 47s
Rendered 1307/2157, time remaining: 9m 54s
Rendered 1308/2157, time remaining: 9m 40s
Rendered 1308/2157, time remaining: 9m 40s
Rendered 1308/2157, time remaining: 9m 40s
Rendered 1308/2157, time remaining: 9m 40s
Rendered 1309/2157, time remaining: 9m 45s
Rendered 1310/2157, time remaining: 9m 44s
Rendered 1310/2157, time remaining: 9m 44s
Rendered 1310/2157, time remaining: 9m 44s
Rendered 1310/2157, time remaining: 9m 44s
Rendered 1311/2157, time remaining: 9m 49s
Rendered 1312/2157, time remaining: 9m 41s
Rendered 1312/2157, time remaining: 9m 41s
Rendered 1313/2157, time remaining: 9m 36s
Rendered 1313/2157, time remaining: 9m 36s
Rendered 1313/2157, time remaining: 9m 36s
Rendered 1314/2157, time remaining: 9m 39s
Rendered 1314/2157, time remaining: 9m 39s
Rendered 1314/2157, time remaining: 9m 39s
Rendered 1314/2157, time remaining: 9m 39s
Rendered 1315/2157, time remaining: 9m 48s
Rendered 1315/2157, time remaining: 9m 48s
Rendered 1316/2157, time remaining: 9m 44s
Rendered 1316/2157, time remaining: 9m 44s
Rendered 1316/2157, time remaining: 9m 44s
Rendered 1317/2157, time remaining: 9m 41s
Rendered 1318/2157, time remaining: 9m 41s
Rendered 1318/2157, time remaining: 9m 41s
Rendered 1318/2157, time remaining: 9m 41s
Rendered 1319/2157, time remaining: 9m 43s
Rendered 1319/2157, time remaining: 9m 43s
Rendered 1320/2157, time remaining: 9m 40s
Rendered 1320/2157, time remaining: 9m 40s
Rendered 1320/2157, time remaining: 9m 40s
Rendered 1320/2157, time remaining: 9m 40s
Rendered 1320/2157, time remaining: 9m 40s
Rendered 1321/2157, time remaining: 9m 43s
Rendered 1322/2157, time remaining: 9m 40s
Rendered 1322/2157, time remaining: 9m 40s
Rendered 1323/2157, time remaining: 9m 43s
Rendered 1323/2157, time remaining: 9m 43s
Rendered 1324/2157, time remaining: 9m 33s
Rendered 1324/2157, time remaining: 9m 33s
Rendered 1324/2157, time remaining: 9m 33s
Rendered 1324/2157, time remaining: 9m 33s
Rendered 1324/2157, time remaining: 9m 33s
Rendered 1325/2157, time remaining: 9m 42s
Rendered 1326/2157, time remaining: 9m 40s
Rendered 1326/2157, time remaining: 9m 40s
Rendered 1327/2157, time remaining: 9m 43s
Rendered 1328/2157, time remaining: 9m 33s
Rendered 1328/2157, time remaining: 9m 33s
Rendered 1328/2157, time remaining: 9m 33s
Rendered 1328/2157, time remaining: 9m 33s
Rendered 1328/2157, time remaining: 9m 33s
Rendered 1329/2157, time remaining: 9m 37s
Rendered 1329/2157, time remaining: 9m 37s
Rendered 1330/2157, time remaining: 9m 40s
Rendered 1330/2157, time remaining: 9m 40s
Rendered 1331/2157, time remaining: 9m 41s
Rendered 1331/2157, time remaining: 9m 41s
Rendered 1332/2157, time remaining: 9m 28s
Rendered 1332/2157, time remaining: 9m 28s
Rendered 1332/2157, time remaining: 9m 28s
Rendered 1332/2157, time remaining: 9m 28s
Rendered 1332/2157, time remaining: 9m 28s
Rendered 1333/2157, time remaining: 9m 39s
Rendered 1334/2157, time remaining: 9m 39s
Rendered 1334/2157, time remaining: 9m 39s
Rendered 1335/2157, time remaining: 9m 39s
Rendered 1336/2157, time remaining: 9m 26s
Rendered 1336/2157, time remaining: 9m 26s
Rendered 1336/2157, time remaining: 9m 26s
Rendered 1336/2157, time remaining: 9m 26s
Rendered 1336/2157, time remaining: 9m 26s
Rendered 1337/2157, time remaining: 9m 36s
Rendered 1337/2157, time remaining: 9m 36s
Rendered 1338/2157, time remaining: 9m 38s
Rendered 1338/2157, time remaining: 9m 38s
Rendered 1339/2157, time remaining: 9m 37s
Rendered 1340/2157, time remaining: 9m 25s
Rendered 1340/2157, time remaining: 9m 25s
Rendered 1340/2157, time remaining: 9m 25s
Rendered 1340/2157, time remaining: 9m 25s
Rendered 1340/2157, time remaining: 9m 25s
Rendered 1340/2157, time remaining: 9m 25s
Rendered 1341/2157, time remaining: 9m 38s
Rendered 1342/2157, time remaining: 9m 37s
Rendered 1343/2157, time remaining: 9m 32s
Rendered 1343/2157, time remaining: 9m 32s
Rendered 1344/2157, time remaining: 9m 26s
Rendered 1344/2157, time remaining: 9m 26s
Rendered 1344/2157, time remaining: 9m 26s
Rendered 1344/2157, time remaining: 9m 26s
Rendered 1344/2157, time remaining: 9m 26s
Rendered 1344/2157, time remaining: 9m 26s
Rendered 1344/2157, time remaining: 9m 26s
Rendered 1345/2157, time remaining: 9m 36s
Rendered 1346/2157, time remaining: 9m 36s
Rendered 1347/2157, time remaining: 9m 33s
Rendered 1348/2157, time remaining: 9m 27s
Rendered 1348/2157, time remaining: 9m 27s
Rendered 1348/2157, time remaining: 9m 27s
Rendered 1348/2157, time remaining: 9m 27s
Rendered 1348/2157, time remaining: 9m 27s
Rendered 1348/2157, time remaining: 9m 27s
Rendered 1348/2157, time remaining: 9m 27s
Rendered 1349/2157, time remaining: 9m 35s
Rendered 1350/2157, time remaining: 9m 33s
Rendered 1351/2157, time remaining: 9m 30s
Rendered 1352/2157, time remaining: 9m 27s
Rendered 1352/2157, time remaining: 9m 27s
Rendered 1352/2157, time remaining: 9m 27s
Rendered 1352/2157, time remaining: 9m 27s
Rendered 1352/2157, time remaining: 9m 27s
Rendered 1353/2157, time remaining: 9m 31s
Rendered 1353/2157, time remaining: 9m 31s
Rendered 1354/2157, time remaining: 9m 31s
Rendered 1354/2157, time remaining: 9m 31s
Rendered 1354/2157, time remaining: 9m 31s
Rendered 1355/2157, time remaining: 9m 31s
Rendered 1356/2157, time remaining: 9m 28s
Rendered 1356/2157, time remaining: 9m 28s
Rendered 1356/2157, time remaining: 9m 28s
Rendered 1356/2157, time remaining: 9m 28s
Rendered 1357/2157, time remaining: 9m 31s
Rendered 1358/2157, time remaining: 9m 28s
Rendered 1358/2157, time remaining: 9m 28s
Rendered 1358/2157, time remaining: 9m 28s
Rendered 1358/2157, time remaining: 9m 28s
Rendered 1359/2157, time remaining: 9m 31s
Rendered 1360/2157, time remaining: 9m 28s
Rendered 1360/2157, time remaining: 9m 28s
Rendered 1360/2157, time remaining: 9m 28s
Rendered 1360/2157, time remaining: 9m 28s
Rendered 1361/2157, time remaining: 9m 29s
Rendered 1362/2157, time remaining: 9m 28s
Rendered 1362/2157, time remaining: 9m 28s
Rendered 1362/2157, time remaining: 9m 28s
Rendered 1362/2157, time remaining: 9m 28s
Rendered 1363/2157, time remaining: 9m 28s
Rendered 1364/2157, time remaining: 9m 27s
Rendered 1364/2157, time remaining: 9m 27s
Rendered 1364/2157, time remaining: 9m 27s
Rendered 1364/2157, time remaining: 9m 27s
Rendered 1365/2157, time remaining: 9m 27s
Rendered 1366/2157, time remaining: 9m 26s
Rendered 1366/2157, time remaining: 9m 26s
Rendered 1366/2157, time remaining: 9m 26s
Rendered 1367/2157, time remaining: 9m 28s
Rendered 1368/2157, time remaining: 9m 25s
Rendered 1368/2157, time remaining: 9m 25s
Rendered 1368/2157, time remaining: 9m 25s
Rendered 1369/2157, time remaining: 9m 20s
Rendered 1369/2157, time remaining: 9m 20s
Rendered 1370/2157, time remaining: 9m 22s
Rendered 1370/2157, time remaining: 9m 22s
Rendered 1370/2157, time remaining: 9m 22s
Rendered 1370/2157, time remaining: 9m 22s
Rendered 1370/2157, time remaining: 9m 22s
Rendered 1370/2157, time remaining: 9m 22s
Rendered 1371/2157, time remaining: 9m 25s
Rendered 1372/2157, time remaining: 9m 25s
Rendered 1373/2157, time remaining: 9m 18s
Rendered 1374/2157, time remaining: 9m 18s
Rendered 1374/2157, time remaining: 9m 18s
Rendered 1374/2157, time remaining: 9m 18s
Rendered 1374/2157, time remaining: 9m 18s
Rendered 1374/2157, time remaining: 9m 18s
Rendered 1374/2157, time remaining: 9m 18s
Rendered 1374/2157, time remaining: 9m 18s
Rendered 1375/2157, time remaining: 9m 23s
Rendered 1375/2157, time remaining: 9m 23s
Rendered 1376/2157, time remaining: 9m 21s
Rendered 1377/2157, time remaining: 9m 20s
Rendered 1378/2157, time remaining: 9m 17s
Rendered 1378/2157, time remaining: 9m 17s
Rendered 1378/2157, time remaining: 9m 17s
Rendered 1378/2157, time remaining: 9m 17s
Rendered 1379/2157, time remaining: 9m 16s
Rendered 1379/2157, time remaining: 9m 16s
Rendered 1379/2157, time remaining: 9m 16s
Rendered 1379/2157, time remaining: 9m 16s
Rendered 1379/2157, time remaining: 9m 16s
Rendered 1380/2157, time remaining: 9m 23s
Rendered 1381/2157, time remaining: 9m 20s
Rendered 1382/2157, time remaining: 9m 17s
Rendered 1382/2157, time remaining: 9m 17s
Rendered 1383/2157, time remaining: 9m 13s
Rendered 1383/2157, time remaining: 9m 13s
Rendered 1383/2157, time remaining: 9m 13s
Rendered 1383/2157, time remaining: 9m 13s
Rendered 1383/2157, time remaining: 9m 13s
Rendered 1384/2157, time remaining: 9m 19s
Rendered 1384/2157, time remaining: 9m 19s
Rendered 1384/2157, time remaining: 9m 19s
Rendered 1385/2157, time remaining: 9m 22s
Rendered 1386/2157, time remaining: 9m 19s
Rendered 1386/2157, time remaining: 9m 19s
Rendered 1387/2157, time remaining: 9m 15s
Rendered 1387/2157, time remaining: 9m 15s
Rendered 1388/2157, time remaining: 9m 13s
Rendered 1388/2157, time remaining: 9m 13s
Rendered 1388/2157, time remaining: 9m 13s
Rendered 1388/2157, time remaining: 9m 13s
Rendered 1388/2157, time remaining: 9m 13s
Rendered 1388/2157, time remaining: 9m 13s
Rendered 1389/2157, time remaining: 9m 24s
Rendered 1389/2157, time remaining: 9m 24s
Rendered 1390/2157, time remaining: 9m 19s
Rendered 1391/2157, time remaining: 9m 16s
Rendered 1392/2157, time remaining: 9m 13s
Rendered 1392/2157, time remaining: 9m 13s
Rendered 1392/2157, time remaining: 9m 13s
Rendered 1392/2157, time remaining: 9m 13s
Rendered 1393/2157, time remaining: 9m 16s
Rendered 1393/2157, time remaining: 9m 16s
Rendered 1393/2157, time remaining: 9m 16s
Rendered 1394/2157, time remaining: 9m 16s
Rendered 1394/2157, time remaining: 9m 16s
Rendered 1395/2157, time remaining: 9m 18s
Rendered 1395/2157, time remaining: 9m 18s
Rendered 1396/2157, time remaining: 9m 12s
Rendered 1396/2157, time remaining: 9m 12s
Rendered 1397/2157, time remaining: 9m 14s
Rendered 1397/2157, time remaining: 9m 14s
Rendered 1397/2157, time remaining: 9m 14s
Rendered 1397/2157, time remaining: 9m 14s
Rendered 1397/2157, time remaining: 9m 14s
Rendered 1398/2157, time remaining: 9m 16s
Rendered 1399/2157, time remaining: 9m 15s
Rendered 1399/2157, time remaining: 9m 15s
Rendered 1400/2157, time remaining: 9m 11s
Rendered 1401/2157, time remaining: 9m 11s
Rendered 1401/2157, time remaining: 9m 11s
Rendered 1401/2157, time remaining: 9m 11s
Rendered 1401/2157, time remaining: 9m 11s
Rendered 1401/2157, time remaining: 9m 11s
Rendered 1401/2157, time remaining: 9m 11s
Rendered 1402/2157, time remaining: 9m 17s
Rendered 1403/2157, time remaining: 9m 16s
Rendered 1404/2157, time remaining: 9m 10s
Rendered 1404/2157, time remaining: 9m 10s
Rendered 1404/2157, time remaining: 9m 10s
Rendered 1405/2157, time remaining: 9m 13s
Rendered 1405/2157, time remaining: 9m 13s
Rendered 1405/2157, time remaining: 9m 13s
Rendered 1405/2157, time remaining: 9m 13s
Rendered 1406/2157, time remaining: 9m 14s
Rendered 1407/2157, time remaining: 9m 10s
Rendered 1407/2157, time remaining: 9m 10s
Rendered 1407/2157, time remaining: 9m 10s
Rendered 1408/2157, time remaining: 9m 8s
Rendered 1408/2157, time remaining: 9m 8s
Rendered 1409/2157, time remaining: 9m 8s
Rendered 1409/2157, time remaining: 9m 8s
Rendered 1409/2157, time remaining: 9m 8s
Rendered 1410/2157, time remaining: 9m 8s
Rendered 1410/2157, time remaining: 9m 8s
Rendered 1410/2157, time remaining: 9m 8s
Rendered 1411/2157, time remaining: 9m 11s
Rendered 1411/2157, time remaining: 9m 11s
Rendered 1412/2157, time remaining: 9m 6s
Rendered 1412/2157, time remaining: 9m 6s
Rendered 1413/2157, time remaining: 9m 5s
Rendered 1413/2157, time remaining: 9m 5s
Rendered 1413/2157, time remaining: 9m 5s
Rendered 1413/2157, time remaining: 9m 5s
Rendered 1414/2157, time remaining: 9m 6s
Rendered 1415/2157, time remaining: 9m 4s
Rendered 1415/2157, time remaining: 9m 4s
Rendered 1415/2157, time remaining: 9m 4s
Rendered 1416/2157, time remaining: 9m 1s
Rendered 1416/2157, time remaining: 9m 1s
Rendered 1417/2157, time remaining: 9m 3s
Rendered 1417/2157, time remaining: 9m 3s
Rendered 1417/2157, time remaining: 9m 3s
Rendered 1418/2157, time remaining: 9m 4s
Rendered 1418/2157, time remaining: 9m 4s
Rendered 1419/2157, time remaining: 9m 4s
Rendered 1419/2157, time remaining: 9m 4s
Rendered 1419/2157, time remaining: 9m 4s
Rendered 1420/2157, time remaining: 9m 0s
Rendered 1420/2157, time remaining: 9m 0s
Rendered 1420/2157, time remaining: 9m 0s
Rendered 1421/2157, time remaining: 9m 4s
Rendered 1421/2157, time remaining: 9m 4s
Rendered 1421/2157, time remaining: 9m 4s
Rendered 1422/2157, time remaining: 9m 0s
Rendered 1422/2157, time remaining: 9m 0s
Rendered 1423/2157, time remaining: 9m 3s
Rendered 1424/2157, time remaining: 8m 56s
Rendered 1424/2157, time remaining: 8m 56s
Rendered 1424/2157, time remaining: 8m 56s
Rendered 1424/2157, time remaining: 8m 56s
Rendered 1424/2157, time remaining: 8m 56s
Rendered 1425/2157, time remaining: 9m 3s
Rendered 1426/2157, time remaining: 8m 58s
Rendered 1426/2157, time remaining: 8m 58s
Rendered 1426/2157, time remaining: 8m 58s
Rendered 1427/2157, time remaining: 8m 56s
Rendered 1427/2157, time remaining: 8m 56s
Rendered 1428/2157, time remaining: 8m 57s
Rendered 1428/2157, time remaining: 8m 57s
Rendered 1428/2157, time remaining: 8m 57s
Rendered 1429/2157, time remaining: 8m 57s
Rendered 1429/2157, time remaining: 8m 57s
Rendered 1429/2157, time remaining: 8m 57s
Rendered 1429/2157, time remaining: 8m 57s
Rendered 1429/2157, time remaining: 8m 57s
Rendered 1430/2157, time remaining: 9m 4s
Rendered 1431/2157, time remaining: 8m 59s
Rendered 1432/2157, time remaining: 8m 57s
Rendered 1432/2157, time remaining: 8m 57s
Rendered 1433/2157, time remaining: 8m 53s
Rendered 1433/2157, time remaining: 8m 53s
Rendered 1433/2157, time remaining: 8m 53s
Rendered 1433/2157, time remaining: 8m 53s
Rendered 1433/2157, time remaining: 8m 53s
Rendered 1433/2157, time remaining: 8m 53s
Rendered 1434/2157, time remaining: 9m 5s
Rendered 1435/2157, time remaining: 8m 59s
Rendered 1436/2157, time remaining: 8m 58s
Rendered 1436/2157, time remaining: 8m 58s
Rendered 1437/2157, time remaining: 8m 52s
Rendered 1437/2157, time remaining: 8m 52s
Rendered 1437/2157, time remaining: 8m 52s
Rendered 1437/2157, time remaining: 8m 52s
Rendered 1437/2157, time remaining: 8m 52s
Rendered 1438/2157, time remaining: 9m 0s
Rendered 1438/2157, time remaining: 9m 0s
Rendered 1438/2157, time remaining: 9m 0s
Rendered 1439/2157, time remaining: 8m 58s
Rendered 1440/2157, time remaining: 8m 57s
Rendered 1441/2157, time remaining: 8m 51s
Rendered 1441/2157, time remaining: 8m 51s
Rendered 1441/2157, time remaining: 8m 51s
Rendered 1442/2157, time remaining: 8m 56s
Rendered 1442/2157, time remaining: 8m 56s
Rendered 1442/2157, time remaining: 8m 56s
Rendered 1442/2157, time remaining: 8m 56s
Rendered 1443/2157, time remaining: 8m 55s
Rendered 1443/2157, time remaining: 8m 55s
Rendered 1444/2157, time remaining: 8m 58s
Rendered 1445/2157, time remaining: 8m 51s
Rendered 1445/2157, time remaining: 8m 51s
Rendered 1445/2157, time remaining: 8m 51s
Rendered 1446/2157, time remaining: 8m 53s
Rendered 1446/2157, time remaining: 8m 53s
Rendered 1447/2157, time remaining: 8m 52s
Rendered 1447/2157, time remaining: 8m 52s
Rendered 1447/2157, time remaining: 8m 52s
Rendered 1447/2157, time remaining: 8m 52s
Rendered 1448/2157, time remaining: 8m 52s
Rendered 1449/2157, time remaining: 8m 50s
Rendered 1449/2157, time remaining: 8m 50s
Rendered 1449/2157, time remaining: 8m 50s
Rendered 1450/2157, time remaining: 8m 49s
Rendered 1450/2157, time remaining: 8m 49s
Rendered 1451/2157, time remaining: 8m 45s
Rendered 1451/2157, time remaining: 8m 45s
Rendered 1451/2157, time remaining: 8m 45s
Rendered 1451/2157, time remaining: 8m 45s
Rendered 1452/2157, time remaining: 8m 51s
Rendered 1453/2157, time remaining: 8m 46s
Rendered 1453/2157, time remaining: 8m 46s
Rendered 1453/2157, time remaining: 8m 46s
Rendered 1454/2157, time remaining: 8m 47s
Rendered 1455/2157, time remaining: 8m 41s
Rendered 1455/2157, time remaining: 8m 41s
Rendered 1455/2157, time remaining: 8m 41s
Rendered 1455/2157, time remaining: 8m 41s
Rendered 1456/2157, time remaining: 8m 47s
Rendered 1456/2157, time remaining: 8m 47s
Rendered 1456/2157, time remaining: 8m 47s
Rendered 1457/2157, time remaining: 8m 45s
Rendered 1458/2157, time remaining: 8m 44s
Rendered 1458/2157, time remaining: 8m 44s
Rendered 1459/2157, time remaining: 8m 40s
Rendered 1459/2157, time remaining: 8m 40s
Rendered 1459/2157, time remaining: 8m 40s
Rendered 1460/2157, time remaining: 8m 42s
Rendered 1460/2157, time remaining: 8m 42s
Rendered 1460/2157, time remaining: 8m 42s
Rendered 1460/2157, time remaining: 8m 42s
Rendered 1461/2157, time remaining: 8m 42s
Rendered 1461/2157, time remaining: 8m 42s
Rendered 1462/2157, time remaining: 8m 43s
Rendered 1463/2157, time remaining: 8m 39s
Rendered 1463/2157, time remaining: 8m 39s
Rendered 1463/2157, time remaining: 8m 39s
Rendered 1464/2157, time remaining: 8m 41s
Rendered 1464/2157, time remaining: 8m 41s
Rendered 1464/2157, time remaining: 8m 41s
Rendered 1464/2157, time remaining: 8m 41s
Rendered 1464/2157, time remaining: 8m 41s
Rendered 1465/2157, time remaining: 8m 40s
Rendered 1465/2157, time remaining: 8m 40s
Rendered 1466/2157, time remaining: 8m 40s
Rendered 1467/2157, time remaining: 8m 34s
Rendered 1467/2157, time remaining: 8m 34s
Rendered 1468/2157, time remaining: 8m 35s
Rendered 1468/2157, time remaining: 8m 35s
Rendered 1468/2157, time remaining: 8m 35s
Rendered 1469/2157, time remaining: 8m 36s
Rendered 1469/2157, time remaining: 8m 36s
Rendered 1469/2157, time remaining: 8m 36s
Rendered 1469/2157, time remaining: 8m 36s
Rendered 1470/2157, time remaining: 8m 40s
Rendered 1470/2157, time remaining: 8m 40s
Rendered 1471/2157, time remaining: 8m 32s
Rendered 1472/2157, time remaining: 8m 32s
Rendered 1472/2157, time remaining: 8m 32s
Rendered 1472/2157, time remaining: 8m 32s
Rendered 1472/2157, time remaining: 8m 32s
Rendered 1473/2157, time remaining: 8m 35s
Rendered 1473/2157, time remaining: 8m 35s
Rendered 1473/2157, time remaining: 8m 35s
Rendered 1474/2157, time remaining: 8m 35s
Rendered 1475/2157, time remaining: 8m 28s
Rendered 1475/2157, time remaining: 8m 28s
Rendered 1476/2157, time remaining: 8m 28s
Rendered 1476/2157, time remaining: 8m 28s
Rendered 1476/2157, time remaining: 8m 28s
Rendered 1476/2157, time remaining: 8m 28s
Rendered 1476/2157, time remaining: 8m 28s
Rendered 1477/2157, time remaining: 8m 34s
Rendered 1478/2157, time remaining: 8m 33s
Rendered 1478/2157, time remaining: 8m 33s
Rendered 1479/2157, time remaining: 8m 26s
Rendered 1480/2157, time remaining: 8m 22s
Rendered 1480/2157, time remaining: 8m 22s
Rendered 1480/2157, time remaining: 8m 22s
Rendered 1480/2157, time remaining: 8m 22s
Rendered 1480/2157, time remaining: 8m 22s
Rendered 1481/2157, time remaining: 8m 29s
Rendered 1481/2157, time remaining: 8m 29s
Rendered 1482/2157, time remaining: 8m 30s
Rendered 1483/2157, time remaining: 8m 20s
Rendered 1484/2157, time remaining: 8m 18s
Rendered 1484/2157, time remaining: 8m 18s
Rendered 1484/2157, time remaining: 8m 18s
Rendered 1484/2157, time remaining: 8m 18s
Rendered 1484/2157, time remaining: 8m 18s
Rendered 1485/2157, time remaining: 8m 25s
Rendered 1485/2157, time remaining: 8m 25s
Rendered 1486/2157, time remaining: 8m 26s
Rendered 1486/2157, time remaining: 8m 26s
Rendered 1487/2157, time remaining: 8m 18s
Rendered 1488/2157, time remaining: 8m 14s
Rendered 1488/2157, time remaining: 8m 14s
Rendered 1488/2157, time remaining: 8m 14s
Rendered 1488/2157, time remaining: 8m 14s
Rendered 1488/2157, time remaining: 8m 14s
Rendered 1489/2157, time remaining: 8m 22s
Rendered 1490/2157, time remaining: 8m 21s
Rendered 1490/2157, time remaining: 8m 21s
Rendered 1491/2157, time remaining: 8m 10s
Rendered 1492/2157, time remaining: 8m 10s
Rendered 1492/2157, time remaining: 8m 10s
Rendered 1492/2157, time remaining: 8m 10s
Rendered 1492/2157, time remaining: 8m 10s
Rendered 1493/2157, time remaining: 8m 15s
Rendered 1493/2157, time remaining: 8m 15s
Rendered 1493/2157, time remaining: 8m 15s
Rendered 1493/2157, time remaining: 8m 15s
Rendered 1494/2157, time remaining: 8m 19s
Rendered 1495/2157, time remaining: 8m 6s
Rendered 1496/2157, time remaining: 8m 5s
Rendered 1496/2157, time remaining: 8m 5s
Rendered 1497/2157, time remaining: 8m 6s
Rendered 1497/2157, time remaining: 8m 6s
Rendered 1497/2157, time remaining: 8m 6s
Rendered 1497/2157, time remaining: 8m 6s
Rendered 1497/2157, time remaining: 8m 6s
Rendered 1498/2157, time remaining: 8m 14s
Rendered 1499/2157, time remaining: 8m 2s
Rendered 1500/2157, time remaining: 8m 1s
Rendered 1500/2157, time remaining: 8m 1s
Rendered 1501/2157, time remaining: 8m 2s
Rendered 1501/2157, time remaining: 8m 2s
Rendered 1501/2157, time remaining: 8m 2s
Rendered 1501/2157, time remaining: 8m 2s
Rendered 1502/2157, time remaining: 8m 8s
Rendered 1502/2157, time remaining: 8m 8s
Rendered 1502/2157, time remaining: 8m 8s
Rendered 1503/2157, time remaining: 8m 1s
Rendered 1504/2157, time remaining: 7m 58s
Rendered 1504/2157, time remaining: 7m 58s
Rendered 1505/2157, time remaining: 7m 57s
Rendered 1505/2157, time remaining: 7m 57s
Rendered 1505/2157, time remaining: 7m 57s
Rendered 1505/2157, time remaining: 7m 57s
Rendered 1506/2157, time remaining: 8m 3s
Rendered 1506/2157, time remaining: 8m 3s
Rendered 1507/2157, time remaining: 7m 56s
Rendered 1508/2157, time remaining: 7m 56s
Rendered 1508/2157, time remaining: 7m 56s
Rendered 1509/2157, time remaining: 7m 51s
Rendered 1509/2157, time remaining: 7m 51s
Rendered 1509/2157, time remaining: 7m 51s
Rendered 1509/2157, time remaining: 7m 51s
Rendered 1509/2157, time remaining: 7m 51s
Rendered 1509/2157, time remaining: 7m 51s
Rendered 1510/2157, time remaining: 8m 0s
Rendered 1511/2157, time remaining: 7m 53s
Rendered 1512/2157, time remaining: 7m 54s
Rendered 1513/2157, time remaining: 7m 48s
Rendered 1513/2157, time remaining: 7m 48s
Rendered 1513/2157, time remaining: 7m 48s
Rendered 1513/2157, time remaining: 7m 48s
Rendered 1514/2157, time remaining: 7m 53s
Rendered 1514/2157, time remaining: 7m 53s
Rendered 1514/2157, time remaining: 7m 53s
Rendered 1514/2157, time remaining: 7m 53s
Rendered 1515/2157, time remaining: 7m 51s
Rendered 1516/2157, time remaining: 7m 51s
Rendered 1517/2157, time remaining: 7m 44s
Rendered 1517/2157, time remaining: 7m 44s
Rendered 1518/2157, time remaining: 7m 45s
Rendered 1518/2157, time remaining: 7m 45s
Rendered 1518/2157, time remaining: 7m 45s
Rendered 1518/2157, time remaining: 7m 45s
Rendered 1518/2157, time remaining: 7m 45s
Rendered 1519/2157, time remaining: 7m 49s
Rendered 1519/2157, time remaining: 7m 49s
Rendered 1520/2157, time remaining: 7m 48s
Rendered 1521/2157, time remaining: 7m 38s
Rendered 1522/2157, time remaining: 7m 38s
Rendered 1522/2157, time remaining: 7m 38s
Rendered 1522/2157, time remaining: 7m 38s
Rendered 1522/2157, time remaining: 7m 38s
Rendered 1523/2157, time remaining: 7m 43s
Rendered 1523/2157, time remaining: 7m 43s
Rendered 1524/2157, time remaining: 7m 44s
Rendered 1524/2157, time remaining: 7m 44s
Rendered 1525/2157, time remaining: 7m 34s
Rendered 1525/2157, time remaining: 7m 34s
Rendered 1526/2157, time remaining: 7m 32s
Rendered 1526/2157, time remaining: 7m 32s
Rendered 1526/2157, time remaining: 7m 32s
Rendered 1527/2157, time remaining: 7m 36s
Rendered 1527/2157, time remaining: 7m 36s
Rendered 1528/2157, time remaining: 7m 37s
Rendered 1528/2157, time remaining: 7m 37s
Rendered 1529/2157, time remaining: 7m 33s
Rendered 1529/2157, time remaining: 7m 33s
Rendered 1530/2157, time remaining: 7m 25s
Rendered 1530/2157, time remaining: 7m 25s
Rendered 1530/2157, time remaining: 7m 25s
Rendered 1531/2157, time remaining: 7m 30s
Rendered 1531/2157, time remaining: 7m 30s
Rendered 1532/2157, time remaining: 7m 31s
Rendered 1532/2157, time remaining: 7m 31s
Rendered 1533/2157, time remaining: 7m 30s
Rendered 1533/2157, time remaining: 7m 30s
Rendered 1534/2157, time remaining: 7m 23s
Rendered 1534/2157, time remaining: 7m 23s
Rendered 1534/2157, time remaining: 7m 23s
Rendered 1534/2157, time remaining: 7m 23s
Rendered 1535/2157, time remaining: 7m 22s
Rendered 1535/2157, time remaining: 7m 22s
Rendered 1536/2157, time remaining: 7m 24s
Rendered 1537/2157, time remaining: 7m 24s
Rendered 1537/2157, time remaining: 7m 24s
Rendered 1538/2157, time remaining: 7m 22s
Rendered 1538/2157, time remaining: 7m 22s
Rendered 1538/2157, time remaining: 7m 22s
Rendered 1538/2157, time remaining: 7m 22s
Rendered 1539/2157, time remaining: 7m 17s
Rendered 1539/2157, time remaining: 7m 17s
Rendered 1540/2157, time remaining: 7m 16s
Rendered 1540/2157, time remaining: 7m 16s
Rendered 1541/2157, time remaining: 7m 17s
Rendered 1541/2157, time remaining: 7m 17s
Rendered 1542/2157, time remaining: 7m 18s
Rendered 1542/2157, time remaining: 7m 18s
Rendered 1542/2157, time remaining: 7m 18s
Rendered 1543/2157, time remaining: 7m 17s
Rendered 1543/2157, time remaining: 7m 17s
Rendered 1544/2157, time remaining: 7m 12s
Rendered 1544/2157, time remaining: 7m 12s
Rendered 1544/2157, time remaining: 7m 12s
Rendered 1545/2157, time remaining: 7m 14s
Rendered 1546/2157, time remaining: 7m 12s
Rendered 1546/2157, time remaining: 7m 12s
Rendered 1546/2157, time remaining: 7m 12s
Rendered 1547/2157, time remaining: 7m 13s
Rendered 1547/2157, time remaining: 7m 13s
Rendered 1548/2157, time remaining: 7m 7s
Rendered 1548/2157, time remaining: 7m 7s
Rendered 1548/2157, time remaining: 7m 7s
Rendered 1549/2157, time remaining: 7m 10s
Rendered 1549/2157, time remaining: 7m 10s
Rendered 1550/2157, time remaining: 7m 9s
Rendered 1550/2157, time remaining: 7m 9s
Rendered 1550/2157, time remaining: 7m 9s
Rendered 1551/2157, time remaining: 7m 11s
Rendered 1552/2157, time remaining: 7m 1s
Rendered 1552/2157, time remaining: 7m 1s
Rendered 1552/2157, time remaining: 7m 1s
Rendered 1552/2157, time remaining: 7m 1s
Rendered 1553/2157, time remaining: 7m 5s
Rendered 1554/2157, time remaining: 7m 5s
Rendered 1554/2157, time remaining: 7m 5s
Rendered 1555/2157, time remaining: 7m 4s
Rendered 1555/2157, time remaining: 7m 4s
Rendered 1556/2157, time remaining: 6m 59s
Rendered 1556/2157, time remaining: 6m 59s
Rendered 1556/2157, time remaining: 6m 59s
Rendered 1557/2157, time remaining: 7m 2s
Rendered 1557/2157, time remaining: 7m 2s
Rendered 1558/2157, time remaining: 6m 59s
Rendered 1558/2157, time remaining: 6m 59s
Rendered 1558/2157, time remaining: 6m 59s
Rendered 1559/2157, time remaining: 7m 0s
Rendered 1559/2157, time remaining: 7m 0s
Rendered 1560/2157, time remaining: 6m 56s
Rendered 1560/2157, time remaining: 6m 56s
Rendered 1561/2157, time remaining: 6m 56s
Rendered 1561/2157, time remaining: 6m 56s
Rendered 1561/2157, time remaining: 6m 56s
Rendered 1561/2157, time remaining: 6m 56s
Rendered 1562/2157, time remaining: 6m 58s
Rendered 1563/2157, time remaining: 6m 57s
Rendered 1563/2157, time remaining: 6m 57s
Rendered 1564/2157, time remaining: 6m 51s
Rendered 1564/2157, time remaining: 6m 51s
Rendered 1565/2157, time remaining: 6m 53s
Rendered 1565/2157, time remaining: 6m 53s
Rendered 1565/2157, time remaining: 6m 53s
Rendered 1565/2157, time remaining: 6m 53s
Rendered 1566/2157, time remaining: 6m 55s
Rendered 1566/2157, time remaining: 6m 55s
Rendered 1567/2157, time remaining: 6m 53s
Rendered 1568/2157, time remaining: 6m 48s
Rendered 1568/2157, time remaining: 6m 48s
Rendered 1569/2157, time remaining: 6m 47s
Rendered 1569/2157, time remaining: 6m 47s
Rendered 1569/2157, time remaining: 6m 47s
Rendered 1569/2157, time remaining: 6m 47s
Rendered 1570/2157, time remaining: 6m 49s
Rendered 1571/2157, time remaining: 6m 45s
Rendered 1571/2157, time remaining: 6m 45s
Rendered 1572/2157, time remaining: 6m 42s
Rendered 1572/2157, time remaining: 6m 42s
Rendered 1572/2157, time remaining: 6m 42s
Rendered 1573/2157, time remaining: 6m 41s
Rendered 1573/2157, time remaining: 6m 41s
Rendered 1573/2157, time remaining: 6m 41s
Rendered 1573/2157, time remaining: 6m 41s
Rendered 1573/2157, time remaining: 6m 41s
Rendered 1573/2157, time remaining: 6m 41s
Rendered 1573/2157, time remaining: 6m 41s
Rendered 1573/2157, time remaining: 6m 41s
Rendered 1573/2157, time remaining: 6m 41s
Rendered 1573/2157, time remaining: 6m 41s
Rendered 1573/2157, time remaining: 6m 41s
Rendered 1573/2157, time remaining: 6m 41s
Rendered 1573/2157, time remaining: 6m 41s
Rendered 1573/2157, time remaining: 6m 41s
Rendered 1573/2157, time remaining: 6m 41s
Rendered 1573/2157, time remaining: 6m 41s
Rendered 1573/2157, time remaining: 6m 41s
Rendered 1573/2157, time remaining: 6m 41s
Rendered 1573/2157, time remaining: 6m 41s
Rendered 1573/2157, time remaining: 6m 41s
Rendered 1573/2157, time remaining: 6m 41s
Rendered 1573/2157, time remaining: 6m 41s
Rendered 1574/2157, time remaining: 7m 22s
Rendered 1575/2157, time remaining: 7m 15s
Rendered 1575/2157, time remaining: 7m 15s
Rendered 1575/2157, time remaining: 7m 15s
Rendered 1576/2157, time remaining: 7m 19s
Rendered 1577/2157, time remaining: 7m 14s
Rendered 1577/2157, time remaining: 7m 14s
Rendered 1577/2157, time remaining: 7m 14s
Rendered 1577/2157, time remaining: 7m 14s
Rendered 1577/2157, time remaining: 7m 14s
Rendered 1577/2157, time remaining: 7m 14s
Rendered 1577/2157, time remaining: 7m 14s
Rendered 1577/2157, time remaining: 7m 14s
Rendered 1577/2157, time remaining: 7m 14s
Rendered 1577/2157, time remaining: 7m 14s
Rendered 1577/2157, time remaining: 7m 14s
Rendered 1577/2157, time remaining: 7m 14s
Rendered 1577/2157, time remaining: 7m 14s
Rendered 1577/2157, time remaining: 7m 14s
Rendered 1577/2157, time remaining: 7m 14s
Rendered 1577/2157, time remaining: 7m 14s
Rendered 1578/2157, time remaining: 7m 40s
Rendered 1578/2157, time remaining: 7m 40s
Rendered 1579/2157, time remaining: 7m 38s
Rendered 1579/2157, time remaining: 7m 38s
Rendered 1580/2157, time remaining: 7m 30s
Rendered 1580/2157, time remaining: 7m 30s
Rendered 1581/2157, time remaining: 7m 31s
Rendered 1581/2157, time remaining: 7m 31s
Rendered 1581/2157, time remaining: 7m 31s
Rendered 1581/2157, time remaining: 7m 31s
Rendered 1581/2157, time remaining: 7m 31s
Rendered 1581/2157, time remaining: 7m 31s
Rendered 1581/2157, time remaining: 7m 31s
Rendered 1581/2157, time remaining: 7m 31s
Rendered 1581/2157, time remaining: 7m 31s
Rendered 1581/2157, time remaining: 7m 31s
Rendered 1581/2157, time remaining: 7m 31s
Rendered 1581/2157, time remaining: 7m 31s
Rendered 1581/2157, time remaining: 7m 31s
Rendered 1581/2157, time remaining: 7m 31s
Rendered 1581/2157, time remaining: 7m 31s
Rendered 1581/2157, time remaining: 7m 31s
Rendered 1581/2157, time remaining: 7m 31s
Rendered 1581/2157, time remaining: 7m 31s
Rendered 1581/2157, time remaining: 7m 31s
Rendered 1581/2157, time remaining: 7m 31s
Rendered 1582/2157, time remaining: 8m 7s
Rendered 1582/2157, time remaining: 8m 7s
Rendered 1583/2157, time remaining: 8m 7s
Rendered 1583/2157, time remaining: 8m 7s
Rendered 1583/2157, time remaining: 8m 7s
Rendered 1584/2157, time remaining: 7m 59s
Rendered 1584/2157, time remaining: 7m 59s
Rendered 1584/2157, time remaining: 7m 59s
Rendered 1585/2157, time remaining: 8m 1s
Rendered 1585/2157, time remaining: 8m 1s
Rendered 1585/2157, time remaining: 8m 1s
Rendered 1585/2157, time remaining: 8m 1s
Rendered 1585/2157, time remaining: 8m 1s
Rendered 1585/2157, time remaining: 8m 1s
Rendered 1585/2157, time remaining: 8m 1s
Rendered 1585/2157, time remaining: 8m 1s
Rendered 1585/2157, time remaining: 8m 1s
Rendered 1585/2157, time remaining: 8m 1s
Rendered 1585/2157, time remaining: 8m 1s
Rendered 1585/2157, time remaining: 8m 1s
Rendered 1585/2157, time remaining: 8m 1s
Rendered 1585/2157, time remaining: 8m 1s
Rendered 1585/2157, time remaining: 8m 1s
Rendered 1585/2157, time remaining: 8m 1s
Rendered 1585/2157, time remaining: 8m 1s
Rendered 1585/2157, time remaining: 8m 1s
Rendered 1585/2157, time remaining: 8m 1s
Rendered 1586/2157, time remaining: 8m 35s
Rendered 1586/2157, time remaining: 8m 35s
Rendered 1586/2157, time remaining: 8m 35s
Rendered 1586/2157, time remaining: 8m 35s
Rendered 1586/2157, time remaining: 8m 35s
Rendered 1586/2157, time remaining: 8m 35s
Rendered 1586/2157, time remaining: 8m 35s
Rendered 1586/2157, time remaining: 8m 35s
Rendered 1587/2157, time remaining: 8m 47s
Rendered 1587/2157, time remaining: 8m 47s
Rendered 1587/2157, time remaining: 8m 47s
Rendered 1587/2157, time remaining: 8m 47s
Rendered 1588/2157, time remaining: 8m 43s
Rendered 1589/2157, time remaining: 8m 39s
Rendered 1589/2157, time remaining: 8m 39s
Rendered 1589/2157, time remaining: 8m 39s
Rendered 1589/2157, time remaining: 8m 39s
Rendered 1589/2157, time remaining: 8m 39s
Rendered 1589/2157, time remaining: 8m 39s
Rendered 1589/2157, time remaining: 8m 39s
Rendered 1589/2157, time remaining: 8m 39s
Rendered 1590/2157, time remaining: 8m 53s
Rendered 1590/2157, time remaining: 8m 53s
Rendered 1590/2157, time remaining: 8m 53s
Rendered 1590/2157, time remaining: 8m 53s
Rendered 1590/2157, time remaining: 8m 53s
Rendered 1590/2157, time remaining: 8m 53s
Rendered 1590/2157, time remaining: 8m 53s
Rendered 1590/2157, time remaining: 8m 53s
Rendered 1590/2157, time remaining: 8m 53s
Rendered 1591/2157, time remaining: 9m 5s
Rendered 1591/2157, time remaining: 9m 5s
Rendered 1591/2157, time remaining: 9m 5s
Rendered 1591/2157, time remaining: 9m 5s
Rendered 1591/2157, time remaining: 9m 5s
Rendered 1591/2157, time remaining: 9m 5s
Rendered 1592/2157, time remaining: 9m 9s
Rendered 1593/2157, time remaining: 9m 3s
Rendered 1594/2157, time remaining: 9m 0s
Rendered 1594/2157, time remaining: 9m 0s
Rendered 1594/2157, time remaining: 9m 0s
Rendered 1594/2157, time remaining: 9m 0s
Rendered 1594/2157, time remaining: 9m 0s
Rendered 1595/2157, time remaining: 9m 6s
Rendered 1595/2157, time remaining: 9m 6s
Rendered 1595/2157, time remaining: 9m 6s
Rendered 1595/2157, time remaining: 9m 6s
Rendered 1596/2157, time remaining: 9m 8s
Rendered 1597/2157, time remaining: 9m 5s
Rendered 1598/2157, time remaining: 8m 58s
Rendered 1598/2157, time remaining: 8m 58s
Rendered 1598/2157, time remaining: 8m 58s
Rendered 1599/2157, time remaining: 9m 2s
Rendered 1599/2157, time remaining: 9m 2s
Rendered 1599/2157, time remaining: 9m 2s
Rendered 1599/2157, time remaining: 9m 2s
Rendered 1600/2157, time remaining: 9m 3s
Rendered 1600/2157, time remaining: 9m 3s
Rendered 1601/2157, time remaining: 9m 0s
Rendered 1602/2157, time remaining: 8m 55s
Rendered 1602/2157, time remaining: 8m 55s
Rendered 1602/2157, time remaining: 8m 55s
Rendered 1602/2157, time remaining: 8m 55s
Rendered 1603/2157, time remaining: 8m 59s
Rendered 1603/2157, time remaining: 8m 59s
Rendered 1603/2157, time remaining: 8m 59s
Rendered 1604/2157, time remaining: 8m 59s
Rendered 1604/2157, time remaining: 8m 59s
Rendered 1605/2157, time remaining: 8m 59s
Rendered 1606/2157, time remaining: 8m 54s
Rendered 1606/2157, time remaining: 8m 54s
Rendered 1606/2157, time remaining: 8m 54s
Rendered 1606/2157, time remaining: 8m 54s
Rendered 1607/2157, time remaining: 8m 53s
Rendered 1607/2157, time remaining: 8m 53s
Rendered 1607/2157, time remaining: 8m 53s
Rendered 1608/2157, time remaining: 8m 57s
Rendered 1608/2157, time remaining: 8m 57s
Rendered 1609/2157, time remaining: 8m 55s
Rendered 1609/2157, time remaining: 8m 55s
Rendered 1609/2157, time remaining: 8m 55s
Rendered 1610/2157, time remaining: 8m 54s
Rendered 1610/2157, time remaining: 8m 54s
Rendered 1610/2157, time remaining: 8m 54s
Rendered 1611/2157, time remaining: 8m 51s
Rendered 1611/2157, time remaining: 8m 51s
Rendered 1612/2157, time remaining: 8m 50s
Rendered 1612/2157, time remaining: 8m 50s
Rendered 1612/2157, time remaining: 8m 50s
Rendered 1613/2157, time remaining: 8m 53s
Rendered 1613/2157, time remaining: 8m 53s
Rendered 1614/2157, time remaining: 8m 49s
Rendered 1614/2157, time remaining: 8m 49s
Rendered 1614/2157, time remaining: 8m 49s
Rendered 1615/2157, time remaining: 8m 46s
Rendered 1616/2157, time remaining: 8m 44s
Rendered 1616/2157, time remaining: 8m 44s
Rendered 1616/2157, time remaining: 8m 44s
Rendered 1616/2157, time remaining: 8m 44s
Rendered 1617/2157, time remaining: 8m 48s
Rendered 1618/2157, time remaining: 8m 46s
Rendered 1618/2157, time remaining: 8m 46s
Rendered 1618/2157, time remaining: 8m 46s
Rendered 1618/2157, time remaining: 8m 46s
Rendered 1619/2157, time remaining: 8m 45s
Rendered 1620/2157, time remaining: 8m 40s
Rendered 1620/2157, time remaining: 8m 40s
Rendered 1620/2157, time remaining: 8m 40s
Rendered 1620/2157, time remaining: 8m 40s
Rendered 1621/2157, time remaining: 8m 42s
Rendered 1621/2157, time remaining: 8m 42s
Rendered 1621/2157, time remaining: 8m 42s
Rendered 1622/2157, time remaining: 8m 44s
Rendered 1622/2157, time remaining: 8m 44s
Rendered 1623/2157, time remaining: 8m 40s
Rendered 1624/2157, time remaining: 8m 36s
Rendered 1624/2157, time remaining: 8m 36s
Rendered 1624/2157, time remaining: 8m 36s
Rendered 1625/2157, time remaining: 8m 38s
Rendered 1625/2157, time remaining: 8m 38s
Rendered 1625/2157, time remaining: 8m 38s
Rendered 1625/2157, time remaining: 8m 38s
Rendered 1626/2157, time remaining: 8m 42s
Rendered 1626/2157, time remaining: 8m 42s
Rendered 1627/2157, time remaining: 8m 34s
Rendered 1627/2157, time remaining: 8m 34s
Rendered 1628/2157, time remaining: 8m 34s
Rendered 1628/2157, time remaining: 8m 34s
Rendered 1628/2157, time remaining: 8m 34s
Rendered 1628/2157, time remaining: 8m 34s
Rendered 1629/2157, time remaining: 8m 38s
Rendered 1629/2157, time remaining: 8m 38s
Rendered 1630/2157, time remaining: 8m 38s
Rendered 1630/2157, time remaining: 8m 38s
Rendered 1631/2157, time remaining: 8m 32s
Rendered 1631/2157, time remaining: 8m 32s
Rendered 1631/2157, time remaining: 8m 32s
Rendered 1632/2157, time remaining: 8m 32s
Rendered 1632/2157, time remaining: 8m 32s
Rendered 1633/2157, time remaining: 8m 34s
Rendered 1633/2157, time remaining: 8m 34s
Rendered 1634/2157, time remaining: 8m 33s
Rendered 1634/2157, time remaining: 8m 33s
Rendered 1634/2157, time remaining: 8m 33s
Rendered 1634/2157, time remaining: 8m 33s
Rendered 1635/2157, time remaining: 8m 32s
Rendered 1636/2157, time remaining: 8m 29s
Rendered 1636/2157, time remaining: 8m 29s
Rendered 1636/2157, time remaining: 8m 29s
Rendered 1637/2157, time remaining: 8m 30s
Rendered 1637/2157, time remaining: 8m 30s
Rendered 1638/2157, time remaining: 8m 31s
Rendered 1638/2157, time remaining: 8m 31s
Rendered 1638/2157, time remaining: 8m 31s
Rendered 1638/2157, time remaining: 8m 31s
Rendered 1639/2157, time remaining: 8m 27s
Rendered 1639/2157, time remaining: 8m 27s
Rendered 1640/2157, time remaining: 8m 29s
Rendered 1640/2157, time remaining: 8m 29s
Rendered 1640/2157, time remaining: 8m 29s
Rendered 1641/2157, time remaining: 8m 29s
Rendered 1641/2157, time remaining: 8m 29s
Rendered 1641/2157, time remaining: 8m 29s
Rendered 1642/2157, time remaining: 8m 31s
Rendered 1642/2157, time remaining: 8m 31s
Rendered 1642/2157, time remaining: 8m 31s
Rendered 1643/2157, time remaining: 8m 29s
Rendered 1644/2157, time remaining: 8m 23s
Rendered 1644/2157, time remaining: 8m 23s
Rendered 1645/2157, time remaining: 8m 24s
Rendered 1645/2157, time remaining: 8m 24s
Rendered 1645/2157, time remaining: 8m 24s
Rendered 1645/2157, time remaining: 8m 24s
Rendered 1646/2157, time remaining: 8m 29s
Rendered 1646/2157, time remaining: 8m 29s
Rendered 1647/2157, time remaining: 8m 28s
Rendered 1647/2157, time remaining: 8m 28s
Rendered 1648/2157, time remaining: 8m 20s
Rendered 1648/2157, time remaining: 8m 20s
Rendered 1649/2157, time remaining: 8m 21s
Rendered 1649/2157, time remaining: 8m 21s
Rendered 1649/2157, time remaining: 8m 21s
Rendered 1649/2157, time remaining: 8m 21s
Rendered 1650/2157, time remaining: 8m 24s
Rendered 1650/2157, time remaining: 8m 24s
Rendered 1651/2157, time remaining: 8m 25s
Rendered 1651/2157, time remaining: 8m 25s
Rendered 1652/2157, time remaining: 8m 19s
Rendered 1652/2157, time remaining: 8m 19s
Rendered 1652/2157, time remaining: 8m 19s
Rendered 1653/2157, time remaining: 8m 20s
Rendered 1653/2157, time remaining: 8m 20s
Rendered 1653/2157, time remaining: 8m 20s
Rendered 1653/2157, time remaining: 8m 20s
Rendered 1654/2157, time remaining: 8m 24s
Rendered 1655/2157, time remaining: 8m 21s
Rendered 1655/2157, time remaining: 8m 21s
Rendered 1656/2157, time remaining: 8m 15s
Rendered 1656/2157, time remaining: 8m 15s
Rendered 1656/2157, time remaining: 8m 15s
Rendered 1657/2157, time remaining: 8m 16s
Rendered 1657/2157, time remaining: 8m 16s
Rendered 1657/2157, time remaining: 8m 16s
Rendered 1658/2157, time remaining: 8m 20s
Rendered 1658/2157, time remaining: 8m 20s
Rendered 1659/2157, time remaining: 8m 18s
Rendered 1659/2157, time remaining: 8m 18s
Rendered 1660/2157, time remaining: 8m 11s
Rendered 1660/2157, time remaining: 8m 11s
Rendered 1661/2157, time remaining: 8m 12s
Rendered 1661/2157, time remaining: 8m 12s
Rendered 1661/2157, time remaining: 8m 12s
Rendered 1662/2157, time remaining: 8m 13s
Rendered 1662/2157, time remaining: 8m 13s
Rendered 1662/2157, time remaining: 8m 13s
Rendered 1663/2157, time remaining: 8m 15s
Rendered 1663/2157, time remaining: 8m 15s
Rendered 1664/2157, time remaining: 8m 11s
Rendered 1664/2157, time remaining: 8m 11s
Rendered 1665/2157, time remaining: 8m 7s
Rendered 1665/2157, time remaining: 8m 7s
Rendered 1665/2157, time remaining: 8m 7s
Rendered 1666/2157, time remaining: 8m 10s
Rendered 1666/2157, time remaining: 8m 10s
Rendered 1666/2157, time remaining: 8m 10s
Rendered 1667/2157, time remaining: 8m 12s
Rendered 1667/2157, time remaining: 8m 12s
Rendered 1668/2157, time remaining: 8m 11s
Rendered 1668/2157, time remaining: 8m 11s
Rendered 1669/2157, time remaining: 8m 5s
Rendered 1669/2157, time remaining: 8m 5s
Rendered 1669/2157, time remaining: 8m 5s
Rendered 1670/2157, time remaining: 8m 7s
Rendered 1670/2157, time remaining: 8m 7s
Rendered 1670/2157, time remaining: 8m 7s
Rendered 1671/2157, time remaining: 8m 7s
Rendered 1671/2157, time remaining: 8m 7s
Rendered 1671/2157, time remaining: 8m 7s
Rendered 1671/2157, time remaining: 8m 7s
Rendered 1672/2157, time remaining: 8m 11s
Rendered 1673/2157, time remaining: 8m 5s
Rendered 1673/2157, time remaining: 8m 5s
Rendered 1673/2157, time remaining: 8m 5s
Rendered 1674/2157, time remaining: 8m 6s
Rendered 1675/2157, time remaining: 8m 3s
Rendered 1675/2157, time remaining: 8m 3s
Rendered 1675/2157, time remaining: 8m 3s
Rendered 1675/2157, time remaining: 8m 3s
Rendered 1675/2157, time remaining: 8m 3s
Rendered 1676/2157, time remaining: 8m 7s
Rendered 1677/2157, time remaining: 8m 2s
Rendered 1677/2157, time remaining: 8m 2s
Rendered 1678/2157, time remaining: 8m 3s
Rendered 1679/2157, time remaining: 8m 0s
Rendered 1679/2157, time remaining: 8m 0s
Rendered 1679/2157, time remaining: 8m 0s
Rendered 1679/2157, time remaining: 8m 0s
Rendered 1679/2157, time remaining: 8m 0s
Rendered 1680/2157, time remaining: 8m 4s
Rendered 1680/2157, time remaining: 8m 4s
Rendered 1680/2157, time remaining: 8m 4s
Rendered 1681/2157, time remaining: 8m 1s
Rendered 1682/2157, time remaining: 8m 0s
Rendered 1683/2157, time remaining: 7m 57s
Rendered 1683/2157, time remaining: 7m 57s
Rendered 1683/2157, time remaining: 7m 57s
Rendered 1683/2157, time remaining: 7m 57s
Rendered 1684/2157, time remaining: 8m 0s
Rendered 1684/2157, time remaining: 8m 0s
Rendered 1685/2157, time remaining: 7m 55s
Rendered 1685/2157, time remaining: 7m 55s
Rendered 1685/2157, time remaining: 7m 55s
Rendered 1685/2157, time remaining: 7m 55s
Rendered 1686/2157, time remaining: 7m 57s
Rendered 1687/2157, time remaining: 7m 55s
Rendered 1687/2157, time remaining: 7m 55s
Rendered 1688/2157, time remaining: 7m 55s
Rendered 1689/2157, time remaining: 7m 50s
Rendered 1689/2157, time remaining: 7m 50s
Rendered 1689/2157, time remaining: 7m 50s
Rendered 1689/2157, time remaining: 7m 50s
Rendered 1690/2157, time remaining: 7m 52s
Rendered 1690/2157, time remaining: 7m 52s
Rendered 1691/2157, time remaining: 7m 51s
Rendered 1691/2157, time remaining: 7m 51s
Rendered 1691/2157, time remaining: 7m 51s
Rendered 1691/2157, time remaining: 7m 51s
Rendered 1692/2157, time remaining: 7m 53s
Rendered 1693/2157, time remaining: 7m 48s
Rendered 1693/2157, time remaining: 7m 48s
Rendered 1693/2157, time remaining: 7m 48s
Rendered 1694/2157, time remaining: 7m 50s
Rendered 1694/2157, time remaining: 7m 50s
Rendered 1695/2157, time remaining: 7m 46s
Rendered 1695/2157, time remaining: 7m 46s
Rendered 1695/2157, time remaining: 7m 46s
Rendered 1696/2157, time remaining: 7m 49s
Rendered 1697/2157, time remaining: 7m 45s
Rendered 1697/2157, time remaining: 7m 45s
Rendered 1697/2157, time remaining: 7m 45s
Rendered 1697/2157, time remaining: 7m 45s
Rendered 1698/2157, time remaining: 7m 46s
Rendered 1699/2157, time remaining: 7m 42s
Rendered 1699/2157, time remaining: 7m 42s
Rendered 1700/2157, time remaining: 7m 42s
Rendered 1700/2157, time remaining: 7m 42s
Rendered 1701/2157, time remaining: 7m 40s
Rendered 1701/2157, time remaining: 7m 40s
Rendered 1701/2157, time remaining: 7m 40s
Rendered 1701/2157, time remaining: 7m 40s
Rendered 1702/2157, time remaining: 7m 42s
Rendered 1703/2157, time remaining: 7m 37s
Rendered 1703/2157, time remaining: 7m 37s
Rendered 1704/2157, time remaining: 7m 38s
Rendered 1704/2157, time remaining: 7m 38s
Rendered 1705/2157, time remaining: 7m 36s
Rendered 1705/2157, time remaining: 7m 36s
Rendered 1705/2157, time remaining: 7m 36s
Rendered 1705/2157, time remaining: 7m 36s
Rendered 1706/2157, time remaining: 7m 38s
Rendered 1706/2157, time remaining: 7m 38s
Rendered 1706/2157, time remaining: 7m 38s
Rendered 1707/2157, time remaining: 7m 37s
Rendered 1707/2157, time remaining: 7m 37s
Rendered 1708/2157, time remaining: 7m 36s
Rendered 1709/2157, time remaining: 7m 33s
Rendered 1709/2157, time remaining: 7m 33s
Rendered 1709/2157, time remaining: 7m 33s
Rendered 1710/2157, time remaining: 7m 34s
Rendered 1710/2157, time remaining: 7m 34s
Rendered 1710/2157, time remaining: 7m 34s
Rendered 1710/2157, time remaining: 7m 34s
Rendered 1711/2157, time remaining: 7m 34s
Rendered 1712/2157, time remaining: 7m 30s
Rendered 1713/2157, time remaining: 7m 29s
Rendered 1713/2157, time remaining: 7m 29s
Rendered 1713/2157, time remaining: 7m 29s
Rendered 1713/2157, time remaining: 7m 29s
Rendered 1714/2157, time remaining: 7m 31s
Rendered 1714/2157, time remaining: 7m 31s
Rendered 1714/2157, time remaining: 7m 31s
Rendered 1715/2157, time remaining: 7m 31s
Rendered 1715/2157, time remaining: 7m 31s
Rendered 1715/2157, time remaining: 7m 31s
Rendered 1716/2157, time remaining: 7m 29s
Rendered 1716/2157, time remaining: 7m 29s
Rendered 1717/2157, time remaining: 7m 28s
Rendered 1718/2157, time remaining: 7m 27s
Rendered 1718/2157, time remaining: 7m 27s
Rendered 1718/2157, time remaining: 7m 27s
Rendered 1719/2157, time remaining: 7m 27s
Rendered 1719/2157, time remaining: 7m 27s
Rendered 1719/2157, time remaining: 7m 27s
Rendered 1719/2157, time remaining: 7m 27s
Rendered 1719/2157, time remaining: 7m 27s
Rendered 1720/2157, time remaining: 7m 27s
Rendered 1721/2157, time remaining: 7m 25s
Rendered 1722/2157, time remaining: 7m 24s
Rendered 1723/2157, time remaining: 7m 21s
Rendered 1723/2157, time remaining: 7m 21s
Rendered 1723/2157, time remaining: 7m 21s
Rendered 1723/2157, time remaining: 7m 21s
Rendered 1723/2157, time remaining: 7m 21s
Rendered 1723/2157, time remaining: 7m 21s
Rendered 1724/2157, time remaining: 6m 55s
Rendered 1725/2157, time remaining: 6m 54s
Rendered 1726/2157, time remaining: 6m 51s
Rendered 1726/2157, time remaining: 6m 51s
Rendered 1727/2157, time remaining: 6m 50s
Rendered 1727/2157, time remaining: 6m 50s
Rendered 1727/2157, time remaining: 6m 50s
Rendered 1727/2157, time remaining: 6m 50s
Rendered 1727/2157, time remaining: 6m 50s
Rendered 1728/2157, time remaining: 6m 35s
Rendered 1728/2157, time remaining: 6m 35s
Rendered 1729/2157, time remaining: 6m 33s
Rendered 1730/2157, time remaining: 6m 32s
Rendered 1731/2157, time remaining: 6m 30s
Rendered 1731/2157, time remaining: 6m 30s
Rendered 1731/2157, time remaining: 6m 30s
Rendered 1731/2157, time remaining: 6m 30s
Rendered 1731/2157, time remaining: 6m 30s
Rendered 1732/2157, time remaining: 6m 7s
Rendered 1732/2157, time remaining: 6m 7s
Rendered 1733/2157, time remaining: 6m 5s
Rendered 1734/2157, time remaining: 6m 2s
Rendered 1734/2157, time remaining: 6m 2s
Rendered 1735/2157, time remaining: 6m 0s
Rendered 1735/2157, time remaining: 6m 0s
Rendered 1735/2157, time remaining: 6m 0s
Rendered 1735/2157, time remaining: 6m 0s
Rendered 1736/2157, time remaining: 5m 38s
Rendered 1736/2157, time remaining: 5m 38s
Rendered 1736/2157, time remaining: 5m 38s
Rendered 1737/2157, time remaining: 5m 30s
Rendered 1738/2157, time remaining: 5m 26s
Rendered 1739/2157, time remaining: 5m 25s
Rendered 1739/2157, time remaining: 5m 25s
Rendered 1740/2157, time remaining: 5m 15s
Rendered 1740/2157, time remaining: 5m 15s
Rendered 1740/2157, time remaining: 5m 15s
Rendered 1740/2157, time remaining: 5m 15s
Rendered 1740/2157, time remaining: 5m 15s
Rendered 1741/2157, time remaining: 5m 9s
Rendered 1741/2157, time remaining: 5m 9s
Rendered 1742/2157, time remaining: 5m 3s
Rendered 1743/2157, time remaining: 5m 2s
Rendered 1744/2157, time remaining: 5m 1s
Rendered 1744/2157, time remaining: 5m 1s
Rendered 1744/2157, time remaining: 5m 1s
Rendered 1744/2157, time remaining: 5m 1s
Rendered 1744/2157, time remaining: 5m 1s
Rendered 1745/2157, time remaining: 5m 1s
Rendered 1745/2157, time remaining: 5m 1s
Rendered 1745/2157, time remaining: 5m 1s
Rendered 1746/2157, time remaining: 4m 58s
Rendered 1747/2157, time remaining: 4m 58s
Rendered 1748/2157, time remaining: 4m 58s
Rendered 1748/2157, time remaining: 4m 58s
Rendered 1748/2157, time remaining: 4m 58s
Rendered 1748/2157, time remaining: 4m 58s
Rendered 1749/2157, time remaining: 4m 57s
Rendered 1750/2157, time remaining: 4m 53s
Rendered 1750/2157, time remaining: 4m 53s
Rendered 1750/2157, time remaining: 4m 53s
Rendered 1750/2157, time remaining: 4m 53s
Rendered 1751/2157, time remaining: 4m 55s
Rendered 1752/2157, time remaining: 4m 53s
Rendered 1752/2157, time remaining: 4m 53s
Rendered 1752/2157, time remaining: 4m 53s
Rendered 1753/2157, time remaining: 4m 52s
Rendered 1754/2157, time remaining: 4m 49s
Rendered 1754/2157, time remaining: 4m 49s
Rendered 1754/2157, time remaining: 4m 49s
Rendered 1754/2157, time remaining: 4m 49s
Rendered 1755/2157, time remaining: 4m 51s
Rendered 1756/2157, time remaining: 4m 50s
Rendered 1756/2157, time remaining: 4m 50s
Rendered 1756/2157, time remaining: 4m 50s
Rendered 1756/2157, time remaining: 4m 50s
Rendered 1757/2157, time remaining: 4m 50s
Rendered 1758/2157, time remaining: 4m 46s
Rendered 1758/2157, time remaining: 4m 46s
Rendered 1758/2157, time remaining: 4m 46s
Rendered 1758/2157, time remaining: 4m 46s
Rendered 1759/2157, time remaining: 4m 47s
Rendered 1760/2157, time remaining: 4m 45s
Rendered 1760/2157, time remaining: 4m 45s
Rendered 1760/2157, time remaining: 4m 45s
Rendered 1760/2157, time remaining: 4m 45s
Rendered 1761/2157, time remaining: 4m 44s
Rendered 1762/2157, time remaining: 4m 43s
Rendered 1762/2157, time remaining: 4m 43s
Rendered 1762/2157, time remaining: 4m 43s
Rendered 1763/2157, time remaining: 4m 43s
Rendered 1763/2157, time remaining: 4m 43s
Rendered 1763/2157, time remaining: 4m 43s
Rendered 1764/2157, time remaining: 4m 43s
Rendered 1764/2157, time remaining: 4m 43s
Rendered 1764/2157, time remaining: 4m 43s
Rendered 1765/2157, time remaining: 4m 43s
Rendered 1766/2157, time remaining: 4m 41s
Rendered 1766/2157, time remaining: 4m 41s
Rendered 1767/2157, time remaining: 4m 38s
Rendered 1768/2157, time remaining: 4m 37s
Rendered 1768/2157, time remaining: 4m 37s
Rendered 1768/2157, time remaining: 4m 37s
Rendered 1768/2157, time remaining: 4m 37s
Rendered 1768/2157, time remaining: 4m 37s
Rendered 1768/2157, time remaining: 4m 37s
Rendered 1769/2157, time remaining: 4m 40s
Rendered 1770/2157, time remaining: 4m 38s
Rendered 1771/2157, time remaining: 4m 35s
Rendered 1771/2157, time remaining: 4m 35s
Rendered 1772/2157, time remaining: 4m 32s
Rendered 1772/2157, time remaining: 4m 32s
Rendered 1772/2157, time remaining: 4m 32s
Rendered 1772/2157, time remaining: 4m 32s
Rendered 1772/2157, time remaining: 4m 32s
Rendered 1772/2157, time remaining: 4m 32s
Rendered 1773/2157, time remaining: 4m 37s
Rendered 1774/2157, time remaining: 4m 35s
Rendered 1775/2157, time remaining: 4m 32s
Rendered 1775/2157, time remaining: 4m 32s
Rendered 1776/2157, time remaining: 4m 28s
Rendered 1776/2157, time remaining: 4m 28s
Rendered 1776/2157, time remaining: 4m 28s
Rendered 1776/2157, time remaining: 4m 28s
Rendered 1776/2157, time remaining: 4m 28s
Rendered 1777/2157, time remaining: 4m 32s
Rendered 1778/2157, time remaining: 4m 31s
Rendered 1779/2157, time remaining: 4m 26s
Rendered 1779/2157, time remaining: 4m 26s
Rendered 1780/2157, time remaining: 4m 25s
Rendered 1780/2157, time remaining: 4m 25s
Rendered 1780/2157, time remaining: 4m 25s
Rendered 1780/2157, time remaining: 4m 25s
Rendered 1780/2157, time remaining: 4m 25s
Rendered 1781/2157, time remaining: 4m 28s
Rendered 1782/2157, time remaining: 4m 25s
Rendered 1783/2157, time remaining: 4m 22s
Rendered 1783/2157, time remaining: 4m 22s
Rendered 1784/2157, time remaining: 4m 22s
Rendered 1784/2157, time remaining: 4m 22s
Rendered 1784/2157, time remaining: 4m 22s
Rendered 1784/2157, time remaining: 4m 22s
Rendered 1785/2157, time remaining: 4m 21s
Rendered 1785/2157, time remaining: 4m 21s
Rendered 1786/2157, time remaining: 4m 22s
Rendered 1786/2157, time remaining: 4m 22s
Rendered 1787/2157, time remaining: 4m 20s
Rendered 1787/2157, time remaining: 4m 20s
Rendered 1788/2157, time remaining: 4m 18s
Rendered 1788/2157, time remaining: 4m 18s
Rendered 1789/2157, time remaining: 4m 16s
Rendered 1789/2157, time remaining: 4m 16s
Rendered 1789/2157, time remaining: 4m 16s
Rendered 1790/2157, time remaining: 4m 16s
Rendered 1790/2157, time remaining: 4m 16s
Rendered 1791/2157, time remaining: 4m 15s
Rendered 1791/2157, time remaining: 4m 15s
Rendered 1792/2157, time remaining: 4m 13s
Rendered 1792/2157, time remaining: 4m 13s
Rendered 1793/2157, time remaining: 4m 11s
Rendered 1793/2157, time remaining: 4m 11s
Rendered 1793/2157, time remaining: 4m 11s
Rendered 1793/2157, time remaining: 4m 11s
Rendered 1793/2157, time remaining: 4m 11s
Rendered 1794/2157, time remaining: 4m 15s
Rendered 1795/2157, time remaining: 4m 13s
Rendered 1796/2157, time remaining: 4m 9s
Rendered 1796/2157, time remaining: 4m 9s
Rendered 1797/2157, time remaining: 4m 8s
Rendered 1797/2157, time remaining: 4m 8s
Rendered 1797/2157, time remaining: 4m 8s
Rendered 1797/2157, time remaining: 4m 8s
Rendered 1798/2157, time remaining: 4m 10s
Rendered 1798/2157, time remaining: 4m 10s
Rendered 1799/2157, time remaining: 4m 9s
Rendered 1800/2157, time remaining: 4m 6s
Rendered 1800/2157, time remaining: 4m 6s
Rendered 1800/2157, time remaining: 4m 6s
Rendered 1801/2157, time remaining: 4m 5s
Rendered 1801/2157, time remaining: 4m 5s
Rendered 1801/2157, time remaining: 4m 5s
Rendered 1801/2157, time remaining: 4m 5s
Rendered 1802/2157, time remaining: 4m 7s
Rendered 1802/2157, time remaining: 4m 7s
Rendered 1803/2157, time remaining: 4m 5s
Rendered 1804/2157, time remaining: 4m 1s
Rendered 1804/2157, time remaining: 4m 1s
Rendered 1805/2157, time remaining: 4m 1s
Rendered 1805/2157, time remaining: 4m 1s
Rendered 1805/2157, time remaining: 4m 1s
Rendered 1805/2157, time remaining: 4m 1s
Rendered 1805/2157, time remaining: 4m 1s
Rendered 1806/2157, time remaining: 4m 4s
Rendered 1806/2157, time remaining: 4m 4s
Rendered 1807/2157, time remaining: 4m 3s
Rendered 1808/2157, time remaining: 3m 59s
Rendered 1809/2157, time remaining: 3m 58s
Rendered 1809/2157, time remaining: 3m 58s
Rendered 1809/2157, time remaining: 3m 58s
Rendered 1809/2157, time remaining: 3m 58s
Rendered 1810/2157, time remaining: 4m 0s
Rendered 1810/2157, time remaining: 4m 0s
Rendered 1810/2157, time remaining: 4m 0s
Rendered 1811/2157, time remaining: 4m 0s
Rendered 1811/2157, time remaining: 4m 0s
Rendered 1812/2157, time remaining: 3m 57s
Rendered 1812/2157, time remaining: 3m 57s
Rendered 1813/2157, time remaining: 3m 56s
Rendered 1813/2157, time remaining: 3m 56s
Rendered 1814/2157, time remaining: 3m 56s
Rendered 1814/2157, time remaining: 3m 56s
Rendered 1814/2157, time remaining: 3m 56s
Rendered 1815/2157, time remaining: 3m 56s
Rendered 1815/2157, time remaining: 3m 56s
Rendered 1815/2157, time remaining: 3m 56s
Rendered 1816/2157, time remaining: 3m 54s
Rendered 1817/2157, time remaining: 3m 53s
Rendered 1817/2157, time remaining: 3m 53s
Rendered 1818/2157, time remaining: 3m 52s
Rendered 1818/2157, time remaining: 3m 52s
Rendered 1818/2157, time remaining: 3m 52s
Rendered 1818/2157, time remaining: 3m 52s
Rendered 1819/2157, time remaining: 3m 53s
Rendered 1819/2157, time remaining: 3m 53s
Rendered 1820/2157, time remaining: 3m 51s
Rendered 1820/2157, time remaining: 3m 51s
Rendered 1821/2157, time remaining: 3m 49s
Rendered 1822/2157, time remaining: 3m 46s
Rendered 1822/2157, time remaining: 3m 46s
Rendered 1822/2157, time remaining: 3m 46s
Rendered 1822/2157, time remaining: 3m 46s
Rendered 1822/2157, time remaining: 3m 46s
Rendered 1822/2157, time remaining: 3m 46s
Rendered 1823/2157, time remaining: 3m 50s
Rendered 1824/2157, time remaining: 3m 47s
Rendered 1824/2157, time remaining: 3m 47s
Rendered 1825/2157, time remaining: 3m 48s
Rendered 1826/2157, time remaining: 3m 43s
Rendered 1826/2157, time remaining: 3m 43s
Rendered 1826/2157, time remaining: 3m 43s
Rendered 1826/2157, time remaining: 3m 43s
Rendered 1826/2157, time remaining: 3m 43s
Rendered 1827/2157, time remaining: 3m 47s
Rendered 1828/2157, time remaining: 3m 44s
Rendered 1828/2157, time remaining: 3m 44s
Rendered 1829/2157, time remaining: 3m 45s
Rendered 1830/2157, time remaining: 3m 40s
Rendered 1830/2157, time remaining: 3m 40s
Rendered 1830/2157, time remaining: 3m 40s
Rendered 1830/2157, time remaining: 3m 40s
Rendered 1830/2157, time remaining: 3m 40s
Rendered 1830/2157, time remaining: 3m 40s
Rendered 1831/2157, time remaining: 3m 43s
Rendered 1832/2157, time remaining: 3m 41s
Rendered 1832/2157, time remaining: 3m 41s
Rendered 1833/2157, time remaining: 3m 42s
Rendered 1834/2157, time remaining: 3m 38s
Rendered 1834/2157, time remaining: 3m 38s
Rendered 1834/2157, time remaining: 3m 38s
Rendered 1834/2157, time remaining: 3m 38s
Rendered 1835/2157, time remaining: 3m 40s
Rendered 1835/2157, time remaining: 3m 40s
Rendered 1835/2157, time remaining: 3m 40s
Rendered 1836/2157, time remaining: 3m 38s
Rendered 1837/2157, time remaining: 3m 38s
Rendered 1837/2157, time remaining: 3m 38s
Rendered 1838/2157, time remaining: 3m 36s
Rendered 1838/2157, time remaining: 3m 36s
Rendered 1838/2157, time remaining: 3m 36s
Rendered 1839/2157, time remaining: 3m 37s
Rendered 1839/2157, time remaining: 3m 37s
Rendered 1839/2157, time remaining: 3m 37s
Rendered 1840/2157, time remaining: 3m 36s
Rendered 1840/2157, time remaining: 3m 36s
Rendered 1841/2157, time remaining: 3m 36s
Rendered 1842/2157, time remaining: 3m 33s
Rendered 1842/2157, time remaining: 3m 33s
Rendered 1842/2157, time remaining: 3m 33s
Rendered 1843/2157, time remaining: 3m 33s
Rendered 1843/2157, time remaining: 3m 33s
Rendered 1843/2157, time remaining: 3m 33s
Rendered 1843/2157, time remaining: 3m 33s
Rendered 1843/2157, time remaining: 3m 33s
Rendered 1844/2157, time remaining: 3m 34s
Rendered 1845/2157, time remaining: 3m 34s
Rendered 1846/2157, time remaining: 3m 30s
Rendered 1846/2157, time remaining: 3m 30s
Rendered 1847/2157, time remaining: 3m 30s
Rendered 1847/2157, time remaining: 3m 30s
Rendered 1847/2157, time remaining: 3m 30s
Rendered 1847/2157, time remaining: 3m 30s
Rendered 1847/2157, time remaining: 3m 30s
Rendered 1847/2157, time remaining: 3m 30s
Rendered 1848/2157, time remaining: 3m 33s
Rendered 1849/2157, time remaining: 3m 32s
Rendered 1850/2157, time remaining: 3m 29s
Rendered 1850/2157, time remaining: 3m 29s
Rendered 1851/2157, time remaining: 3m 28s
Rendered 1851/2157, time remaining: 3m 28s
Rendered 1851/2157, time remaining: 3m 28s
Rendered 1851/2157, time remaining: 3m 28s
Rendered 1851/2157, time remaining: 3m 28s
Rendered 1852/2157, time remaining: 3m 30s
Rendered 1853/2157, time remaining: 3m 29s
Rendered 1853/2157, time remaining: 3m 29s
Rendered 1854/2157, time remaining: 3m 28s
Rendered 1855/2157, time remaining: 3m 26s
Rendered 1855/2157, time remaining: 3m 26s
Rendered 1855/2157, time remaining: 3m 26s
Rendered 1855/2157, time remaining: 3m 26s
Rendered 1855/2157, time remaining: 3m 26s
Rendered 1855/2157, time remaining: 3m 26s
Rendered 1856/2157, time remaining: 3m 27s
Rendered 1857/2157, time remaining: 3m 24s
Rendered 1858/2157, time remaining: 3m 23s
Rendered 1858/2157, time remaining: 3m 23s
Rendered 1858/2157, time remaining: 3m 23s
Rendered 1859/2157, time remaining: 3m 24s
Rendered 1859/2157, time remaining: 3m 24s
Rendered 1859/2157, time remaining: 3m 24s
Rendered 1860/2157, time remaining: 3m 24s
Rendered 1860/2157, time remaining: 3m 24s
Rendered 1861/2157, time remaining: 3m 21s
Rendered 1861/2157, time remaining: 3m 21s
Rendered 1861/2157, time remaining: 3m 21s
Rendered 1862/2157, time remaining: 3m 22s
Rendered 1862/2157, time remaining: 3m 22s
Rendered 1863/2157, time remaining: 3m 22s
Rendered 1863/2157, time remaining: 3m 22s
Rendered 1863/2157, time remaining: 3m 22s
Rendered 1864/2157, time remaining: 3m 21s
Rendered 1864/2157, time remaining: 3m 21s
Rendered 1865/2157, time remaining: 3m 19s
Rendered 1865/2157, time remaining: 3m 19s
Rendered 1866/2157, time remaining: 3m 18s
Rendered 1866/2157, time remaining: 3m 18s
Rendered 1867/2157, time remaining: 3m 17s
Rendered 1867/2157, time remaining: 3m 17s
Rendered 1867/2157, time remaining: 3m 17s
Rendered 1868/2157, time remaining: 3m 18s
Rendered 1868/2157, time remaining: 3m 18s
Rendered 1869/2157, time remaining: 3m 16s
Rendered 1869/2157, time remaining: 3m 16s
Rendered 1869/2157, time remaining: 3m 16s
Rendered 1870/2157, time remaining: 3m 14s
Rendered 1870/2157, time remaining: 3m 14s
Rendered 1870/2157, time remaining: 3m 14s
Rendered 1871/2157, time remaining: 3m 15s
Rendered 1871/2157, time remaining: 3m 15s
Rendered 1872/2157, time remaining: 3m 16s
Rendered 1873/2157, time remaining: 3m 15s
Rendered 1873/2157, time remaining: 3m 15s
Rendered 1873/2157, time remaining: 3m 15s
Rendered 1873/2157, time remaining: 3m 15s
Rendered 1874/2157, time remaining: 3m 12s
Rendered 1874/2157, time remaining: 3m 12s
Rendered 1874/2157, time remaining: 3m 12s
Rendered 1875/2157, time remaining: 3m 13s
Rendered 1875/2157, time remaining: 3m 13s
Rendered 1876/2157, time remaining: 3m 14s
Rendered 1876/2157, time remaining: 3m 14s
Rendered 1876/2157, time remaining: 3m 14s
Rendered 1877/2157, time remaining: 3m 14s
Rendered 1877/2157, time remaining: 3m 14s
Rendered 1878/2157, time remaining: 3m 10s
Rendered 1878/2157, time remaining: 3m 10s
Rendered 1879/2157, time remaining: 3m 10s
Rendered 1879/2157, time remaining: 3m 10s
Rendered 1879/2157, time remaining: 3m 10s
Rendered 1880/2157, time remaining: 3m 11s
Rendered 1880/2157, time remaining: 3m 11s
Rendered 1881/2157, time remaining: 3m 11s
Rendered 1881/2157, time remaining: 3m 11s
Rendered 1881/2157, time remaining: 3m 11s
Rendered 1882/2157, time remaining: 3m 8s
Rendered 1883/2157, time remaining: 3m 7s
Rendered 1883/2157, time remaining: 3m 7s
Rendered 1883/2157, time remaining: 3m 7s
Rendered 1884/2157, time remaining: 3m 8s
Rendered 1884/2157, time remaining: 3m 8s
Rendered 1885/2157, time remaining: 3m 8s
Rendered 1885/2157, time remaining: 3m 8s
Rendered 1885/2157, time remaining: 3m 8s
Rendered 1885/2157, time remaining: 3m 8s
Rendered 1885/2157, time remaining: 3m 8s
Rendered 1886/2157, time remaining: 3m 8s
Rendered 1887/2157, time remaining: 3m 5s
Rendered 1887/2157, time remaining: 3m 5s
Rendered 1888/2157, time remaining: 3m 5s
Rendered 1888/2157, time remaining: 3m 5s
Rendered 1889/2157, time remaining: 3m 6s
Rendered 1889/2157, time remaining: 3m 6s
Rendered 1889/2157, time remaining: 3m 6s
Rendered 1890/2157, time remaining: 3m 6s
Rendered 1890/2157, time remaining: 3m 6s
Rendered 1890/2157, time remaining: 3m 6s
Rendered 1890/2157, time remaining: 3m 6s
Rendered 1891/2157, time remaining: 3m 4s
Rendered 1892/2157, time remaining: 3m 2s
Rendered 1893/2157, time remaining: 3m 2s
Rendered 1893/2157, time remaining: 3m 2s
Rendered 1893/2157, time remaining: 3m 2s
Rendered 1894/2157, time remaining: 3m 3s
Rendered 1894/2157, time remaining: 3m 3s
Rendered 1894/2157, time remaining: 3m 3s
Rendered 1895/2157, time remaining: 3m 1s
Rendered 1895/2157, time remaining: 3m 1s
Rendered 1896/2157, time remaining: 3m 0s
Rendered 1896/2157, time remaining: 3m 0s
Rendered 1897/2157, time remaining: 2m 59s
Rendered 1897/2157, time remaining: 2m 59s
Rendered 1897/2157, time remaining: 2m 59s
Rendered 1898/2157, time remaining: 3m 0s
Rendered 1898/2157, time remaining: 3m 0s
Rendered 1898/2157, time remaining: 3m 0s
Rendered 1899/2157, time remaining: 2m 59s
Rendered 1899/2157, time remaining: 2m 59s
Rendered 1900/2157, time remaining: 2m 59s
Rendered 1901/2157, time remaining: 2m 56s
Rendered 1901/2157, time remaining: 2m 56s
Rendered 1901/2157, time remaining: 2m 56s
Rendered 1902/2157, time remaining: 2m 57s
Rendered 1902/2157, time remaining: 2m 57s
Rendered 1902/2157, time remaining: 2m 57s
Rendered 1903/2157, time remaining: 2m 56s
Rendered 1903/2157, time remaining: 2m 56s
Rendered 1903/2157, time remaining: 2m 56s
Rendered 1904/2157, time remaining: 2m 56s
Rendered 1904/2157, time remaining: 2m 56s
Rendered 1905/2157, time remaining: 2m 54s
Rendered 1906/2157, time remaining: 2m 54s
Rendered 1906/2157, time remaining: 2m 54s
Rendered 1906/2157, time remaining: 2m 54s
Rendered 1906/2157, time remaining: 2m 54s
Rendered 1906/2157, time remaining: 2m 54s
Rendered 1907/2157, time remaining: 2m 54s
Rendered 1907/2157, time remaining: 2m 54s
Rendered 1908/2157, time remaining: 2m 54s
Rendered 1909/2157, time remaining: 2m 51s
Rendered 1909/2157, time remaining: 2m 51s
Rendered 1910/2157, time remaining: 2m 51s
Rendered 1910/2157, time remaining: 2m 51s
Rendered 1910/2157, time remaining: 2m 51s
Rendered 1910/2157, time remaining: 2m 51s
Rendered 1911/2157, time remaining: 2m 50s
Rendered 1911/2157, time remaining: 2m 50s
Rendered 1911/2157, time remaining: 2m 50s
Rendered 1912/2157, time remaining: 2m 51s
Rendered 1913/2157, time remaining: 2m 48s
Rendered 1914/2157, time remaining: 2m 47s
Rendered 1914/2157, time remaining: 2m 47s
Rendered 1914/2157, time remaining: 2m 47s
Rendered 1915/2157, time remaining: 2m 46s
Rendered 1915/2157, time remaining: 2m 46s
Rendered 1915/2157, time remaining: 2m 46s
Rendered 1915/2157, time remaining: 2m 46s
Rendered 1916/2157, time remaining: 2m 48s
Rendered 1917/2157, time remaining: 2m 47s
Rendered 1917/2157, time remaining: 2m 47s
Rendered 1918/2157, time remaining: 2m 46s
Rendered 1918/2157, time remaining: 2m 46s
Rendered 1918/2157, time remaining: 2m 46s
Rendered 1919/2157, time remaining: 2m 43s
Rendered 1919/2157, time remaining: 2m 43s
Rendered 1919/2157, time remaining: 2m 43s
Rendered 1919/2157, time remaining: 2m 43s
Rendered 1919/2157, time remaining: 2m 43s
Rendered 1920/2157, time remaining: 2m 45s
Rendered 1920/2157, time remaining: 2m 45s
Rendered 1921/2157, time remaining: 2m 46s
Rendered 1922/2157, time remaining: 2m 45s
Rendered 1922/2157, time remaining: 2m 45s
Rendered 1923/2157, time remaining: 2m 41s
Rendered 1923/2157, time remaining: 2m 41s
Rendered 1923/2157, time remaining: 2m 41s
Rendered 1923/2157, time remaining: 2m 41s
Rendered 1924/2157, time remaining: 2m 42s
Rendered 1924/2157, time remaining: 2m 42s
Rendered 1924/2157, time remaining: 2m 42s
Rendered 1924/2157, time remaining: 2m 42s
Rendered 1925/2157, time remaining: 2m 44s
Rendered 1926/2157, time remaining: 2m 43s
Rendered 1927/2157, time remaining: 2m 39s
Rendered 1927/2157, time remaining: 2m 39s
Rendered 1927/2157, time remaining: 2m 39s
Rendered 1927/2157, time remaining: 2m 39s
Rendered 1928/2157, time remaining: 2m 40s
Rendered 1928/2157, time remaining: 2m 40s
Rendered 1928/2157, time remaining: 2m 40s
Rendered 1929/2157, time remaining: 2m 41s
Rendered 1929/2157, time remaining: 2m 41s
Rendered 1930/2157, time remaining: 2m 41s
Rendered 1931/2157, time remaining: 2m 37s
Rendered 1931/2157, time remaining: 2m 37s
Rendered 1932/2157, time remaining: 2m 36s
Rendered 1932/2157, time remaining: 2m 36s
Rendered 1932/2157, time remaining: 2m 36s
Rendered 1933/2157, time remaining: 2m 37s
Rendered 1933/2157, time remaining: 2m 37s
Rendered 1933/2157, time remaining: 2m 37s
Rendered 1933/2157, time remaining: 2m 37s
Rendered 1933/2157, time remaining: 2m 37s
Rendered 1934/2157, time remaining: 2m 39s
Rendered 1935/2157, time remaining: 2m 36s
Rendered 1936/2157, time remaining: 2m 34s
Rendered 1937/2157, time remaining: 2m 33s
Rendered 1937/2157, time remaining: 2m 33s
Rendered 1937/2157, time remaining: 2m 33s
Rendered 1937/2157, time remaining: 2m 33s
Rendered 1937/2157, time remaining: 2m 33s
Rendered 1937/2157, time remaining: 2m 33s
Rendered 1938/2157, time remaining: 2m 35s
Rendered 1939/2157, time remaining: 2m 34s
Rendered 1940/2157, time remaining: 2m 32s
Rendered 1940/2157, time remaining: 2m 32s
Rendered 1941/2157, time remaining: 2m 30s
Rendered 1941/2157, time remaining: 2m 30s
Rendered 1941/2157, time remaining: 2m 30s
Rendered 1941/2157, time remaining: 2m 30s
Rendered 1942/2157, time remaining: 2m 32s
Rendered 1942/2157, time remaining: 2m 32s
Rendered 1942/2157, time remaining: 2m 32s
Rendered 1943/2157, time remaining: 2m 32s
Rendered 1944/2157, time remaining: 2m 28s
Rendered 1944/2157, time remaining: 2m 28s
Rendered 1945/2157, time remaining: 2m 28s
Rendered 1945/2157, time remaining: 2m 28s
Rendered 1945/2157, time remaining: 2m 28s
Rendered 1946/2157, time remaining: 2m 29s
Rendered 1946/2157, time remaining: 2m 29s
Rendered 1947/2157, time remaining: 2m 28s
Rendered 1947/2157, time remaining: 2m 28s
Rendered 1947/2157, time remaining: 2m 28s
Rendered 1948/2157, time remaining: 2m 26s
Rendered 1948/2157, time remaining: 2m 26s
Rendered 1949/2157, time remaining: 2m 26s
Rendered 1949/2157, time remaining: 2m 26s
Rendered 1949/2157, time remaining: 2m 26s
Rendered 1949/2157, time remaining: 2m 26s
Rendered 1950/2157, time remaining: 2m 27s
Rendered 1951/2157, time remaining: 2m 25s
Rendered 1951/2157, time remaining: 2m 25s
Rendered 1952/2157, time remaining: 2m 23s
Rendered 1952/2157, time remaining: 2m 23s
Rendered 1953/2157, time remaining: 2m 23s
Rendered 1953/2157, time remaining: 2m 23s
Rendered 1953/2157, time remaining: 2m 23s
Rendered 1953/2157, time remaining: 2m 23s
Rendered 1954/2157, time remaining: 2m 24s
Rendered 1955/2157, time remaining: 2m 23s
Rendered 1955/2157, time remaining: 2m 23s
Rendered 1955/2157, time remaining: 2m 23s
Rendered 1956/2157, time remaining: 2m 20s
Rendered 1956/2157, time remaining: 2m 20s
Rendered 1957/2157, time remaining: 2m 20s
Rendered 1957/2157, time remaining: 2m 20s
Rendered 1957/2157, time remaining: 2m 20s
Rendered 1958/2157, time remaining: 2m 20s
Rendered 1958/2157, time remaining: 2m 20s
Rendered 1959/2157, time remaining: 2m 20s
Rendered 1959/2157, time remaining: 2m 20s
Rendered 1960/2157, time remaining: 2m 18s
Rendered 1960/2157, time remaining: 2m 18s
Rendered 1961/2157, time remaining: 2m 17s
Rendered 1961/2157, time remaining: 2m 17s
Rendered 1961/2157, time remaining: 2m 17s
Rendered 1961/2157, time remaining: 2m 17s
Rendered 1961/2157, time remaining: 2m 17s
Rendered 1962/2157, time remaining: 2m 18s
Rendered 1963/2157, time remaining: 2m 17s
Rendered 1963/2157, time remaining: 2m 17s
Rendered 1964/2157, time remaining: 2m 16s
Rendered 1965/2157, time remaining: 2m 14s
Rendered 1965/2157, time remaining: 2m 14s
Rendered 1965/2157, time remaining: 2m 14s
Rendered 1965/2157, time remaining: 2m 14s
Rendered 1965/2157, time remaining: 2m 14s
Rendered 1966/2157, time remaining: 2m 15s
Rendered 1966/2157, time remaining: 2m 15s
Rendered 1967/2157, time remaining: 2m 14s
Rendered 1967/2157, time remaining: 2m 14s
Rendered 1968/2157, time remaining: 2m 13s
Rendered 1969/2157, time remaining: 2m 11s
Rendered 1969/2157, time remaining: 2m 11s
Rendered 1969/2157, time remaining: 2m 11s
Rendered 1970/2157, time remaining: 2m 12s
Rendered 1970/2157, time remaining: 2m 12s
Rendered 1971/2157, time remaining: 2m 11s
Rendered 1971/2157, time remaining: 2m 11s
Rendered 1972/2157, time remaining: 2m 10s
Rendered 1972/2157, time remaining: 2m 10s
Rendered 1972/2157, time remaining: 2m 10s
Rendered 1973/2157, time remaining: 2m 8s
Rendered 1973/2157, time remaining: 2m 8s
Rendered 1974/2157, time remaining: 2m 8s
Rendered 1974/2157, time remaining: 2m 8s
Rendered 1974/2157, time remaining: 2m 8s
Rendered 1975/2157, time remaining: 2m 8s
Rendered 1975/2157, time remaining: 2m 8s
Rendered 1976/2157, time remaining: 2m 7s
Rendered 1976/2157, time remaining: 2m 7s
Rendered 1977/2157, time remaining: 2m 5s
Rendered 1977/2157, time remaining: 2m 5s
Rendered 1978/2157, time remaining: 2m 5s
Rendered 1978/2157, time remaining: 2m 5s
Rendered 1978/2157, time remaining: 2m 5s
Rendered 1979/2157, time remaining: 2m 5s
Rendered 1979/2157, time remaining: 2m 5s
Rendered 1980/2157, time remaining: 2m 4s
Rendered 1980/2157, time remaining: 2m 4s
Rendered 1981/2157, time remaining: 2m 2s
Rendered 1981/2157, time remaining: 2m 2s
Rendered 1982/2157, time remaining: 2m 2s
Rendered 1982/2157, time remaining: 2m 2s
Rendered 1982/2157, time remaining: 2m 2s
Rendered 1983/2157, time remaining: 2m 2s
Rendered 1983/2157, time remaining: 2m 2s
Rendered 1983/2157, time remaining: 2m 2s
Rendered 1984/2157, time remaining: 2m 2s
Rendered 1984/2157, time remaining: 2m 2s
Rendered 1985/2157, time remaining: 2m 0s
Rendered 1986/2157, time remaining: 1m 59s
Rendered 1986/2157, time remaining: 1m 59s
Rendered 1986/2157, time remaining: 1m 59s
Rendered 1987/2157, time remaining: 1m 59s
Rendered 1987/2157, time remaining: 1m 59s
Rendered 1987/2157, time remaining: 1m 59s
Rendered 1987/2157, time remaining: 1m 59s
Rendered 1988/2157, time remaining: 1m 59s
Rendered 1989/2157, time remaining: 1m 57s
Rendered 1989/2157, time remaining: 1m 57s
Rendered 1990/2157, time remaining: 1m 56s
Rendered 1990/2157, time remaining: 1m 56s
Rendered 1991/2157, time remaining: 1m 55s
Rendered 1991/2157, time remaining: 1m 55s
Rendered 1991/2157, time remaining: 1m 55s
Rendered 1991/2157, time remaining: 1m 55s
Rendered 1992/2157, time remaining: 1m 56s
Rendered 1992/2157, time remaining: 1m 56s
Rendered 1992/2157, time remaining: 1m 56s
Rendered 1993/2157, time remaining: 1m 56s
Rendered 1993/2157, time remaining: 1m 56s
Rendered 1994/2157, time remaining: 1m 53s
Rendered 1995/2157, time remaining: 1m 52s
Rendered 1995/2157, time remaining: 1m 52s
Rendered 1995/2157, time remaining: 1m 52s
Rendered 1996/2157, time remaining: 1m 53s
Rendered 1996/2157, time remaining: 1m 53s
Rendered 1996/2157, time remaining: 1m 53s
Rendered 1997/2157, time remaining: 1m 53s
Rendered 1997/2157, time remaining: 1m 53s
Rendered 1998/2157, time remaining: 1m 50s
Rendered 1998/2157, time remaining: 1m 50s
Rendered 1999/2157, time remaining: 1m 49s
Rendered 1999/2157, time remaining: 1m 49s
Rendered 1999/2157, time remaining: 1m 49s
Rendered 2000/2157, time remaining: 1m 50s
Rendered 2000/2157, time remaining: 1m 50s
Rendered 2000/2157, time remaining: 1m 50s
Rendered 2001/2157, time remaining: 1m 50s
Rendered 2002/2157, time remaining: 1m 47s
Rendered 2002/2157, time remaining: 1m 47s
Rendered 2003/2157, time remaining: 1m 47s
Rendered 2003/2157, time remaining: 1m 47s
Rendered 2003/2157, time remaining: 1m 47s
Rendered 2003/2157, time remaining: 1m 47s
Rendered 2004/2157, time remaining: 1m 47s
Rendered 2004/2157, time remaining: 1m 47s
Rendered 2005/2157, time remaining: 1m 47s
Rendered 2005/2157, time remaining: 1m 47s
Rendered 2006/2157, time remaining: 1m 44s
Rendered 2006/2157, time remaining: 1m 44s
Rendered 2007/2157, time remaining: 1m 44s
Rendered 2007/2157, time remaining: 1m 44s
Rendered 2007/2157, time remaining: 1m 44s
Rendered 2007/2157, time remaining: 1m 44s
Rendered 2008/2157, time remaining: 1m 45s
Rendered 2009/2157, time remaining: 1m 43s
Rendered 2009/2157, time remaining: 1m 43s
Rendered 2010/2157, time remaining: 1m 42s
Rendered 2010/2157, time remaining: 1m 42s
Rendered 2010/2157, time remaining: 1m 42s
Rendered 2011/2157, time remaining: 1m 42s
Rendered 2011/2157, time remaining: 1m 42s
Rendered 2011/2157, time remaining: 1m 42s
Rendered 2012/2157, time remaining: 1m 41s
Rendered 2012/2157, time remaining: 1m 41s
Rendered 2013/2157, time remaining: 1m 40s
Rendered 2013/2157, time remaining: 1m 40s
Rendered 2014/2157, time remaining: 1m 39s
Rendered 2014/2157, time remaining: 1m 39s
Rendered 2015/2157, time remaining: 1m 39s
Rendered 2015/2157, time remaining: 1m 39s
Rendered 2015/2157, time remaining: 1m 39s
Rendered 2016/2157, time remaining: 1m 38s
Rendered 2016/2157, time remaining: 1m 38s
Rendered 2016/2157, time remaining: 1m 38s
Rendered 2016/2157, time remaining: 1m 38s
Rendered 2017/2157, time remaining: 1m 38s
Rendered 2018/2157, time remaining: 1m 37s
Rendered 2019/2157, time remaining: 1m 36s
Rendered 2019/2157, time remaining: 1m 36s
Rendered 2019/2157, time remaining: 1m 36s
Rendered 2020/2157, time remaining: 1m 35s
Rendered 2020/2157, time remaining: 1m 35s
Rendered 2020/2157, time remaining: 1m 35s
Rendered 2020/2157, time remaining: 1m 35s
Rendered 2021/2157, time remaining: 1m 35s
Rendered 2022/2157, time remaining: 1m 34s
Rendered 2022/2157, time remaining: 1m 34s
Rendered 2023/2157, time remaining: 1m 33s
Rendered 2023/2157, time remaining: 1m 33s
Rendered 2024/2157, time remaining: 1m 32s
Rendered 2024/2157, time remaining: 1m 32s
Rendered 2024/2157, time remaining: 1m 32s
Rendered 2024/2157, time remaining: 1m 32s
Rendered 2025/2157, time remaining: 1m 32s
Rendered 2025/2157, time remaining: 1m 32s
Rendered 2026/2157, time remaining: 1m 30s
Rendered 2027/2157, time remaining: 1m 30s
Rendered 2027/2157, time remaining: 1m 30s
Rendered 2028/2157, time remaining: 1m 28s
Rendered 2028/2157, time remaining: 1m 28s
Rendered 2028/2157, time remaining: 1m 28s
Rendered 2028/2157, time remaining: 1m 28s
Rendered 2028/2157, time remaining: 1m 28s
Rendered 2029/2157, time remaining: 1m 29s
Rendered 2030/2157, time remaining: 1m 28s
Rendered 2031/2157, time remaining: 1m 27s
Rendered 2031/2157, time remaining: 1m 27s
Rendered 2032/2157, time remaining: 1m 26s
Rendered 2032/2157, time remaining: 1m 26s
Rendered 2032/2157, time remaining: 1m 26s
Rendered 2032/2157, time remaining: 1m 26s
Rendered 2032/2157, time remaining: 1m 26s
Rendered 2032/2157, time remaining: 1m 26s
Rendered 2033/2157, time remaining: 1m 26s
Rendered 2034/2157, time remaining: 1m 25s
Rendered 2035/2157, time remaining: 1m 24s
Rendered 2035/2157, time remaining: 1m 24s
Rendered 2036/2157, time remaining: 1m 22s
Rendered 2036/2157, time remaining: 1m 22s
Rendered 2036/2157, time remaining: 1m 22s
Rendered 2036/2157, time remaining: 1m 22s
Rendered 2037/2157, time remaining: 1m 23s
Rendered 2037/2157, time remaining: 1m 23s
Rendered 2038/2157, time remaining: 1m 22s
Rendered 2039/2157, time remaining: 1m 21s
Rendered 2039/2157, time remaining: 1m 21s
Rendered 2039/2157, time remaining: 1m 21s
Rendered 2040/2157, time remaining: 1m 20s
Rendered 2040/2157, time remaining: 1m 20s
Rendered 2040/2157, time remaining: 1m 20s
Rendered 2040/2157, time remaining: 1m 20s
Rendered 2041/2157, time remaining: 1m 20s
Rendered 2041/2157, time remaining: 1m 20s
Rendered 2042/2157, time remaining: 1m 20s
Rendered 2043/2157, time remaining: 1m 19s
Rendered 2043/2157, time remaining: 1m 19s
Rendered 2044/2157, time remaining: 1m 17s
Rendered 2044/2157, time remaining: 1m 17s
Rendered 2044/2157, time remaining: 1m 17s
Rendered 2044/2157, time remaining: 1m 17s
Rendered 2044/2157, time remaining: 1m 17s
Rendered 2045/2157, time remaining: 1m 18s
Rendered 2045/2157, time remaining: 1m 18s
Rendered 2045/2157, time remaining: 1m 18s
Rendered 2045/2157, time remaining: 1m 18s
Rendered 2046/2157, time remaining: 1m 17s
Rendered 2047/2157, time remaining: 1m 17s
Rendered 2048/2157, time remaining: 1m 15s
Rendered 2048/2157, time remaining: 1m 15s
Rendered 2048/2157, time remaining: 1m 15s
Rendered 2049/2157, time remaining: 1m 14s
Rendered 2049/2157, time remaining: 1m 14s
Rendered 2049/2157, time remaining: 1m 14s
Rendered 2049/2157, time remaining: 1m 14s
Rendered 2050/2157, time remaining: 1m 15s
Rendered 2051/2157, time remaining: 1m 14s
Rendered 2052/2157, time remaining: 1m 12s
Rendered 2052/2157, time remaining: 1m 12s
Rendered 2052/2157, time remaining: 1m 12s
Rendered 2052/2157, time remaining: 1m 12s
Rendered 2052/2157, time remaining: 1m 12s
Rendered 2052/2157, time remaining: 1m 12s
Rendered 2053/2157, time remaining: 1m 13s
Rendered 2054/2157, time remaining: 1m 11s
Rendered 2054/2157, time remaining: 1m 11s
Rendered 2055/2157, time remaining: 1m 11s
Rendered 2056/2157, time remaining: 1m 10s
Rendered 2056/2157, time remaining: 1m 10s
Rendered 2056/2157, time remaining: 1m 10s
Rendered 2056/2157, time remaining: 1m 10s
Rendered 2057/2157, time remaining: 1m 9s
Rendered 2057/2157, time remaining: 1m 9s
Rendered 2057/2157, time remaining: 1m 9s
Rendered 2057/2157, time remaining: 1m 9s
Rendered 2058/2157, time remaining: 1m 9s
Rendered 2059/2157, time remaining: 1m 8s
Rendered 2060/2157, time remaining: 1m 7s
Rendered 2060/2157, time remaining: 1m 7s
Rendered 2061/2157, time remaining: 1m 6s
Rendered 2061/2157, time remaining: 1m 6s
Rendered 2061/2157, time remaining: 1m 6s
Rendered 2061/2157, time remaining: 1m 6s
Rendered 2062/2157, time remaining: 1m 6s
Rendered 2062/2157, time remaining: 1m 6s
Rendered 2063/2157, time remaining: 1m 5s
Rendered 2063/2157, time remaining: 1m 5s
Rendered 2064/2157, time remaining: 1m 5s
Rendered 2064/2157, time remaining: 1m 5s
Rendered 2065/2157, time remaining: 1m 4s
Rendered 2065/2157, time remaining: 1m 4s
Rendered 2065/2157, time remaining: 1m 4s
Rendered 2065/2157, time remaining: 1m 4s
Rendered 2066/2157, time remaining: 1m 3s
Rendered 2067/2157, time remaining: 1m 2s
Rendered 2067/2157, time remaining: 1m 2s
Rendered 2068/2157, time remaining: 1m 2s
Rendered 2068/2157, time remaining: 1m 2s
Rendered 2069/2157, time remaining: 1m 1s
Rendered 2069/2157, time remaining: 1m 1s
Rendered 2069/2157, time remaining: 1m 1s
Rendered 2069/2157, time remaining: 1m 1s
Rendered 2070/2157, time remaining: 1m 0s
Rendered 2070/2157, time remaining: 1m 0s
Rendered 2071/2157, time remaining: 59s
Rendered 2071/2157, time remaining: 59s
Rendered 2072/2157, time remaining: 58s
Rendered 2072/2157, time remaining: 58s
Rendered 2073/2157, time remaining: 58s
Rendered 2073/2157, time remaining: 58s
Rendered 2074/2157, time remaining: 57s
Rendered 2074/2157, time remaining: 57s
Rendered 2074/2157, time remaining: 57s
Rendered 2075/2157, time remaining: 56s
Rendered 2075/2157, time remaining: 56s
Rendered 2075/2157, time remaining: 56s
Rendered 2075/2157, time remaining: 56s
Rendered 2075/2157, time remaining: 56s
Rendered 2076/2157, time remaining: 56s
Rendered 2077/2157, time remaining: 55s
Rendered 2078/2157, time remaining: 54s
Rendered 2078/2157, time remaining: 54s
Rendered 2078/2157, time remaining: 54s
Rendered 2079/2157, time remaining: 53s
Rendered 2079/2157, time remaining: 53s
Rendered 2079/2157, time remaining: 53s
Rendered 2079/2157, time remaining: 53s
Rendered 2080/2157, time remaining: 53s
Rendered 2081/2157, time remaining: 52s
Rendered 2082/2157, time remaining: 51s
Rendered 2082/2157, time remaining: 51s
Rendered 2082/2157, time remaining: 51s
Rendered 2082/2157, time remaining: 51s
Rendered 2083/2157, time remaining: 51s
Rendered 2083/2157, time remaining: 51s
Rendered 2083/2157, time remaining: 51s
Rendered 2083/2157, time remaining: 51s
Rendered 2084/2157, time remaining: 50s
Rendered 2085/2157, time remaining: 49s
Rendered 2086/2157, time remaining: 49s
Rendered 2086/2157, time remaining: 49s
Rendered 2086/2157, time remaining: 49s
Rendered 2086/2157, time remaining: 49s
Rendered 2086/2157, time remaining: 49s
Rendered 2086/2157, time remaining: 49s
Rendered 2087/2157, time remaining: 49s
Rendered 2087/2157, time remaining: 49s
Rendered 2088/2157, time remaining: 47s
Rendered 2089/2157, time remaining: 47s
Rendered 2089/2157, time remaining: 47s
Rendered 2090/2157, time remaining: 46s
Rendered 2090/2157, time remaining: 46s
Rendered 2090/2157, time remaining: 46s
Rendered 2090/2157, time remaining: 46s
Rendered 2091/2157, time remaining: 46s
Rendered 2091/2157, time remaining: 46s
Rendered 2092/2157, time remaining: 45s
Rendered 2092/2157, time remaining: 45s
Rendered 2092/2157, time remaining: 45s
Rendered 2093/2157, time remaining: 44s
Rendered 2094/2157, time remaining: 43s
Rendered 2094/2157, time remaining: 43s
Rendered 2094/2157, time remaining: 43s
Rendered 2095/2157, time remaining: 43s
Rendered 2095/2157, time remaining: 43s
Rendered 2095/2157, time remaining: 43s
Rendered 2096/2157, time remaining: 42s
Rendered 2096/2157, time remaining: 42s
Rendered 2097/2157, time remaining: 41s
Rendered 2097/2157, time remaining: 41s
Rendered 2098/2157, time remaining: 41s
Rendered 2098/2157, time remaining: 41s
Rendered 2098/2157, time remaining: 41s
Rendered 2098/2157, time remaining: 41s
Rendered 2099/2157, time remaining: 40s
Rendered 2099/2157, time remaining: 40s
Rendered 2100/2157, time remaining: 39s
Rendered 2101/2157, time remaining: 39s
Rendered 2101/2157, time remaining: 39s
Rendered 2101/2157, time remaining: 39s
Rendered 2102/2157, time remaining: 38s
Rendered 2102/2157, time remaining: 38s
Rendered 2102/2157, time remaining: 38s
Rendered 2103/2157, time remaining: 37s
Rendered 2103/2157, time remaining: 37s
Rendered 2104/2157, time remaining: 36s
Rendered 2105/2157, time remaining: 36s
Rendered 2105/2157, time remaining: 36s
Rendered 2105/2157, time remaining: 36s
Rendered 2105/2157, time remaining: 36s
Rendered 2105/2157, time remaining: 36s
Rendered 2106/2157, time remaining: 36s
Rendered 2107/2157, time remaining: 35s
Rendered 2107/2157, time remaining: 35s
Rendered 2107/2157, time remaining: 35s
Rendered 2108/2157, time remaining: 34s
Rendered 2109/2157, time remaining: 33s
Rendered 2109/2157, time remaining: 33s
Rendered 2109/2157, time remaining: 33s
Rendered 2109/2157, time remaining: 33s
Rendered 2109/2157, time remaining: 33s
Rendered 2110/2157, time remaining: 33s
Rendered 2110/2157, time remaining: 33s
Rendered 2111/2157, time remaining: 32s
Rendered 2112/2157, time remaining: 31s
Rendered 2113/2157, time remaining: 30s
Rendered 2113/2157, time remaining: 30s
Rendered 2113/2157, time remaining: 30s
Rendered 2113/2157, time remaining: 30s
Rendered 2113/2157, time remaining: 30s
Rendered 2114/2157, time remaining: 30s
Rendered 2114/2157, time remaining: 30s
Rendered 2115/2157, time remaining: 29s
Rendered 2116/2157, time remaining: 28s
Rendered 2116/2157, time remaining: 28s
Rendered 2117/2157, time remaining: 27s
Rendered 2117/2157, time remaining: 27s
Rendered 2117/2157, time remaining: 27s
Rendered 2117/2157, time remaining: 27s
Rendered 2117/2157, time remaining: 27s
Rendered 2117/2157, time remaining: 27s
Rendered 2118/2157, time remaining: 27s
Rendered 2119/2157, time remaining: 26s
Rendered 2119/2157, time remaining: 26s
Rendered 2120/2157, time remaining: 25s
Rendered 2121/2157, time remaining: 25s
Rendered 2121/2157, time remaining: 25s
Rendered 2121/2157, time remaining: 25s
Rendered 2121/2157, time remaining: 25s
Rendered 2121/2157, time remaining: 25s
Rendered 2122/2157, time remaining: 24s
Rendered 2122/2157, time remaining: 24s
Rendered 2123/2157, time remaining: 24s
Rendered 2124/2157, time remaining: 23s
Rendered 2124/2157, time remaining: 23s
Rendered 2125/2157, time remaining: 22s
Rendered 2125/2157, time remaining: 22s
Rendered 2125/2157, time remaining: 22s
Rendered 2125/2157, time remaining: 22s
Rendered 2126/2157, time remaining: 21s
Rendered 2126/2157, time remaining: 21s
Rendered 2127/2157, time remaining: 21s
Rendered 2127/2157, time remaining: 21s
Rendered 2128/2157, time remaining: 20s
Rendered 2128/2157, time remaining: 20s
Rendered 2129/2157, time remaining: 19s
Rendered 2129/2157, time remaining: 19s
Rendered 2129/2157, time remaining: 19s
Rendered 2130/2157, time remaining: 19s
Rendered 2130/2157, time remaining: 19s
Rendered 2131/2157, time remaining: 18s
Rendered 2131/2157, time remaining: 18s
Rendered 2132/2157, time remaining: 17s
Rendered 2132/2157, time remaining: 17s
Rendered 2133/2157, time remaining: 16s
Rendered 2133/2157, time remaining: 16s
Rendered 2133/2157, time remaining: 16s
Rendered 2133/2157, time remaining: 16s
Rendered 2133/2157, time remaining: 16s
Rendered 2133/2157, time remaining: 16s
Rendered 2134/2157, time remaining: 16s
Rendered 2135/2157, time remaining: 15s
Rendered 2136/2157, time remaining: 14s
Rendered 2136/2157, time remaining: 14s
Rendered 2137/2157, time remaining: 14s
Rendered 2137/2157, time remaining: 14s
Rendered 2137/2157, time remaining: 14s
Rendered 2137/2157, time remaining: 14s
Rendered 2137/2157, time remaining: 14s
Rendered 2138/2157, time remaining: 13s
Rendered 2138/2157, time remaining: 13s
Rendered 2139/2157, time remaining: 12s
Rendered 2140/2157, time remaining: 12s
Rendered 2140/2157, time remaining: 12s
Rendered 2141/2157, time remaining: 11s
Rendered 2141/2157, time remaining: 11s
Rendered 2141/2157, time remaining: 11s
Rendered 2142/2157, time remaining: 10s
Rendered 2142/2157, time remaining: 10s
Rendered 2142/2157, time remaining: 10s
Rendered 2143/2157, time remaining: 9s
Rendered 2143/2157, time remaining: 9s
Rendered 2144/2157, time remaining: 9s
Rendered 2145/2157, time remaining: 8s
Rendered 2145/2157, time remaining: 8s
Rendered 2145/2157, time remaining: 8s
Rendered 2145/2157, time remaining: 8s
Rendered 2146/2157, time remaining: 7s
Rendered 2146/2157, time remaining: 7s
Rendered 2147/2157, time remaining: 7s
Rendered 2147/2157, time remaining: 7s
Rendered 2148/2157, time remaining: 6s
Rendered 2148/2157, time remaining: 6s
Rendered 2149/2157, time remaining: 5s
Rendered 2149/2157, time remaining: 5s
Rendered 2149/2157, time remaining: 5s
Rendered 2150/2157, time remaining: 4s
Rendered 2150/2157, time remaining: 4s
Rendered 2151/2157, time remaining: 4s
Rendered 2151/2157, time remaining: 4s
Rendered 2151/2157, time remaining: 4s
Rendered 2152/2157, time remaining: 3s
Rendered 2152/2157, time remaining: 3s
Rendered 2153/2157, time remaining: 2s
Rendered 2153/2157, time remaining: 2s
Rendered 2153/2157, time remaining: 2s
Rendered 2154/2157, time remaining: 2s
Rendered 2154/2157, time remaining: 2s
Rendered 2155/2157, time remaining: 1s
Rendered 2155/2157, time remaining: 1s
Rendered 2156/2157, time remaining: 0s
Encoded 1683/2157
Encoded 1690/2157
Encoded 1710/2157
Encoded 1726/2157
Encoded 2157/2157
+                    ../out/xmas/xmas-video.mp4 47 MB
done
